[08Aug2026 00:00:13.914] [Server thread/INFO] [net.minecraft.server.MinecraftServer/]: emilaviv was slain by Megatuber06
[08Aug2026 00:00:13.918] [Server thread/INFO] [Enigmatic Legacy/INFO]: Summoned Extradimensional Storage Crystal for emilaviv at X: -735.9582322874321, Y: 64.0, Z: -2354.5047088998276
[08Aug2026 00:00:13.971] [Server thread/INFO] [net.minecraft.server.MinecraftServer/]: Megatuber06 has made the advancement [Elemental Might]
[08Aug2026 00:00:13.971] [Server thread/INFO] [Enigmatic Legacy/INFO]: Player Megatuber06 picking up: PermanentItemEntity['Extradimensional Vessel'/583273, l='ServerLevel[world]', x=-735.96, y=65.50, z=-2354.50]
[08Aug2026 00:00:13.972] [Server thread/WARN] [Enigmatic Legacy/WARNING]: [WARN] Removing Permanent Item Entity: PermanentItemEntity['Extradimensional Vessel'/583273, l='ServerLevel[world]', x=-735.96, y=65.50, z=-2354.50]
[08Aug2026 00:00:16.363] [Server thread/ERROR] [AllTheLeaks/]: Cannot have null removal reason on Clone event!
[08Aug2026 00:01:21.792] [Server thread/INFO] [net.minecraft.server.MinecraftServer/]: Megatuber06 was slain by Direwolf
[08Aug2026 00:01:21.794] [Server thread/INFO] [Enigmatic Legacy/INFO]: Summoned Extradimensional Storage Crystal for Megatuber06 at X: -742.5528565861632, Y: 64.0, Z: -2311.465416116349
[08Aug2026 00:01:23.103] [Server thread/ERROR] [AllTheLeaks/]: Cannot have null removal reason on Clone event!
[08Aug2026 00:01:32.195] [Server thread/INFO] [Enigmatic Legacy/INFO]: Player Megatuber06 picking up: PermanentItemEntity['Extradimensional Vessel'/584121, l='ServerLevel[world]', x=-742.55, y=65.50, z=-2311.47]
[08Aug2026 00:01:32.195] [Server thread/WARN] [Enigmatic Legacy/WARNING]: [WARN] Removing Permanent Item Entity: PermanentItemEntity['Extradimensional Vessel'/584121, l='ServerLevel[world]', x=-742.55, y=65.50, z=-2311.47]
[08Aug2026 00:03:56.091] [Server thread/INFO] [net.minecraft.server.MinecraftServer/]: emilaviv was killed by magic
[08Aug2026 00:03:56.122] [Server thread/INFO] [Enigmatic Legacy/INFO]: Summoned Extradimensional Storage Crystal for emilaviv at X: -704.5088265770457, Y: 68.0, Z: -2323.4438270431656
[08Aug2026 00:04:00.401] [Server thread/ERROR] [AllTheLeaks/]: Cannot have null removal reason on Clone event!
[08Aug2026 00:04:05.613] [Server thread/INFO] [net.minecraft.server.MinecraftServer/]: [Not Secure] <Megatuber06> bro
[08Aug2026 00:04:16.998] [Server thread/INFO] [Enigmatic Legacy/INFO]: Player emilaviv picking up: PermanentItemEntity['Extradimensional Vessel'/585184, l='ServerLevel[world]', x=-704.51, y=69.50, z=-2323.44]
[08Aug2026 00:04:16.999] [Server thread/WARN] [Enigmatic Legacy/WARNING]: [WARN] Removing Permanent Item Entity: PermanentItemEntity['Extradimensional Vessel'/585184, l='ServerLevel[world]', x=-704.51, y=69.50, z=-2323.44]
[08Aug2026 00:04:31.645] [Server thread/INFO] [net.minecraft.server.players.PlayerList/]: xClas06[/10.166.13.156:59806] logged in with entity id 585545 at (137.5, 64.0, 60.5)
[08Aug2026 00:04:31.649] [Server thread/INFO] [ModdingLegacy/blue_skies/]: Sending ToolHandleTypeManager to xClas06
[08Aug2026 00:04:31.649] [Server thread/INFO] [ModdingLegacy/blue_skies/]: Sending SnowcapOvenFreezingManager to xClas06
[08Aug2026 00:04:31.649] [Server thread/INFO] [ModdingLegacy/blue_skies/]: Sending HorizoniteForgeFuelManager to xClas06
[08Aug2026 00:04:31.650] [Server thread/INFO] [ModdingLegacy/blue_skies/]: Sending AlchemyRecipeManager to xClas06
[08Aug2026 00:04:31.651] [Server thread/INFO] [ModdingLegacy/blue_skies/]: Sending JournalEntryManager to xClas06
[08Aug2026 00:04:31.652] [Server thread/INFO] [ModdingLegacy/blue_skies/]: Sending JournalSectionManager to xClas06
[08Aug2026 00:04:31.652] [Server thread/INFO] [ModdingLegacy/blue_skies/]: Sending JournalRequirementManager to xClas06
[08Aug2026 00:04:31.678] [Server thread/INFO] [ModernFix/]: Using enhanced recipe sync for player xClas06
[08Aug2026 00:04:31.680] [Server thread/INFO] [net.minecraft.server.MinecraftServer/]: xClas06 joined the game
[08Aug2026 00:04:31.793] [Server thread/INFO] [xaero.pac.OpenPartiesAndClaims/]: Updating all forceload tickets for 3dd7239d-b3eb-39bc-adfc-5add3f237d18
[08Aug2026 00:04:31.829] [Server thread/INFO] [se.mickelus.tetra.data.DataManager/]: Sending data to client: xClas06
[08Aug2026 00:04:31.863] [Server thread/INFO] [Jade/]: Syncing config to xClas06 (3dd7239d-b3eb-39bc-adfc-5add3f237d18)
[08Aug2026 00:04:31.986] [Server thread/INFO] [Enigmatic Legacy/INFO]: Synchronizing omniconfig files to xClas06...
[08Aug2026 00:04:31.986] [Server thread/INFO] [Enigmatic Legacy/INFO]: Sending data for enigmaticaddons-common.omniconf
[08Aug2026 00:04:31.988] [Server thread/INFO] [Enigmatic Legacy/INFO]: Sending data for enigmaticlegacy-common.omniconf
[08Aug2026 00:04:31.989] [Server thread/INFO] [Enigmatic Legacy/INFO]: Granting starter gear to xClas06
[08Aug2026 00:04:32.103] [Server thread/INFO] [net.minecraft.server.MinecraftServer/]: xClas06 has made the advancement [Integrated Dungeons and Structures]
[08Aug2026 00:04:35.008] [Server thread/INFO] [org.betterx.worlds.together.util.Logger/]: [bclib] Received Hello from Client. (server=3.0.14, client=3.0.14)
[08Aug2026 00:04:35.008] [Server thread/INFO] [org.betterx.worlds.together.util.Logger/]: [bclib] Sending Hello to Client. (server=3.0.14)
[08Aug2026 00:04:35.008] [Server thread/INFO] [org.betterx.worlds.together.util.Logger/]: [bclib] 	- Listing Mod bclib v3.0.14 (size: 2.2 MiB, download=true)
[08Aug2026 00:04:35.009] [Server thread/INFO] [org.betterx.worlds.together.util.Logger/]: [bclib] 	- Offering Config bclib.CONFIG_betterend.entities
[08Aug2026 00:04:35.009] [Server thread/INFO] [org.betterx.worlds.together.util.Logger/]: [bclib] 	- Offering Config bclib.CONFIG_betterend.blocks
[08Aug2026 00:04:35.009] [Server thread/INFO] [org.betterx.worlds.together.util.Logger/]: [bclib] 	- Offering Config bclib.CONFIG_betterend.items
[08Aug2026 00:04:35.009] [Server thread/INFO] [org.betterx.worlds.together.util.Logger/]: [bclib] 	- Offering Config bclib.CONFIG_betterend.enchantments
[08Aug2026 00:04:35.009] [Server thread/INFO] [org.betterx.worlds.together.util.Logger/]: [bclib] 	- Offering Config bclib.CONFIG_bclib.generator
[08Aug2026 00:04:35.017] [Server thread/INFO] [org.betterx.worlds.together.util.Logger/]: [bclib] 	- Offering Config bclib.CONFIG_bclib.main
[08Aug2026 00:04:35.017] [Server thread/INFO] [org.betterx.worlds.together.util.Logger/]: [bclib] 	- Offering Config bclib.CONFIG_bclib.biomes
[08Aug2026 00:04:35.017] [Server thread/INFO] [org.betterx.worlds.together.util.Logger/]: [bclib] 	- Offering Folder /workspaces/ringoo/servidor_minecraft/bclib-sync (allowDelete=true)
[08Aug2026 00:04:35.018] [Server thread/INFO] [ImprovableSkills/]: Sending skill data to xClas06 (3dd7239d-b3eb-39bc-adfc-5add3f237d18)
[08Aug2026 00:06:50.660] [Server thread/INFO] [net.minecraft.server.MinecraftServer/]: xClas06 has made the advancement [Inhospitable]
[08Aug2026 00:07:00.769] [Server thread/INFO] [net.minecraft.server.MinecraftServer/]: [emilaviv: Teleported xClas06 to -650.330000, 67.000000, -2305.550000]
[08Aug2026 00:07:32.668] [Server thread/WARN] [net.minecraft.world.level.entity.PersistentEntitySectionManager/]: UUID of added entity already exists: Zombie['Zombie'/587898, l='ServerLevel[world]', x=-773.50, y=23.00, z=-2276.50]
[08Aug2026 00:08:14.965] [Server thread/INFO] [net.minecraft.server.MinecraftServer/]: xClas06 has made the advancement [Acquire Hardware]
[08Aug2026 00:08:42.395] [Server thread/INFO] [net.minecraft.server.MinecraftServer/]: xClas06 has made the advancement [I'd Take a Deep Breath...]
[08Aug2026 00:08:42.395] [Server thread/INFO] [net.minecraft.server.MinecraftServer/]: xClas06 has reached the goal [... And Hold It]
[08Aug2026 00:08:42.395] [Server thread/INFO] [net.minecraft.server.MinecraftServer/]: xClas06 has made the advancement [Thin Air]
[08Aug2026 00:08:53.946] [Server thread/INFO] [AllTheLeaks/]: Listing events...
[08Aug2026 00:08:53.946] [Server thread/INFO] [AllTheLeaks/]: Server Player Clone: 15
[08Aug2026 00:08:53.946] [Server thread/INFO] [AllTheLeaks/]:   Invalid Cloned Players: 15
[08Aug2026 00:08:53.946] [Server thread/INFO] [AllTheLeaks/]: Server Player Logout: 7
[08Aug2026 00:08:53.947] [Server thread/INFO] [AllTheLeaks/]: Listing memory leaks so far...
[08Aug2026 00:08:53.947] [Server thread/INFO] [AllTheLeaks/]: B: 1815MB / C: 2188MB / Diff: +373MB
[08Aug2026 00:08:53.947] [Server thread/INFO] [AllTheLeaks/]: Memory Leaks detected: (/atl force_refresh to update)
[08Aug2026 00:08:53.947] [Server thread/INFO] [AllTheLeaks/]: | Player:
[08Aug2026 00:08:53.947] [Server thread/INFO] [AllTheLeaks/]: |- ServerPlayer (minecraft): 19
[08Aug2026 00:08:53.947] [Server thread/INFO] [AllTheLeaks/]: | ChunkAccess:
[08Aug2026 00:08:53.947] [Server thread/INFO] [AllTheLeaks/]: |- LevelChunk (minecraft): 31
[08Aug2026 00:09:14.605] [Server thread/INFO] [net.minecraft.server.MinecraftServer/]: xClas06 has made the advancement [Hunt and Gather]
[08Aug2026 00:09:42.927] [Server thread/WARN] [ModernFix/]: Skipped emitting ENTITY_MOUNT game event for entity SeatEntity['Seat'/591999, l='ServerLevel[world]', x=-843.50, y=67.00, z=-2595.50] as it would cause deadlock
[08Aug2026 00:09:46.543] [Server thread/WARN] [ModernFix/]: Skipped emitting ENTITY_MOUNT game event for entity SeatEntity['Seat'/592373, l='ServerLevel[world]', x=-843.50, y=67.00, z=-2595.50] as it would cause deadlock
[08Aug2026 00:09:48.505] [Server thread/WARN] [ModernFix/]: Skipped emitting ENTITY_MOUNT game event for entity SeatEntity['Seat'/592537, l='ServerLevel[world]', x=-843.50, y=67.00, z=-2595.50] as it would cause deadlock
[08Aug2026 00:09:49.407] [Server thread/WARN] [ModernFix/]: Skipped emitting ENTITY_MOUNT game event for entity SeatEntity['Seat'/592680, l='ServerLevel[world]', x=-843.50, y=67.00, z=-2595.50] as it would cause deadlock
[08Aug2026 00:09:50.249] [Server thread/WARN] [ModernFix/]: Skipped emitting ENTITY_MOUNT game event for entity SeatEntity['Seat'/592728, l='ServerLevel[world]', x=-843.50, y=67.00, z=-2595.50] as it would cause deadlock
[08Aug2026 00:09:53.162] [Server thread/WARN] [ModernFix/]: Skipped emitting ENTITY_MOUNT game event for entity SeatEntity['Seat'/592949, l='ServerLevel[world]', x=-843.50, y=67.00, z=-2595.50] as it would cause deadlock
[08Aug2026 00:11:29.703] [Server thread/WARN] [ModernFix/]: Skipped emitting ENTITY_MOUNT game event for entity SeatEntity['Seat'/597758, l='ServerLevel[world]', x=-843.50, y=67.00, z=-2595.50] as it would cause deadlock
[08Aug2026 00:11:32.599] [Server thread/WARN] [ModernFix/]: Skipped emitting ENTITY_MOUNT game event for entity SeatEntity['Seat'/597912, l='ServerLevel[world]', x=-843.50, y=67.00, z=-2595.50] as it would cause deadlock
[08Aug2026 00:11:33.151] [Server thread/WARN] [ModernFix/]: Skipped emitting ENTITY_MOUNT game event for entity SeatEntity['Seat'/597958, l='ServerLevel[world]', x=-843.50, y=67.00, z=-2595.50] as it would cause deadlock
[08Aug2026 00:11:39.066] [Server thread/WARN] [ModernFix/]: Skipped emitting ENTITY_MOUNT game event for entity SeatEntity['Seat'/598355, l='ServerLevel[world]', x=-843.50, y=67.00, z=-2595.50] as it would cause deadlock
[08Aug2026 00:11:39.849] [Server thread/WARN] [ModernFix/]: Skipped emitting ENTITY_MOUNT game event for entity SeatEntity['Seat'/598400, l='ServerLevel[world]', x=-843.50, y=67.00, z=-2595.50] as it would cause deadlock
[08Aug2026 00:11:40.104] [Server thread/WARN] [ModernFix/]: Skipped emitting ENTITY_MOUNT game event for entity SeatEntity['Seat'/598457, l='ServerLevel[world]', x=-843.50, y=67.00, z=-2595.50] as it would cause deadlock
[08Aug2026 00:11:41.198] [Server thread/WARN] [ModernFix/]: Skipped emitting ENTITY_MOUNT game event for entity SeatEntity['Seat'/598508, l='ServerLevel[world]', x=-843.50, y=67.00, z=-2595.50] as it would cause deadlock
[08Aug2026 00:11:50.829] [Server thread/WARN] [ModernFix/]: Skipped emitting ENTITY_MOUNT game event for entity SeatEntity['Seat'/598719, l='ServerLevel[world]', x=-843.50, y=67.00, z=-2595.50] as it would cause deadlock
[08Aug2026 00:12:19.654] [Server thread/WARN] [ModernFix/]: Skipped emitting ENTITY_MOUNT game event for entity SeatEntity['Seat'/599148, l='ServerLevel[world]', x=-843.50, y=67.00, z=-2595.50] as it would cause deadlock
[08Aug2026 00:12:21.012] [Server thread/WARN] [ModernFix/]: Skipped emitting ENTITY_MOUNT game event for entity SeatEntity['Seat'/599167, l='ServerLevel[world]', x=-843.50, y=67.00, z=-2595.50] as it would cause deadlock
[08Aug2026 00:12:21.411] [Server thread/WARN] [ModernFix/]: Skipped emitting ENTITY_MOUNT game event for entity SeatEntity['Seat'/599261, l='ServerLevel[world]', x=-843.50, y=67.00, z=-2595.50] as it would cause deadlock
[08Aug2026 00:12:22.759] [Server thread/WARN] [ModernFix/]: Skipped emitting ENTITY_MOUNT game event for entity SeatEntity['Seat'/599317, l='ServerLevel[world]', x=-843.50, y=67.00, z=-2595.50] as it would cause deadlock
[08Aug2026 00:14:26.938] [Server thread/WARN] [net.minecraft.world.level.entity.PersistentEntitySectionManager/]: UUID of added entity already exists: Zombie['Zombie'/600701, l='ServerLevel[world]', x=-593.50, y=19.00, z=-2218.50]
[08Aug2026 00:14:35.411] [Server thread/WARN] [ModernFix/]: Skipped emitting ENTITY_MOUNT game event for entity SeatEntity['Seat'/600908, l='ServerLevel[world]', x=-843.50, y=67.00, z=-2595.50] as it would cause deadlock
[08Aug2026 00:14:36.346] [Server thread/WARN] [ModernFix/]: Skipped emitting ENTITY_MOUNT game event for entity SeatEntity['Seat'/601011, l='ServerLevel[world]', x=-843.50, y=67.00, z=-2595.50] as it would cause deadlock
[08Aug2026 00:14:39.021] [Server thread/WARN] [ModernFix/]: Skipped emitting ENTITY_MOUNT game event for entity SeatEntity['Seat'/601185, l='ServerLevel[world]', x=-843.50, y=67.00, z=-2595.50] as it would cause deadlock
[08Aug2026 00:14:39.313] [Server thread/WARN] [ModernFix/]: Skipped emitting ENTITY_MOUNT game event for entity SeatEntity['Seat'/601247, l='ServerLevel[world]', x=-843.50, y=67.00, z=-2595.50] as it would cause deadlock
[08Aug2026 00:14:42.575] [Server thread/WARN] [ModernFix/]: Skipped emitting ENTITY_MOUNT game event for entity SeatEntity['Seat'/601429, l='ServerLevel[world]', x=-843.50, y=67.00, z=-2595.50] as it would cause deadlock
[08Aug2026 00:14:43.871] [Worker-Main-2/WARN] [net.minecraft.world.entity.ai.attributes.AttributeMap/]: Ignoring unknown attribute 'irons_spellbooks:holy_magic_resist'
[08Aug2026 00:14:43.874] [Worker-Main-2/WARN] [net.minecraft.world.entity.ai.attributes.AttributeMap/]: Ignoring unknown attribute 'irons_spellbooks:blood_magic_resist'
[08Aug2026 00:14:43.875] [Worker-Main-2/WARN] [net.minecraft.world.entity.ai.attributes.AttributeMap/]: Ignoring unknown attribute 'irons_spellbooks:holy_magic_resist'
[08Aug2026 00:14:43.875] [Worker-Main-2/WARN] [net.minecraft.world.entity.ai.attributes.AttributeMap/]: Ignoring unknown attribute 'irons_spellbooks:blood_magic_resist'
[08Aug2026 00:14:43.876] [Worker-Main-2/WARN] [net.minecraft.world.entity.ai.attributes.AttributeMap/]: Ignoring unknown attribute 'irons_spellbooks:holy_magic_resist'
[08Aug2026 00:14:43.876] [Worker-Main-2/WARN] [net.minecraft.world.entity.ai.attributes.AttributeMap/]: Ignoring unknown attribute 'irons_spellbooks:blood_magic_resist'
[08Aug2026 00:14:43.917] [Worker-Main-2/WARN] [net.minecraft.world.entity.ai.attributes.AttributeMap/]: Ignoring unknown attribute 'irons_spellbooks:holy_magic_resist'
[08Aug2026 00:14:43.917] [Worker-Main-2/WARN] [net.minecraft.world.entity.ai.attributes.AttributeMap/]: Ignoring unknown attribute 'irons_spellbooks:blood_magic_resist'
[08Aug2026 00:14:43.918] [Worker-Main-2/WARN] [net.minecraft.world.entity.ai.attributes.AttributeMap/]: Ignoring unknown attribute 'irons_spellbooks:holy_magic_resist'
[08Aug2026 00:14:43.919] [Worker-Main-2/WARN] [net.minecraft.world.entity.ai.attributes.AttributeMap/]: Ignoring unknown attribute 'irons_spellbooks:blood_magic_resist'
[08Aug2026 00:14:46.144] [Server thread/WARN] [net.minecraft.server.MinecraftServer/]: Can't keep up! Is the server overloaded? Running 2128ms or 42 ticks behind
[08Aug2026 00:15:14.603] [Server thread/WARN] [net.minecraft.server.MinecraftServer/]: Can't keep up! Is the server overloaded? Running 13488ms or 269 ticks behind
[08Aug2026 00:15:20.200] [Worker-Main-1/WARN] [lithostitched/]: Non-existent template pool reference: create_easy_structures:undergroundtrain_station
[08Aug2026 00:15:20.206] [Worker-Main-1/WARN] [lithostitched/]: Non-existent template pool reference: create_easy_structures:undergroundtrain_station
[08Aug2026 00:15:20.207] [Worker-Main-1/WARN] [lithostitched/]: Non-existent template pool reference: create_easy_structures:undergroundtrain_station
[08Aug2026 00:15:20.214] [Worker-Main-1/WARN] [lithostitched/]: Non-existent template pool reference: create_easy_structures:undergroundtrain_station
[08Aug2026 00:15:20.234] [Worker-Main-1/WARN] [lithostitched/]: Non-existent template pool reference: create_easy_structures:undergroundtrain_station
[08Aug2026 00:15:36.013] [Server thread/WARN] [net.minecraft.server.MinecraftServer/]: Can't keep up! Is the server overloaded? Running 6448ms or 128 ticks behind
[08Aug2026 00:15:56.579] [Server thread/WARN] [net.minecraft.server.MinecraftServer/]: Can't keep up! Is the server overloaded? Running 5613ms or 112 ticks behind
[08Aug2026 00:16:04.885] [Server thread/INFO] [net.minecraft.server.MinecraftServer/]: xClas06 has made the advancement [Mossy Mounds]
[08Aug2026 00:16:17.607] [Server thread/WARN] [net.minecraft.server.MinecraftServer/]: Can't keep up! Is the server overloaded? Running 6042ms or 120 ticks behind
[08Aug2026 00:16:37.749] [Server thread/WARN] [net.minecraft.world.level.entity.PersistentEntitySectionManager/]: UUID of added entity already exists: Zombie['Zombie'/605166, l='ServerLevel[world]', x=-707.50, y=-9.00, z=-2578.50]
[08Aug2026 00:16:39.424] [Server thread/WARN] [net.minecraft.server.MinecraftServer/]: Can't keep up! Is the server overloaded? Running 6858ms or 137 ticks behind
[08Aug2026 00:17:02.270] [Server thread/WARN] [net.minecraft.server.MinecraftServer/]: Can't keep up! Is the server overloaded? Running 7855ms or 157 ticks behind
[08Aug2026 00:17:25.081] [Server thread/WARN] [net.minecraft.server.MinecraftServer/]: Can't keep up! Is the server overloaded? Running 7816ms or 156 ticks behind
[08Aug2026 00:17:33.016] [Server thread/INFO] [net.minecraft.server.network.ServerGamePacketListenerImpl/]: emilaviv lost connection: Disconnected
[08Aug2026 00:17:33.017] [Server thread/INFO] [net.minecraft.server.MinecraftServer/]: emilaviv left the game
[08Aug2026 00:17:33.017] [Server thread/INFO] [xaero.pac.OpenPartiesAndClaims/]: Updating all forceload tickets for 62ce933d-669a-3e80-a037-56044a85235c
[08Aug2026 00:17:45.295] [Server thread/WARN] [net.minecraft.server.MinecraftServer/]: Can't keep up! Is the server overloaded? Running 5229ms or 104 ticks behind
[08Aug2026 00:17:47.696] [Server thread/INFO] [net.minecraft.server.MinecraftServer/]: xClas06 has made the advancement [Stone Age]
[08Aug2026 00:18:09.193] [Server thread/INFO] [net.minecraft.server.MinecraftServer/]: [Not Secure] [Server] kill omar reason: gey
[08Aug2026 00:18:11.412] [Server thread/INFO] [net.minecraft.server.players.PlayerList/]: Anubis_11[/10.166.13.177:56409] logged in with entity id 609538 at (-406.2013207123278, 66.0, -2477.160058254801)
[08Aug2026 00:18:11.416] [Server thread/INFO] [ModdingLegacy/blue_skies/]: Sending ToolHandleTypeManager to Anubis_11
[08Aug2026 00:18:11.417] [Server thread/INFO] [ModdingLegacy/blue_skies/]: Sending SnowcapOvenFreezingManager to Anubis_11
[08Aug2026 00:18:11.417] [Server thread/INFO] [ModdingLegacy/blue_skies/]: Sending HorizoniteForgeFuelManager to Anubis_11
[08Aug2026 00:18:11.417] [Server thread/INFO] [ModdingLegacy/blue_skies/]: Sending AlchemyRecipeManager to Anubis_11
[08Aug2026 00:18:11.419] [Server thread/INFO] [ModdingLegacy/blue_skies/]: Sending JournalEntryManager to Anubis_11
[08Aug2026 00:18:11.420] [Server thread/INFO] [ModdingLegacy/blue_skies/]: Sending JournalSectionManager to Anubis_11
[08Aug2026 00:18:11.420] [Server thread/INFO] [ModdingLegacy/blue_skies/]: Sending JournalRequirementManager to Anubis_11
[08Aug2026 00:18:11.447] [Server thread/INFO] [ModernFix/]: Using enhanced recipe sync for player Anubis_11
[08Aug2026 00:18:11.449] [Server thread/INFO] [net.minecraft.server.MinecraftServer/]: Anubis_11 joined the game
[08Aug2026 00:18:11.475] [Server thread/INFO] [xaero.pac.OpenPartiesAndClaims/]: Updating all forceload tickets for 0bdc3c98-e4a0-3902-8d49-26ad96fa683f
[08Aug2026 00:18:11.513] [Server thread/INFO] [se.mickelus.tetra.data.DataManager/]: Sending data to client: Anubis_11
[08Aug2026 00:18:11.559] [Server thread/INFO] [Jade/]: Syncing config to Anubis_11 (0bdc3c98-e4a0-3902-8d49-26ad96fa683f)
[08Aug2026 00:18:11.623] [Server thread/INFO] [Enigmatic Legacy/INFO]: Synchronizing omniconfig files to Anubis_11...
[08Aug2026 00:18:11.623] [Server thread/INFO] [Enigmatic Legacy/INFO]: Sending data for enigmaticaddons-common.omniconf
[08Aug2026 00:18:11.625] [Server thread/INFO] [Enigmatic Legacy/INFO]: Sending data for enigmaticlegacy-common.omniconf
[08Aug2026 00:18:11.625] [Server thread/INFO] [Enigmatic Legacy/INFO]: Granting starter gear to Anubis_11
[08Aug2026 00:18:11.890] [Server thread/INFO] [org.betterx.worlds.together.util.Logger/]: [bclib] Received Hello from Client. (server=3.0.14, client=3.0.14)
[08Aug2026 00:18:11.890] [Server thread/INFO] [org.betterx.worlds.together.util.Logger/]: [bclib] Sending Hello to Client. (server=3.0.14)
[08Aug2026 00:18:11.891] [Server thread/INFO] [org.betterx.worlds.together.util.Logger/]: [bclib] 	- Listing Mod bclib v3.0.14 (size: 2.2 MiB, download=true)
[08Aug2026 00:18:11.891] [Server thread/INFO] [org.betterx.worlds.together.util.Logger/]: [bclib] 	- Offering Config bclib.CONFIG_betterend.entities
[08Aug2026 00:18:11.891] [Server thread/INFO] [org.betterx.worlds.together.util.Logger/]: [bclib] 	- Offering Config bclib.CONFIG_betterend.blocks
[08Aug2026 00:18:11.891] [Server thread/INFO] [org.betterx.worlds.together.util.Logger/]: [bclib] 	- Offering Config bclib.CONFIG_betterend.items
[08Aug2026 00:18:11.891] [Server thread/INFO] [org.betterx.worlds.together.util.Logger/]: [bclib] 	- Offering Config bclib.CONFIG_betterend.enchantments
[08Aug2026 00:18:11.891] [Server thread/INFO] [org.betterx.worlds.together.util.Logger/]: [bclib] 	- Offering Config bclib.CONFIG_bclib.generator
[08Aug2026 00:18:11.904] [Server thread/INFO] [org.betterx.worlds.together.util.Logger/]: [bclib] 	- Offering Config bclib.CONFIG_bclib.main
[08Aug2026 00:18:11.904] [Server thread/INFO] [org.betterx.worlds.together.util.Logger/]: [bclib] 	- Offering Config bclib.CONFIG_bclib.biomes
[08Aug2026 00:18:11.904] [Server thread/INFO] [org.betterx.worlds.together.util.Logger/]: [bclib] 	- Offering Folder /workspaces/ringoo/servidor_minecraft/bclib-sync (allowDelete=true)
[08Aug2026 00:18:14.679] [Server thread/INFO] [ImprovableSkills/]: Sending skill data to Anubis_11 (0bdc3c98-e4a0-3902-8d49-26ad96fa683f)
[08Aug2026 00:18:26.721] [Server thread/WARN] [net.minecraft.server.MinecraftServer/]: Can't keep up! Is the server overloaded? Running 2006ms or 40 ticks behind
[08Aug2026 00:18:31.719] [Server thread/INFO] [net.minecraft.server.MinecraftServer/]: xClas06 has made the advancement [Getting an Upgrade]
[08Aug2026 00:18:46.510] [Server thread/WARN] [net.minecraft.server.MinecraftServer/]: Can't keep up! Is the server overloaded? Running 4795ms or 95 ticks behind
[08Aug2026 00:19:11.729] [Server thread/INFO] [net.minecraft.server.MinecraftServer/]: xClas06 has reached the goal [Hunted]
[08Aug2026 00:19:28.350] [Server thread/INFO] [net.minecraft.server.network.ServerGamePacketListenerImpl/]: Anubis_11 lost connection: Disconnected
[08Aug2026 00:19:28.350] [Server thread/INFO] [net.minecraft.server.MinecraftServer/]: Anubis_11 left the game
[08Aug2026 00:19:28.350] [Server thread/INFO] [xaero.pac.OpenPartiesAndClaims/]: Updating all forceload tickets for 0bdc3c98-e4a0-3902-8d49-26ad96fa683f
[08Aug2026 00:20:01.980] [Server thread/INFO] [AllTheLeaks/]: Listing events...
[08Aug2026 00:20:01.981] [Server thread/INFO] [AllTheLeaks/]: Server Player Clone: 15
[08Aug2026 00:20:01.981] [Server thread/INFO] [AllTheLeaks/]:   Invalid Cloned Players: 15
[08Aug2026 00:20:01.981] [Server thread/INFO] [AllTheLeaks/]: Server Player Logout: 9
[08Aug2026 00:20:01.981] [Server thread/INFO] [AllTheLeaks/]: Listing memory leaks so far...
[08Aug2026 00:20:01.981] [Server thread/INFO] [AllTheLeaks/]: B: 1815MB / C: 2922MB / Diff: +1107MB
[08Aug2026 00:20:01.981] [Server thread/INFO] [AllTheLeaks/]: Memory Leaks detected: (/atl force_refresh to update)
[08Aug2026 00:20:01.981] [Server thread/INFO] [AllTheLeaks/]: | Player:
[08Aug2026 00:20:01.981] [Server thread/INFO] [AllTheLeaks/]: |- ServerPlayer (minecraft): 21
[08Aug2026 00:20:01.981] [Server thread/INFO] [AllTheLeaks/]: | ChunkAccess:
[08Aug2026 00:20:01.981] [Server thread/INFO] [AllTheLeaks/]: |- LevelChunk (minecraft): 2080
[08Aug2026 00:20:26.199] [Server thread/WARN] [net.minecraft.server.level.ServerPlayerGameMode/]: Mismatch in destroy block pos: BlockPos{x=-840, y=64, z=-2347} BlockPos{x=-840, y=64, z=-2348}
[08Aug2026 00:20:26.298] [Server thread/WARN] [net.minecraft.server.level.ServerPlayerGameMode/]: Mismatch in destroy block pos: BlockPos{x=-840, y=64, z=-2347} BlockPos{x=-840, y=64, z=-2348}
[08Aug2026 00:20:26.393] [Server thread/WARN] [net.minecraft.server.level.ServerPlayerGameMode/]: Mismatch in destroy block pos: BlockPos{x=-840, y=64, z=-2347} BlockPos{x=-840, y=64, z=-2348}
[08Aug2026 00:20:58.615] [Server thread/INFO] [net.minecraft.server.players.PlayerList/]: Anubis_11[/10.166.13.177:64665] logged in with entity id 614516 at (-635.2740625218486, 68.0, -2480.8139004925274)
[08Aug2026 00:20:58.620] [Server thread/INFO] [ModdingLegacy/blue_skies/]: Sending ToolHandleTypeManager to Anubis_11
[08Aug2026 00:20:58.620] [Server thread/INFO] [ModdingLegacy/blue_skies/]: Sending SnowcapOvenFreezingManager to Anubis_11
[08Aug2026 00:20:58.621] [Server thread/INFO] [ModdingLegacy/blue_skies/]: Sending HorizoniteForgeFuelManager to Anubis_11
[08Aug2026 00:20:58.621] [Server thread/INFO] [ModdingLegacy/blue_skies/]: Sending AlchemyRecipeManager to Anubis_11
[08Aug2026 00:20:58.625] [Server thread/INFO] [ModdingLegacy/blue_skies/]: Sending JournalEntryManager to Anubis_11
[08Aug2026 00:20:58.627] [Server thread/INFO] [ModdingLegacy/blue_skies/]: Sending JournalSectionManager to Anubis_11
[08Aug2026 00:20:58.627] [Server thread/INFO] [ModdingLegacy/blue_skies/]: Sending JournalRequirementManager to Anubis_11
[08Aug2026 00:20:58.779] [Server thread/INFO] [ModernFix/]: Using enhanced recipe sync for player Anubis_11
[08Aug2026 00:20:58.783] [Server thread/INFO] [net.minecraft.server.MinecraftServer/]: Anubis_11 joined the game
[08Aug2026 00:20:58.798] [Server thread/INFO] [xaero.pac.OpenPartiesAndClaims/]: Updating all forceload tickets for 0bdc3c98-e4a0-3902-8d49-26ad96fa683f
[08Aug2026 00:20:58.826] [Server thread/INFO] [se.mickelus.tetra.data.DataManager/]: Sending data to client: Anubis_11
[08Aug2026 00:20:58.870] [Server thread/INFO] [Jade/]: Syncing config to Anubis_11 (0bdc3c98-e4a0-3902-8d49-26ad96fa683f)
[08Aug2026 00:20:58.971] [Server thread/INFO] [Enigmatic Legacy/INFO]: Synchronizing omniconfig files to Anubis_11...
[08Aug2026 00:20:58.972] [Server thread/INFO] [Enigmatic Legacy/INFO]: Sending data for enigmaticaddons-common.omniconf
[08Aug2026 00:20:58.974] [Server thread/INFO] [Enigmatic Legacy/INFO]: Sending data for enigmaticlegacy-common.omniconf
[08Aug2026 00:20:58.974] [Server thread/INFO] [Enigmatic Legacy/INFO]: Granting starter gear to Anubis_11
[08Aug2026 00:20:59.291] [Server thread/INFO] [org.betterx.worlds.together.util.Logger/]: [bclib] Received Hello from Client. (server=3.0.14, client=3.0.14)
[08Aug2026 00:20:59.291] [Server thread/INFO] [org.betterx.worlds.together.util.Logger/]: [bclib] Sending Hello to Client. (server=3.0.14)
[08Aug2026 00:20:59.292] [Server thread/INFO] [org.betterx.worlds.together.util.Logger/]: [bclib] 	- Listing Mod bclib v3.0.14 (size: 2.2 MiB, download=true)
[08Aug2026 00:20:59.292] [Server thread/INFO] [org.betterx.worlds.together.util.Logger/]: [bclib] 	- Offering Config bclib.CONFIG_betterend.entities
[08Aug2026 00:20:59.292] [Server thread/INFO] [org.betterx.worlds.together.util.Logger/]: [bclib] 	- Offering Config bclib.CONFIG_betterend.blocks
[08Aug2026 00:20:59.293] [Server thread/INFO] [org.betterx.worlds.together.util.Logger/]: [bclib] 	- Offering Config bclib.CONFIG_betterend.items
[08Aug2026 00:20:59.293] [Server thread/INFO] [org.betterx.worlds.together.util.Logger/]: [bclib] 	- Offering Config bclib.CONFIG_betterend.enchantments
[08Aug2026 00:20:59.293] [Server thread/INFO] [org.betterx.worlds.together.util.Logger/]: [bclib] 	- Offering Config bclib.CONFIG_bclib.generator
[08Aug2026 00:20:59.294] [Server thread/INFO] [org.betterx.worlds.together.util.Logger/]: [bclib] 	- Offering Config bclib.CONFIG_bclib.main
[08Aug2026 00:20:59.294] [Server thread/INFO] [org.betterx.worlds.together.util.Logger/]: [bclib] 	- Offering Config bclib.CONFIG_bclib.biomes
[08Aug2026 00:20:59.295] [Server thread/INFO] [org.betterx.worlds.together.util.Logger/]: [bclib] 	- Offering Folder /workspaces/ringoo/servidor_minecraft/bclib-sync (allowDelete=true)
[08Aug2026 00:20:59.295] [Server thread/INFO] [ImprovableSkills/]: Sending skill data to Anubis_11 (0bdc3c98-e4a0-3902-8d49-26ad96fa683f)
[08Aug2026 00:21:17.276] [Server thread/INFO] [net.minecraft.server.MinecraftServer/]: [Not Secure] [Server] hola
[08Aug2026 00:21:27.372] [Server thread/WARN] [net.minecraft.server.MinecraftServer/]: Can't keep up! Is the server overloaded? Running 2007ms or 40 ticks behind
[08Aug2026 00:21:32.553] [Server thread/INFO] [net.minecraft.world.entity.npc.Villager/]: Villager Villager['Rocco'/614552, l='ServerLevel[world]', x=-652.72, y=72.00, z=-2455.86] died, message: 'Rocco was chopped to bits by Skirmisher'
[08Aug2026 00:21:32.553] [Server thread/INFO] [net.minecraft.world.entity.LivingEntity/]: Named entity Villager['Rocco'/614552, l='ServerLevel[world]', x=-652.72, y=72.00, z=-2455.86] died: Rocco was chopped to bits by Skirmisher
[08Aug2026 00:21:45.317] [Server thread/WARN] [net.minecraft.server.MinecraftServer/]: Can't keep up! Is the server overloaded? Running 2951ms or 59 ticks behind
[08Aug2026 00:22:03.667] [Server thread/WARN] [ModernFix/]: Skipped emitting ENTITY_MOUNT game event for entity SeatEntity['Seat'/617131, l='ServerLevel[world]', x=-858.50, y=65.00, z=-2180.50] as it would cause deadlock
[08Aug2026 00:22:03.667] [Server thread/WARN] [ModernFix/]: Skipped emitting ENTITY_MOUNT game event for entity SeatEntity['Seat'/617134, l='ServerLevel[world]', x=-858.50, y=65.00, z=-2176.50] as it would cause deadlock
[08Aug2026 00:22:04.261] [Server thread/WARN] [net.minecraft.server.MinecraftServer/]: Can't keep up! Is the server overloaded? Running 3945ms or 78 ticks behind
[08Aug2026 00:22:05.762] [Server thread/WARN] [net.minecraft.world.level.entity.PersistentEntitySectionManager/]: UUID of added entity already exists: Zombie['Zombie'/617202, l='ServerLevel[world]', x=-759.50, y=16.00, z=-2335.50]
[08Aug2026 00:22:23.342] [Server thread/WARN] [net.minecraft.server.MinecraftServer/]: Can't keep up! Is the server overloaded? Running 4127ms or 82 ticks behind
[08Aug2026 00:22:42.896] [Server thread/WARN] [net.minecraft.server.MinecraftServer/]: Can't keep up! Is the server overloaded? Running 4581ms or 91 ticks behind
[08Aug2026 00:23:01.649] [Server thread/WARN] [net.minecraft.server.MinecraftServer/]: Can't keep up! Is the server overloaded? Running 3784ms or 75 ticks behind
[08Aug2026 00:23:08.949] [Server thread/INFO] [net.minecraft.server.MinecraftServer/]: xClas06 has made the advancement [Isn't It Iron Pick]
[08Aug2026 00:23:26.719] [Server thread/WARN] [net.minecraft.server.MinecraftServer/]: Can't keep up! Is the server overloaded? Running 2004ms or 40 ticks behind
[08Aug2026 00:23:44.450] [Server thread/WARN] [net.minecraft.server.MinecraftServer/]: Can't keep up! Is the server overloaded? Running 2734ms or 54 ticks behind
[08Aug2026 00:24:40.505] [Server thread/INFO] [net.minecraft.server.MinecraftServer/]: Megatuber06 has made the advancement [Ocean Cleanup]
[08Aug2026 00:25:07.357] [Server thread/INFO] [net.minecraft.server.MinecraftServer/]: xClas06 has made the advancement [Monster Hunter]
[08Aug2026 00:25:16.660] [Server thread/WARN] [ModernFix/]: Skipped emitting ENTITY_MOUNT game event for entity SeatEntity['Seat'/621694, l='ServerLevel[world]', x=-858.50, y=65.00, z=-2180.50] as it would cause deadlock
[08Aug2026 00:25:16.660] [Server thread/WARN] [ModernFix/]: Skipped emitting ENTITY_MOUNT game event for entity SeatEntity['Seat'/621697, l='ServerLevel[world]', x=-858.50, y=65.00, z=-2176.50] as it would cause deadlock
[08Aug2026 00:25:17.059] [Server thread/WARN] [ModernFix/]: Skipped emitting ENTITY_MOUNT game event for entity SeatEntity['Seat'/621709, l='ServerLevel[world]', x=-858.50, y=65.00, z=-2180.50] as it would cause deadlock
[08Aug2026 00:25:17.060] [Server thread/WARN] [ModernFix/]: Skipped emitting ENTITY_MOUNT game event for entity SeatEntity['Seat'/621712, l='ServerLevel[world]', x=-858.50, y=65.00, z=-2176.50] as it would cause deadlock
[08Aug2026 00:25:18.502] [Server thread/WARN] [ModernFix/]: Skipped emitting ENTITY_MOUNT game event for entity SeatEntity['Seat'/621809, l='ServerLevel[world]', x=-858.50, y=65.00, z=-2180.50] as it would cause deadlock
[08Aug2026 00:25:18.503] [Server thread/WARN] [ModernFix/]: Skipped emitting ENTITY_MOUNT game event for entity SeatEntity['Seat'/621812, l='ServerLevel[world]', x=-858.50, y=65.00, z=-2176.50] as it would cause deadlock
[08Aug2026 00:25:18.704] [Server thread/WARN] [ModernFix/]: Skipped emitting ENTITY_MOUNT game event for entity SeatEntity['Seat'/621822, l='ServerLevel[world]', x=-858.50, y=65.00, z=-2180.50] as it would cause deadlock
[08Aug2026 00:25:18.705] [Server thread/WARN] [ModernFix/]: Skipped emitting ENTITY_MOUNT game event for entity SeatEntity['Seat'/621825, l='ServerLevel[world]', x=-858.50, y=65.00, z=-2176.50] as it would cause deadlock
[08Aug2026 00:25:20.157] [Server thread/WARN] [ModernFix/]: Skipped emitting ENTITY_MOUNT game event for entity SeatEntity['Seat'/621858, l='ServerLevel[world]', x=-858.50, y=65.00, z=-2180.50] as it would cause deadlock
[08Aug2026 00:25:20.158] [Server thread/WARN] [ModernFix/]: Skipped emitting ENTITY_MOUNT game event for entity SeatEntity['Seat'/621861, l='ServerLevel[world]', x=-858.50, y=65.00, z=-2176.50] as it would cause deadlock
[08Aug2026 00:25:21.881] [Server thread/WARN] [ModernFix/]: Skipped emitting ENTITY_MOUNT game event for entity SeatEntity['Seat'/621995, l='ServerLevel[world]', x=-858.50, y=65.00, z=-2180.50] as it would cause deadlock
[08Aug2026 00:25:21.882] [Server thread/WARN] [ModernFix/]: Skipped emitting ENTITY_MOUNT game event for entity SeatEntity['Seat'/621998, l='ServerLevel[world]', x=-858.50, y=65.00, z=-2176.50] as it would cause deadlock
[08Aug2026 00:25:22.258] [Server thread/WARN] [ModernFix/]: Skipped emitting ENTITY_MOUNT game event for entity SeatEntity['Seat'/622005, l='ServerLevel[world]', x=-858.50, y=65.00, z=-2180.50] as it would cause deadlock
[08Aug2026 00:25:22.258] [Server thread/WARN] [ModernFix/]: Skipped emitting ENTITY_MOUNT game event for entity SeatEntity['Seat'/622008, l='ServerLevel[world]', x=-858.50, y=65.00, z=-2176.50] as it would cause deadlock
[08Aug2026 00:25:24.158] [Server thread/WARN] [ModernFix/]: Skipped emitting ENTITY_MOUNT game event for entity SeatEntity['Seat'/622093, l='ServerLevel[world]', x=-858.50, y=65.00, z=-2180.50] as it would cause deadlock
[08Aug2026 00:25:24.159] [Server thread/WARN] [ModernFix/]: Skipped emitting ENTITY_MOUNT game event for entity SeatEntity['Seat'/622096, l='ServerLevel[world]', x=-858.50, y=65.00, z=-2176.50] as it would cause deadlock
[08Aug2026 00:25:24.661] [Server thread/WARN] [ModernFix/]: Skipped emitting ENTITY_MOUNT game event for entity SeatEntity['Seat'/622144, l='ServerLevel[world]', x=-858.50, y=65.00, z=-2180.50] as it would cause deadlock
[08Aug2026 00:25:24.661] [Server thread/WARN] [ModernFix/]: Skipped emitting ENTITY_MOUNT game event for entity SeatEntity['Seat'/622147, l='ServerLevel[world]', x=-858.50, y=65.00, z=-2176.50] as it would cause deadlock
[08Aug2026 00:25:27.445] [Server thread/WARN] [ModernFix/]: Skipped emitting ENTITY_MOUNT game event for entity SeatEntity['Seat'/622256, l='ServerLevel[world]', x=-858.50, y=65.00, z=-2180.50] as it would cause deadlock
[08Aug2026 00:25:27.445] [Server thread/WARN] [ModernFix/]: Skipped emitting ENTITY_MOUNT game event for entity SeatEntity['Seat'/622259, l='ServerLevel[world]', x=-858.50, y=65.00, z=-2176.50] as it would cause deadlock
[08Aug2026 00:25:28.911] [Server thread/WARN] [ModernFix/]: Skipped emitting ENTITY_MOUNT game event for entity SeatEntity['Seat'/622376, l='ServerLevel[world]', x=-858.50, y=65.00, z=-2180.50] as it would cause deadlock
[08Aug2026 00:25:28.912] [Server thread/WARN] [ModernFix/]: Skipped emitting ENTITY_MOUNT game event for entity SeatEntity['Seat'/622379, l='ServerLevel[world]', x=-858.50, y=65.00, z=-2176.50] as it would cause deadlock
[08Aug2026 00:25:29.113] [Server thread/WARN] [ModernFix/]: Skipped emitting ENTITY_MOUNT game event for entity SeatEntity['Seat'/622386, l='ServerLevel[world]', x=-858.50, y=65.00, z=-2180.50] as it would cause deadlock
[08Aug2026 00:25:29.114] [Server thread/WARN] [ModernFix/]: Skipped emitting ENTITY_MOUNT game event for entity SeatEntity['Seat'/622389, l='ServerLevel[world]', x=-858.50, y=65.00, z=-2176.50] as it would cause deadlock
[08Aug2026 00:25:30.005] [Server thread/WARN] [ModernFix/]: Skipped emitting ENTITY_MOUNT game event for entity SeatEntity['Seat'/622428, l='ServerLevel[world]', x=-884.50, y=63.00, z=-2212.50] as it would cause deadlock
[08Aug2026 00:25:30.006] [Server thread/WARN] [ModernFix/]: Skipped emitting ENTITY_MOUNT game event for entity SeatEntity['Seat'/622430, l='ServerLevel[world]', x=-895.50, y=63.00, z=-2216.50] as it would cause deadlock
[08Aug2026 00:25:30.006] [Server thread/WARN] [ModernFix/]: Skipped emitting ENTITY_MOUNT game event for entity SeatEntity['Seat'/622432, l='ServerLevel[world]', x=-887.50, y=63.00, z=-2220.50] as it would cause deadlock
[08Aug2026 00:25:30.007] [Server thread/WARN] [ModernFix/]: Skipped emitting ENTITY_MOUNT game event for entity SeatEntity['Seat'/622434, l='ServerLevel[world]', x=-892.50, y=63.00, z=-2210.50] as it would cause deadlock
[08Aug2026 00:25:30.007] [Server thread/WARN] [ModernFix/]: Skipped emitting ENTITY_MOUNT game event for entity SeatEntity['Seat'/622436, l='ServerLevel[world]', x=-893.50, y=63.00, z=-2214.50] as it would cause deadlock
[08Aug2026 00:25:30.007] [Server thread/WARN] [ModernFix/]: Skipped emitting ENTITY_MOUNT game event for entity SeatEntity['Seat'/622438, l='ServerLevel[world]', x=-886.50, y=63.00, z=-2215.50] as it would cause deadlock
[08Aug2026 00:25:30.007] [Server thread/WARN] [ModernFix/]: Skipped emitting ENTITY_MOUNT game event for entity SeatEntity['Seat'/622440, l='ServerLevel[world]', x=-886.50, y=63.00, z=-2223.50] as it would cause deadlock
[08Aug2026 00:25:30.007] [Server thread/WARN] [ModernFix/]: Skipped emitting ENTITY_MOUNT game event for entity SeatEntity['Seat'/622442, l='ServerLevel[world]', x=-886.50, y=63.00, z=-2209.50] as it would cause deadlock
[08Aug2026 00:25:30.008] [Server thread/WARN] [ModernFix/]: Skipped emitting ENTITY_MOUNT game event for entity SeatEntity['Seat'/622444, l='ServerLevel[world]', x=-889.50, y=63.00, z=-2211.50] as it would cause deadlock
[08Aug2026 00:25:30.008] [Server thread/WARN] [ModernFix/]: Skipped emitting ENTITY_MOUNT game event for entity SeatEntity['Seat'/622446, l='ServerLevel[world]', x=-888.50, y=63.00, z=-2214.50] as it would cause deadlock
[08Aug2026 00:25:30.008] [Server thread/WARN] [ModernFix/]: Skipped emitting ENTITY_MOUNT game event for entity SeatEntity['Seat'/622448, l='ServerLevel[world]', x=-889.50, y=63.00, z=-2219.50] as it would cause deadlock
[08Aug2026 00:25:30.008] [Server thread/WARN] [ModernFix/]: Skipped emitting ENTITY_MOUNT game event for entity SeatEntity['Seat'/622450, l='ServerLevel[world]', x=-891.50, y=63.00, z=-2222.50] as it would cause deadlock
[08Aug2026 00:25:30.011] [Server thread/WARN] [ModernFix/]: Skipped emitting ENTITY_MOUNT game event for entity SeatEntity['Seat'/622459, l='ServerLevel[world]', x=-858.50, y=65.00, z=-2180.50] as it would cause deadlock
[08Aug2026 00:25:30.011] [Server thread/WARN] [ModernFix/]: Skipped emitting ENTITY_MOUNT game event for entity SeatEntity['Seat'/622462, l='ServerLevel[world]', x=-858.50, y=65.00, z=-2176.50] as it would cause deadlock
[08Aug2026 00:25:30.200] [Server thread/WARN] [ModernFix/]: Skipped emitting ENTITY_MOUNT game event for entity SeatEntity['Seat'/622466, l='ServerLevel[world]', x=-884.50, y=63.00, z=-2212.50] as it would cause deadlock
[08Aug2026 00:25:30.200] [Server thread/WARN] [ModernFix/]: Skipped emitting ENTITY_MOUNT game event for entity SeatEntity['Seat'/622468, l='ServerLevel[world]', x=-895.50, y=63.00, z=-2216.50] as it would cause deadlock
[08Aug2026 00:25:30.200] [Server thread/WARN] [ModernFix/]: Skipped emitting ENTITY_MOUNT game event for entity SeatEntity['Seat'/622470, l='ServerLevel[world]', x=-887.50, y=63.00, z=-2220.50] as it would cause deadlock
[08Aug2026 00:25:30.201] [Server thread/WARN] [ModernFix/]: Skipped emitting ENTITY_MOUNT game event for entity SeatEntity['Seat'/622472, l='ServerLevel[world]', x=-892.50, y=63.00, z=-2210.50] as it would cause deadlock
[08Aug2026 00:25:30.201] [Server thread/WARN] [ModernFix/]: Skipped emitting ENTITY_MOUNT game event for entity SeatEntity['Seat'/622474, l='ServerLevel[world]', x=-893.50, y=63.00, z=-2214.50] as it would cause deadlock
[08Aug2026 00:25:30.201] [Server thread/WARN] [ModernFix/]: Skipped emitting ENTITY_MOUNT game event for entity SeatEntity['Seat'/622476, l='ServerLevel[world]', x=-886.50, y=63.00, z=-2215.50] as it would cause deadlock
[08Aug2026 00:25:30.201] [Server thread/WARN] [ModernFix/]: Skipped emitting ENTITY_MOUNT game event for entity SeatEntity['Seat'/622478, l='ServerLevel[world]', x=-886.50, y=63.00, z=-2223.50] as it would cause deadlock
[08Aug2026 00:25:30.202] [Server thread/WARN] [ModernFix/]: Skipped emitting ENTITY_MOUNT game event for entity SeatEntity['Seat'/622480, l='ServerLevel[world]', x=-886.50, y=63.00, z=-2209.50] as it would cause deadlock
[08Aug2026 00:25:30.202] [Server thread/WARN] [ModernFix/]: Skipped emitting ENTITY_MOUNT game event for entity SeatEntity['Seat'/622482, l='ServerLevel[world]', x=-889.50, y=63.00, z=-2211.50] as it would cause deadlock
[08Aug2026 00:25:30.202] [Server thread/WARN] [ModernFix/]: Skipped emitting ENTITY_MOUNT game event for entity SeatEntity['Seat'/622484, l='ServerLevel[world]', x=-888.50, y=63.00, z=-2214.50] as it would cause deadlock
[08Aug2026 00:25:30.202] [Server thread/WARN] [ModernFix/]: Skipped emitting ENTITY_MOUNT game event for entity SeatEntity['Seat'/622486, l='ServerLevel[world]', x=-889.50, y=63.00, z=-2219.50] as it would cause deadlock
[08Aug2026 00:25:30.203] [Server thread/WARN] [ModernFix/]: Skipped emitting ENTITY_MOUNT game event for entity SeatEntity['Seat'/622488, l='ServerLevel[world]', x=-891.50, y=63.00, z=-2222.50] as it would cause deadlock
[08Aug2026 00:25:30.205] [Server thread/WARN] [ModernFix/]: Skipped emitting ENTITY_MOUNT game event for entity SeatEntity['Seat'/622497, l='ServerLevel[world]', x=-858.50, y=65.00, z=-2180.50] as it would cause deadlock
[08Aug2026 00:25:30.205] [Server thread/WARN] [ModernFix/]: Skipped emitting ENTITY_MOUNT game event for entity SeatEntity['Seat'/622500, l='ServerLevel[world]', x=-858.50, y=65.00, z=-2176.50] as it would cause deadlock
[08Aug2026 00:25:30.753] [Server thread/WARN] [ModernFix/]: Skipped emitting ENTITY_MOUNT game event for entity SeatEntity['Seat'/622545, l='ServerLevel[world]', x=-884.50, y=63.00, z=-2212.50] as it would cause deadlock
[08Aug2026 00:25:30.753] [Server thread/WARN] [ModernFix/]: Skipped emitting ENTITY_MOUNT game event for entity SeatEntity['Seat'/622547, l='ServerLevel[world]', x=-895.50, y=63.00, z=-2216.50] as it would cause deadlock
[08Aug2026 00:25:30.754] [Server thread/WARN] [ModernFix/]: Skipped emitting ENTITY_MOUNT game event for entity SeatEntity['Seat'/622549, l='ServerLevel[world]', x=-887.50, y=63.00, z=-2220.50] as it would cause deadlock
[08Aug2026 00:25:30.754] [Server thread/WARN] [ModernFix/]: Skipped emitting ENTITY_MOUNT game event for entity SeatEntity['Seat'/622551, l='ServerLevel[world]', x=-892.50, y=63.00, z=-2210.50] as it would cause deadlock
[08Aug2026 00:25:30.754] [Server thread/WARN] [ModernFix/]: Skipped emitting ENTITY_MOUNT game event for entity SeatEntity['Seat'/622553, l='ServerLevel[world]', x=-893.50, y=63.00, z=-2214.50] as it would cause deadlock
[08Aug2026 00:25:30.754] [Server thread/WARN] [ModernFix/]: Skipped emitting ENTITY_MOUNT game event for entity SeatEntity['Seat'/622555, l='ServerLevel[world]', x=-886.50, y=63.00, z=-2215.50] as it would cause deadlock
[08Aug2026 00:25:30.754] [Server thread/WARN] [ModernFix/]: Skipped emitting ENTITY_MOUNT game event for entity SeatEntity['Seat'/622557, l='ServerLevel[world]', x=-886.50, y=63.00, z=-2223.50] as it would cause deadlock
[08Aug2026 00:25:30.755] [Server thread/WARN] [ModernFix/]: Skipped emitting ENTITY_MOUNT game event for entity SeatEntity['Seat'/622559, l='ServerLevel[world]', x=-886.50, y=63.00, z=-2209.50] as it would cause deadlock
[08Aug2026 00:25:30.755] [Server thread/WARN] [ModernFix/]: Skipped emitting ENTITY_MOUNT game event for entity SeatEntity['Seat'/622561, l='ServerLevel[world]', x=-889.50, y=63.00, z=-2211.50] as it would cause deadlock
[08Aug2026 00:25:30.755] [Server thread/WARN] [ModernFix/]: Skipped emitting ENTITY_MOUNT game event for entity SeatEntity['Seat'/622563, l='ServerLevel[world]', x=-888.50, y=63.00, z=-2214.50] as it would cause deadlock
[08Aug2026 00:25:30.755] [Server thread/WARN] [ModernFix/]: Skipped emitting ENTITY_MOUNT game event for entity SeatEntity['Seat'/622565, l='ServerLevel[world]', x=-889.50, y=63.00, z=-2219.50] as it would cause deadlock
[08Aug2026 00:25:30.756] [Server thread/WARN] [ModernFix/]: Skipped emitting ENTITY_MOUNT game event for entity SeatEntity['Seat'/622567, l='ServerLevel[world]', x=-891.50, y=63.00, z=-2222.50] as it would cause deadlock
[08Aug2026 00:25:30.758] [Server thread/WARN] [ModernFix/]: Skipped emitting ENTITY_MOUNT game event for entity SeatEntity['Seat'/622576, l='ServerLevel[world]', x=-858.50, y=65.00, z=-2180.50] as it would cause deadlock
[08Aug2026 00:25:30.759] [Server thread/WARN] [ModernFix/]: Skipped emitting ENTITY_MOUNT game event for entity SeatEntity['Seat'/622579, l='ServerLevel[world]', x=-858.50, y=65.00, z=-2176.50] as it would cause deadlock
[08Aug2026 00:25:31.310] [Server thread/WARN] [ModernFix/]: Skipped emitting ENTITY_MOUNT game event for entity SeatEntity['Seat'/622603, l='ServerLevel[world]', x=-884.50, y=63.00, z=-2212.50] as it would cause deadlock
[08Aug2026 00:25:31.311] [Server thread/WARN] [ModernFix/]: Skipped emitting ENTITY_MOUNT game event for entity SeatEntity['Seat'/622605, l='ServerLevel[world]', x=-895.50, y=63.00, z=-2216.50] as it would cause deadlock
[08Aug2026 00:25:31.311] [Server thread/WARN] [ModernFix/]: Skipped emitting ENTITY_MOUNT game event for entity SeatEntity['Seat'/622607, l='ServerLevel[world]', x=-887.50, y=63.00, z=-2220.50] as it would cause deadlock
[08Aug2026 00:25:31.311] [Server thread/WARN] [ModernFix/]: Skipped emitting ENTITY_MOUNT game event for entity SeatEntity['Seat'/622609, l='ServerLevel[world]', x=-892.50, y=63.00, z=-2210.50] as it would cause deadlock
[08Aug2026 00:25:31.311] [Server thread/WARN] [ModernFix/]: Skipped emitting ENTITY_MOUNT game event for entity SeatEntity['Seat'/622611, l='ServerLevel[world]', x=-893.50, y=63.00, z=-2214.50] as it would cause deadlock
[08Aug2026 00:25:31.312] [Server thread/WARN] [ModernFix/]: Skipped emitting ENTITY_MOUNT game event for entity SeatEntity['Seat'/622613, l='ServerLevel[world]', x=-886.50, y=63.00, z=-2215.50] as it would cause deadlock
[08Aug2026 00:25:31.312] [Server thread/WARN] [ModernFix/]: Skipped emitting ENTITY_MOUNT game event for entity SeatEntity['Seat'/622615, l='ServerLevel[world]', x=-886.50, y=63.00, z=-2223.50] as it would cause deadlock
[08Aug2026 00:25:31.312] [Server thread/WARN] [ModernFix/]: Skipped emitting ENTITY_MOUNT game event for entity SeatEntity['Seat'/622617, l='ServerLevel[world]', x=-886.50, y=63.00, z=-2209.50] as it would cause deadlock
[08Aug2026 00:25:31.312] [Server thread/WARN] [ModernFix/]: Skipped emitting ENTITY_MOUNT game event for entity SeatEntity['Seat'/622619, l='ServerLevel[world]', x=-889.50, y=63.00, z=-2211.50] as it would cause deadlock
[08Aug2026 00:25:31.313] [Server thread/WARN] [ModernFix/]: Skipped emitting ENTITY_MOUNT game event for entity SeatEntity['Seat'/622621, l='ServerLevel[world]', x=-888.50, y=63.00, z=-2214.50] as it would cause deadlock
[08Aug2026 00:25:31.313] [Server thread/WARN] [ModernFix/]: Skipped emitting ENTITY_MOUNT game event for entity SeatEntity['Seat'/622623, l='ServerLevel[world]', x=-889.50, y=63.00, z=-2219.50] as it would cause deadlock
[08Aug2026 00:25:31.313] [Server thread/WARN] [ModernFix/]: Skipped emitting ENTITY_MOUNT game event for entity SeatEntity['Seat'/622625, l='ServerLevel[world]', x=-891.50, y=63.00, z=-2222.50] as it would cause deadlock
[08Aug2026 00:25:31.315] [Server thread/WARN] [ModernFix/]: Skipped emitting ENTITY_MOUNT game event for entity SeatEntity['Seat'/622634, l='ServerLevel[world]', x=-858.50, y=65.00, z=-2180.50] as it would cause deadlock
[08Aug2026 00:25:31.316] [Server thread/WARN] [ModernFix/]: Skipped emitting ENTITY_MOUNT game event for entity SeatEntity['Seat'/622637, l='ServerLevel[world]', x=-858.50, y=65.00, z=-2176.50] as it would cause deadlock
[08Aug2026 00:25:31.868] [Server thread/WARN] [ModernFix/]: Skipped emitting ENTITY_MOUNT game event for entity SeatEntity['Seat'/622659, l='ServerLevel[world]', x=-884.50, y=63.00, z=-2212.50] as it would cause deadlock
[08Aug2026 00:25:31.868] [Server thread/WARN] [ModernFix/]: Skipped emitting ENTITY_MOUNT game event for entity SeatEntity['Seat'/622661, l='ServerLevel[world]', x=-895.50, y=63.00, z=-2216.50] as it would cause deadlock
[08Aug2026 00:25:31.868] [Server thread/WARN] [ModernFix/]: Skipped emitting ENTITY_MOUNT game event for entity SeatEntity['Seat'/622663, l='ServerLevel[world]', x=-887.50, y=63.00, z=-2220.50] as it would cause deadlock
[08Aug2026 00:25:31.869] [Server thread/WARN] [ModernFix/]: Skipped emitting ENTITY_MOUNT game event for entity SeatEntity['Seat'/622665, l='ServerLevel[world]', x=-892.50, y=63.00, z=-2210.50] as it would cause deadlock
[08Aug2026 00:25:31.869] [Server thread/WARN] [ModernFix/]: Skipped emitting ENTITY_MOUNT game event for entity SeatEntity['Seat'/622667, l='ServerLevel[world]', x=-893.50, y=63.00, z=-2214.50] as it would cause deadlock
[08Aug2026 00:25:31.869] [Server thread/WARN] [ModernFix/]: Skipped emitting ENTITY_MOUNT game event for entity SeatEntity['Seat'/622669, l='ServerLevel[world]', x=-886.50, y=63.00, z=-2215.50] as it would cause deadlock
[08Aug2026 00:25:31.869] [Server thread/WARN] [ModernFix/]: Skipped emitting ENTITY_MOUNT game event for entity SeatEntity['Seat'/622671, l='ServerLevel[world]', x=-886.50, y=63.00, z=-2223.50] as it would cause deadlock
[08Aug2026 00:25:31.869] [Server thread/WARN] [ModernFix/]: Skipped emitting ENTITY_MOUNT game event for entity SeatEntity['Seat'/622673, l='ServerLevel[world]', x=-886.50, y=63.00, z=-2209.50] as it would cause deadlock
[08Aug2026 00:25:31.870] [Server thread/WARN] [ModernFix/]: Skipped emitting ENTITY_MOUNT game event for entity SeatEntity['Seat'/622675, l='ServerLevel[world]', x=-889.50, y=63.00, z=-2211.50] as it would cause deadlock
[08Aug2026 00:25:31.870] [Server thread/WARN] [ModernFix/]: Skipped emitting ENTITY_MOUNT game event for entity SeatEntity['Seat'/622677, l='ServerLevel[world]', x=-888.50, y=63.00, z=-2214.50] as it would cause deadlock
[08Aug2026 00:25:31.870] [Server thread/WARN] [ModernFix/]: Skipped emitting ENTITY_MOUNT game event for entity SeatEntity['Seat'/622679, l='ServerLevel[world]', x=-889.50, y=63.00, z=-2219.50] as it would cause deadlock
[08Aug2026 00:25:31.870] [Server thread/WARN] [ModernFix/]: Skipped emitting ENTITY_MOUNT game event for entity SeatEntity['Seat'/622681, l='ServerLevel[world]', x=-891.50, y=63.00, z=-2222.50] as it would cause deadlock
[08Aug2026 00:25:31.872] [Server thread/WARN] [ModernFix/]: Skipped emitting ENTITY_MOUNT game event for entity SeatEntity['Seat'/622690, l='ServerLevel[world]', x=-858.50, y=65.00, z=-2180.50] as it would cause deadlock
[08Aug2026 00:25:31.873] [Server thread/WARN] [ModernFix/]: Skipped emitting ENTITY_MOUNT game event for entity SeatEntity['Seat'/622693, l='ServerLevel[world]', x=-858.50, y=65.00, z=-2176.50] as it would cause deadlock
[08Aug2026 00:25:33.309] [Server thread/WARN] [ModernFix/]: Skipped emitting ENTITY_MOUNT game event for entity SeatEntity['Seat'/622879, l='ServerLevel[world]', x=-884.50, y=63.00, z=-2212.50] as it would cause deadlock
[08Aug2026 00:25:33.309] [Server thread/WARN] [ModernFix/]: Skipped emitting ENTITY_MOUNT game event for entity SeatEntity['Seat'/622881, l='ServerLevel[world]', x=-895.50, y=63.00, z=-2216.50] as it would cause deadlock
[08Aug2026 00:25:33.310] [Server thread/WARN] [ModernFix/]: Skipped emitting ENTITY_MOUNT game event for entity SeatEntity['Seat'/622883, l='ServerLevel[world]', x=-887.50, y=63.00, z=-2220.50] as it would cause deadlock
[08Aug2026 00:25:33.310] [Server thread/WARN] [ModernFix/]: Skipped emitting ENTITY_MOUNT game event for entity SeatEntity['Seat'/622885, l='ServerLevel[world]', x=-892.50, y=63.00, z=-2210.50] as it would cause deadlock
[08Aug2026 00:25:33.310] [Server thread/WARN] [ModernFix/]: Skipped emitting ENTITY_MOUNT game event for entity SeatEntity['Seat'/622887, l='ServerLevel[world]', x=-893.50, y=63.00, z=-2214.50] as it would cause deadlock
[08Aug2026 00:25:33.310] [Server thread/WARN] [ModernFix/]: Skipped emitting ENTITY_MOUNT game event for entity SeatEntity['Seat'/622889, l='ServerLevel[world]', x=-886.50, y=63.00, z=-2215.50] as it would cause deadlock
[08Aug2026 00:25:33.310] [Server thread/WARN] [ModernFix/]: Skipped emitting ENTITY_MOUNT game event for entity SeatEntity['Seat'/622891, l='ServerLevel[world]', x=-886.50, y=63.00, z=-2223.50] as it would cause deadlock
[08Aug2026 00:25:33.311] [Server thread/WARN] [ModernFix/]: Skipped emitting ENTITY_MOUNT game event for entity SeatEntity['Seat'/622893, l='ServerLevel[world]', x=-886.50, y=63.00, z=-2209.50] as it would cause deadlock
[08Aug2026 00:25:33.311] [Server thread/WARN] [ModernFix/]: Skipped emitting ENTITY_MOUNT game event for entity SeatEntity['Seat'/622895, l='ServerLevel[world]', x=-889.50, y=63.00, z=-2211.50] as it would cause deadlock
[08Aug2026 00:25:33.311] [Server thread/WARN] [ModernFix/]: Skipped emitting ENTITY_MOUNT game event for entity SeatEntity['Seat'/622897, l='ServerLevel[world]', x=-888.50, y=63.00, z=-2214.50] as it would cause deadlock
[08Aug2026 00:25:33.311] [Server thread/WARN] [ModernFix/]: Skipped emitting ENTITY_MOUNT game event for entity SeatEntity['Seat'/622899, l='ServerLevel[world]', x=-889.50, y=63.00, z=-2219.50] as it would cause deadlock
[08Aug2026 00:25:33.311] [Server thread/WARN] [ModernFix/]: Skipped emitting ENTITY_MOUNT game event for entity SeatEntity['Seat'/622901, l='ServerLevel[world]', x=-891.50, y=63.00, z=-2222.50] as it would cause deadlock
[08Aug2026 00:25:33.313] [Server thread/WARN] [ModernFix/]: Skipped emitting ENTITY_MOUNT game event for entity SeatEntity['Seat'/622910, l='ServerLevel[world]', x=-858.50, y=65.00, z=-2180.50] as it would cause deadlock
[08Aug2026 00:25:33.313] [Server thread/WARN] [ModernFix/]: Skipped emitting ENTITY_MOUNT game event for entity SeatEntity['Seat'/622913, l='ServerLevel[world]', x=-858.50, y=65.00, z=-2176.50] as it would cause deadlock
[08Aug2026 00:25:34.266] [Server thread/WARN] [ModernFix/]: Skipped emitting ENTITY_MOUNT game event for entity SeatEntity['Seat'/622934, l='ServerLevel[world]', x=-884.50, y=63.00, z=-2212.50] as it would cause deadlock
[08Aug2026 00:25:34.266] [Server thread/WARN] [ModernFix/]: Skipped emitting ENTITY_MOUNT game event for entity SeatEntity['Seat'/622936, l='ServerLevel[world]', x=-895.50, y=63.00, z=-2216.50] as it would cause deadlock
[08Aug2026 00:25:34.267] [Server thread/WARN] [ModernFix/]: Skipped emitting ENTITY_MOUNT game event for entity SeatEntity['Seat'/622938, l='ServerLevel[world]', x=-887.50, y=63.00, z=-2220.50] as it would cause deadlock
[08Aug2026 00:25:34.267] [Server thread/WARN] [ModernFix/]: Skipped emitting ENTITY_MOUNT game event for entity SeatEntity['Seat'/622940, l='ServerLevel[world]', x=-892.50, y=63.00, z=-2210.50] as it would cause deadlock
[08Aug2026 00:25:34.267] [Server thread/WARN] [ModernFix/]: Skipped emitting ENTITY_MOUNT game event for entity SeatEntity['Seat'/622942, l='ServerLevel[world]', x=-893.50, y=63.00, z=-2214.50] as it would cause deadlock
[08Aug2026 00:25:34.267] [Server thread/WARN] [ModernFix/]: Skipped emitting ENTITY_MOUNT game event for entity SeatEntity['Seat'/622944, l='ServerLevel[world]', x=-886.50, y=63.00, z=-2215.50] as it would cause deadlock
[08Aug2026 00:25:34.268] [Server thread/WARN] [ModernFix/]: Skipped emitting ENTITY_MOUNT game event for entity SeatEntity['Seat'/622946, l='ServerLevel[world]', x=-886.50, y=63.00, z=-2223.50] as it would cause deadlock
[08Aug2026 00:25:34.268] [Server thread/WARN] [ModernFix/]: Skipped emitting ENTITY_MOUNT game event for entity SeatEntity['Seat'/622948, l='ServerLevel[world]', x=-886.50, y=63.00, z=-2209.50] as it would cause deadlock
[08Aug2026 00:25:34.268] [Server thread/WARN] [ModernFix/]: Skipped emitting ENTITY_MOUNT game event for entity SeatEntity['Seat'/622950, l='ServerLevel[world]', x=-889.50, y=63.00, z=-2211.50] as it would cause deadlock
[08Aug2026 00:25:34.268] [Server thread/WARN] [ModernFix/]: Skipped emitting ENTITY_MOUNT game event for entity SeatEntity['Seat'/622952, l='ServerLevel[world]', x=-888.50, y=63.00, z=-2214.50] as it would cause deadlock
[08Aug2026 00:25:34.269] [Server thread/WARN] [ModernFix/]: Skipped emitting ENTITY_MOUNT game event for entity SeatEntity['Seat'/622954, l='ServerLevel[world]', x=-889.50, y=63.00, z=-2219.50] as it would cause deadlock
[08Aug2026 00:25:34.269] [Server thread/WARN] [ModernFix/]: Skipped emitting ENTITY_MOUNT game event for entity SeatEntity['Seat'/622956, l='ServerLevel[world]', x=-891.50, y=63.00, z=-2222.50] as it would cause deadlock
[08Aug2026 00:25:34.271] [Server thread/WARN] [ModernFix/]: Skipped emitting ENTITY_MOUNT game event for entity SeatEntity['Seat'/622965, l='ServerLevel[world]', x=-858.50, y=65.00, z=-2180.50] as it would cause deadlock
[08Aug2026 00:25:34.272] [Server thread/WARN] [ModernFix/]: Skipped emitting ENTITY_MOUNT game event for entity SeatEntity['Seat'/622968, l='ServerLevel[world]', x=-858.50, y=65.00, z=-2176.50] as it would cause deadlock
[08Aug2026 00:25:34.455] [Server thread/WARN] [ModernFix/]: Skipped emitting ENTITY_MOUNT game event for entity SeatEntity['Seat'/622985, l='ServerLevel[world]', x=-884.50, y=63.00, z=-2212.50] as it would cause deadlock
[08Aug2026 00:25:34.455] [Server thread/WARN] [ModernFix/]: Skipped emitting ENTITY_MOUNT game event for entity SeatEntity['Seat'/622987, l='ServerLevel[world]', x=-895.50, y=63.00, z=-2216.50] as it would cause deadlock
[08Aug2026 00:25:34.455] [Server thread/WARN] [ModernFix/]: Skipped emitting ENTITY_MOUNT game event for entity SeatEntity['Seat'/622989, l='ServerLevel[world]', x=-887.50, y=63.00, z=-2220.50] as it would cause deadlock
[08Aug2026 00:25:34.455] [Server thread/WARN] [ModernFix/]: Skipped emitting ENTITY_MOUNT game event for entity SeatEntity['Seat'/622991, l='ServerLevel[world]', x=-892.50, y=63.00, z=-2210.50] as it would cause deadlock
[08Aug2026 00:25:34.456] [Server thread/WARN] [ModernFix/]: Skipped emitting ENTITY_MOUNT game event for entity SeatEntity['Seat'/622993, l='ServerLevel[world]', x=-893.50, y=63.00, z=-2214.50] as it would cause deadlock
[08Aug2026 00:25:34.456] [Server thread/WARN] [ModernFix/]: Skipped emitting ENTITY_MOUNT game event for entity SeatEntity['Seat'/622995, l='ServerLevel[world]', x=-886.50, y=63.00, z=-2215.50] as it would cause deadlock
[08Aug2026 00:25:34.456] [Server thread/WARN] [ModernFix/]: Skipped emitting ENTITY_MOUNT game event for entity SeatEntity['Seat'/622997, l='ServerLevel[world]', x=-886.50, y=63.00, z=-2223.50] as it would cause deadlock
[08Aug2026 00:25:34.456] [Server thread/WARN] [ModernFix/]: Skipped emitting ENTITY_MOUNT game event for entity SeatEntity['Seat'/622999, l='ServerLevel[world]', x=-886.50, y=63.00, z=-2209.50] as it would cause deadlock
[08Aug2026 00:25:34.456] [Server thread/WARN] [ModernFix/]: Skipped emitting ENTITY_MOUNT game event for entity SeatEntity['Seat'/623001, l='ServerLevel[world]', x=-889.50, y=63.00, z=-2211.50] as it would cause deadlock
[08Aug2026 00:25:34.457] [Server thread/WARN] [ModernFix/]: Skipped emitting ENTITY_MOUNT game event for entity SeatEntity['Seat'/623003, l='ServerLevel[world]', x=-888.50, y=63.00, z=-2214.50] as it would cause deadlock
[08Aug2026 00:25:34.457] [Server thread/WARN] [ModernFix/]: Skipped emitting ENTITY_MOUNT game event for entity SeatEntity['Seat'/623005, l='ServerLevel[world]', x=-889.50, y=63.00, z=-2219.50] as it would cause deadlock
[08Aug2026 00:25:34.457] [Server thread/WARN] [ModernFix/]: Skipped emitting ENTITY_MOUNT game event for entity SeatEntity['Seat'/623007, l='ServerLevel[world]', x=-891.50, y=63.00, z=-2222.50] as it would cause deadlock
[08Aug2026 00:25:34.459] [Server thread/WARN] [ModernFix/]: Skipped emitting ENTITY_MOUNT game event for entity SeatEntity['Seat'/623016, l='ServerLevel[world]', x=-858.50, y=65.00, z=-2180.50] as it would cause deadlock
[08Aug2026 00:25:34.459] [Server thread/WARN] [ModernFix/]: Skipped emitting ENTITY_MOUNT game event for entity SeatEntity['Seat'/623019, l='ServerLevel[world]', x=-858.50, y=65.00, z=-2176.50] as it would cause deadlock
[08Aug2026 00:25:38.301] [Server thread/WARN] [ModernFix/]: Skipped emitting ENTITY_MOUNT game event for entity SeatEntity['Seat'/623282, l='ServerLevel[world]', x=-884.50, y=63.00, z=-2212.50] as it would cause deadlock
[08Aug2026 00:25:38.301] [Server thread/WARN] [ModernFix/]: Skipped emitting ENTITY_MOUNT game event for entity SeatEntity['Seat'/623284, l='ServerLevel[world]', x=-895.50, y=63.00, z=-2216.50] as it would cause deadlock
[08Aug2026 00:25:38.301] [Server thread/WARN] [ModernFix/]: Skipped emitting ENTITY_MOUNT game event for entity SeatEntity['Seat'/623286, l='ServerLevel[world]', x=-887.50, y=63.00, z=-2220.50] as it would cause deadlock
[08Aug2026 00:25:38.302] [Server thread/WARN] [ModernFix/]: Skipped emitting ENTITY_MOUNT game event for entity SeatEntity['Seat'/623288, l='ServerLevel[world]', x=-892.50, y=63.00, z=-2210.50] as it would cause deadlock
[08Aug2026 00:25:38.302] [Server thread/WARN] [ModernFix/]: Skipped emitting ENTITY_MOUNT game event for entity SeatEntity['Seat'/623290, l='ServerLevel[world]', x=-893.50, y=63.00, z=-2214.50] as it would cause deadlock
[08Aug2026 00:25:38.302] [Server thread/WARN] [ModernFix/]: Skipped emitting ENTITY_MOUNT game event for entity SeatEntity['Seat'/623292, l='ServerLevel[world]', x=-886.50, y=63.00, z=-2215.50] as it would cause deadlock
[08Aug2026 00:25:38.302] [Server thread/WARN] [ModernFix/]: Skipped emitting ENTITY_MOUNT game event for entity SeatEntity['Seat'/623294, l='ServerLevel[world]', x=-886.50, y=63.00, z=-2223.50] as it would cause deadlock
[08Aug2026 00:25:38.303] [Server thread/WARN] [ModernFix/]: Skipped emitting ENTITY_MOUNT game event for entity SeatEntity['Seat'/623296, l='ServerLevel[world]', x=-886.50, y=63.00, z=-2209.50] as it would cause deadlock
[08Aug2026 00:25:38.303] [Server thread/WARN] [ModernFix/]: Skipped emitting ENTITY_MOUNT game event for entity SeatEntity['Seat'/623298, l='ServerLevel[world]', x=-889.50, y=63.00, z=-2211.50] as it would cause deadlock
[08Aug2026 00:25:38.303] [Server thread/WARN] [ModernFix/]: Skipped emitting ENTITY_MOUNT game event for entity SeatEntity['Seat'/623300, l='ServerLevel[world]', x=-888.50, y=63.00, z=-2214.50] as it would cause deadlock
[08Aug2026 00:25:38.303] [Server thread/WARN] [ModernFix/]: Skipped emitting ENTITY_MOUNT game event for entity SeatEntity['Seat'/623302, l='ServerLevel[world]', x=-889.50, y=63.00, z=-2219.50] as it would cause deadlock
[08Aug2026 00:25:38.303] [Server thread/WARN] [ModernFix/]: Skipped emitting ENTITY_MOUNT game event for entity SeatEntity['Seat'/623304, l='ServerLevel[world]', x=-891.50, y=63.00, z=-2222.50] as it would cause deadlock
[08Aug2026 00:25:38.375] [Server thread/WARN] [ModernFix/]: Skipped emitting ENTITY_MOUNT game event for entity SeatEntity['Seat'/623313, l='ServerLevel[world]', x=-858.50, y=65.00, z=-2180.50] as it would cause deadlock
[08Aug2026 00:25:38.376] [Server thread/WARN] [ModernFix/]: Skipped emitting ENTITY_MOUNT game event for entity SeatEntity['Seat'/623316, l='ServerLevel[world]', x=-858.50, y=65.00, z=-2176.50] as it would cause deadlock
[08Aug2026 00:25:40.153] [Server thread/WARN] [ModernFix/]: Skipped emitting ENTITY_MOUNT game event for entity SeatEntity['Seat'/623469, l='ServerLevel[world]', x=-884.50, y=63.00, z=-2212.50] as it would cause deadlock
[08Aug2026 00:25:40.154] [Server thread/WARN] [ModernFix/]: Skipped emitting ENTITY_MOUNT game event for entity SeatEntity['Seat'/623471, l='ServerLevel[world]', x=-895.50, y=63.00, z=-2216.50] as it would cause deadlock
[08Aug2026 00:25:40.155] [Server thread/WARN] [ModernFix/]: Skipped emitting ENTITY_MOUNT game event for entity SeatEntity['Seat'/623473, l='ServerLevel[world]', x=-887.50, y=63.00, z=-2220.50] as it would cause deadlock
[08Aug2026 00:25:40.155] [Server thread/WARN] [ModernFix/]: Skipped emitting ENTITY_MOUNT game event for entity SeatEntity['Seat'/623475, l='ServerLevel[world]', x=-892.50, y=63.00, z=-2210.50] as it would cause deadlock
[08Aug2026 00:25:40.155] [Server thread/WARN] [ModernFix/]: Skipped emitting ENTITY_MOUNT game event for entity SeatEntity['Seat'/623477, l='ServerLevel[world]', x=-893.50, y=63.00, z=-2214.50] as it would cause deadlock
[08Aug2026 00:25:40.156] [Server thread/WARN] [ModernFix/]: Skipped emitting ENTITY_MOUNT game event for entity SeatEntity['Seat'/623479, l='ServerLevel[world]', x=-886.50, y=63.00, z=-2215.50] as it would cause deadlock
[08Aug2026 00:25:40.156] [Server thread/WARN] [ModernFix/]: Skipped emitting ENTITY_MOUNT game event for entity SeatEntity['Seat'/623481, l='ServerLevel[world]', x=-886.50, y=63.00, z=-2223.50] as it would cause deadlock
[08Aug2026 00:25:40.156] [Server thread/WARN] [ModernFix/]: Skipped emitting ENTITY_MOUNT game event for entity SeatEntity['Seat'/623483, l='ServerLevel[world]', x=-886.50, y=63.00, z=-2209.50] as it would cause deadlock
[08Aug2026 00:25:40.156] [Server thread/WARN] [ModernFix/]: Skipped emitting ENTITY_MOUNT game event for entity SeatEntity['Seat'/623485, l='ServerLevel[world]', x=-889.50, y=63.00, z=-2211.50] as it would cause deadlock
[08Aug2026 00:25:40.157] [Server thread/WARN] [ModernFix/]: Skipped emitting ENTITY_MOUNT game event for entity SeatEntity['Seat'/623487, l='ServerLevel[world]', x=-888.50, y=63.00, z=-2214.50] as it would cause deadlock
[08Aug2026 00:25:40.157] [Server thread/WARN] [ModernFix/]: Skipped emitting ENTITY_MOUNT game event for entity SeatEntity['Seat'/623489, l='ServerLevel[world]', x=-889.50, y=63.00, z=-2219.50] as it would cause deadlock
[08Aug2026 00:25:40.157] [Server thread/WARN] [ModernFix/]: Skipped emitting ENTITY_MOUNT game event for entity SeatEntity['Seat'/623491, l='ServerLevel[world]', x=-891.50, y=63.00, z=-2222.50] as it would cause deadlock
[08Aug2026 00:25:40.161] [Server thread/WARN] [ModernFix/]: Skipped emitting ENTITY_MOUNT game event for entity SeatEntity['Seat'/623500, l='ServerLevel[world]', x=-858.50, y=65.00, z=-2180.50] as it would cause deadlock
[08Aug2026 00:25:40.162] [Server thread/WARN] [ModernFix/]: Skipped emitting ENTITY_MOUNT game event for entity SeatEntity['Seat'/623503, l='ServerLevel[world]', x=-858.50, y=65.00, z=-2176.50] as it would cause deadlock
[08Aug2026 00:25:42.151] [Server thread/WARN] [ModernFix/]: Skipped emitting ENTITY_MOUNT game event for entity SeatEntity['Seat'/623597, l='ServerLevel[world]', x=-884.50, y=63.00, z=-2212.50] as it would cause deadlock
[08Aug2026 00:25:42.151] [Server thread/WARN] [ModernFix/]: Skipped emitting ENTITY_MOUNT game event for entity SeatEntity['Seat'/623599, l='ServerLevel[world]', x=-895.50, y=63.00, z=-2216.50] as it would cause deadlock
[08Aug2026 00:25:42.152] [Server thread/WARN] [ModernFix/]: Skipped emitting ENTITY_MOUNT game event for entity SeatEntity['Seat'/623601, l='ServerLevel[world]', x=-887.50, y=63.00, z=-2220.50] as it would cause deadlock
[08Aug2026 00:25:42.152] [Server thread/WARN] [ModernFix/]: Skipped emitting ENTITY_MOUNT game event for entity SeatEntity['Seat'/623603, l='ServerLevel[world]', x=-892.50, y=63.00, z=-2210.50] as it would cause deadlock
[08Aug2026 00:25:42.153] [Server thread/WARN] [ModernFix/]: Skipped emitting ENTITY_MOUNT game event for entity SeatEntity['Seat'/623605, l='ServerLevel[world]', x=-893.50, y=63.00, z=-2214.50] as it would cause deadlock
[08Aug2026 00:25:42.153] [Server thread/WARN] [ModernFix/]: Skipped emitting ENTITY_MOUNT game event for entity SeatEntity['Seat'/623607, l='ServerLevel[world]', x=-886.50, y=63.00, z=-2215.50] as it would cause deadlock
[08Aug2026 00:25:42.153] [Server thread/WARN] [ModernFix/]: Skipped emitting ENTITY_MOUNT game event for entity SeatEntity['Seat'/623609, l='ServerLevel[world]', x=-886.50, y=63.00, z=-2223.50] as it would cause deadlock
[08Aug2026 00:25:42.154] [Server thread/WARN] [ModernFix/]: Skipped emitting ENTITY_MOUNT game event for entity SeatEntity['Seat'/623611, l='ServerLevel[world]', x=-886.50, y=63.00, z=-2209.50] as it would cause deadlock
[08Aug2026 00:25:42.154] [Server thread/WARN] [ModernFix/]: Skipped emitting ENTITY_MOUNT game event for entity SeatEntity['Seat'/623613, l='ServerLevel[world]', x=-889.50, y=63.00, z=-2211.50] as it would cause deadlock
[08Aug2026 00:25:42.155] [Server thread/WARN] [ModernFix/]: Skipped emitting ENTITY_MOUNT game event for entity SeatEntity['Seat'/623615, l='ServerLevel[world]', x=-888.50, y=63.00, z=-2214.50] as it would cause deadlock
[08Aug2026 00:25:42.155] [Server thread/WARN] [ModernFix/]: Skipped emitting ENTITY_MOUNT game event for entity SeatEntity['Seat'/623617, l='ServerLevel[world]', x=-889.50, y=63.00, z=-2219.50] as it would cause deadlock
[08Aug2026 00:25:42.155] [Server thread/WARN] [ModernFix/]: Skipped emitting ENTITY_MOUNT game event for entity SeatEntity['Seat'/623619, l='ServerLevel[world]', x=-891.50, y=63.00, z=-2222.50] as it would cause deadlock
[08Aug2026 00:25:42.160] [Server thread/WARN] [ModernFix/]: Skipped emitting ENTITY_MOUNT game event for entity SeatEntity['Seat'/623628, l='ServerLevel[world]', x=-858.50, y=65.00, z=-2180.50] as it would cause deadlock
[08Aug2026 00:25:42.161] [Server thread/WARN] [ModernFix/]: Skipped emitting ENTITY_MOUNT game event for entity SeatEntity['Seat'/623631, l='ServerLevel[world]', x=-858.50, y=65.00, z=-2176.50] as it would cause deadlock
[08Aug2026 00:26:10.872] [Server thread/WARN] [net.minecraft.server.MinecraftServer/]: Can't keep up! Is the server overloaded? Running 2007ms or 40 ticks behind
[08Aug2026 00:26:18.389] [Server thread/WARN] [ModernFix/]: Skipped emitting ENTITY_MOUNT game event for entity SeatEntity['Seat'/625478, l='ServerLevel[world]', x=-782.50, y=73.00, z=-2624.50] as it would cause deadlock
[08Aug2026 00:26:18.389] [Server thread/WARN] [ModernFix/]: Skipped emitting ENTITY_MOUNT game event for entity SeatEntity['Seat'/625480, l='ServerLevel[world]', x=-780.50, y=73.00, z=-2624.50] as it would cause deadlock
[08Aug2026 00:26:18.832] [Server thread/WARN] [ModernFix/]: Skipped emitting ENTITY_MOUNT game event for entity SeatEntity['Seat'/625501, l='ServerLevel[world]', x=-782.50, y=73.00, z=-2624.50] as it would cause deadlock
[08Aug2026 00:26:18.833] [Server thread/WARN] [ModernFix/]: Skipped emitting ENTITY_MOUNT game event for entity SeatEntity['Seat'/625503, l='ServerLevel[world]', x=-780.50, y=73.00, z=-2624.50] as it would cause deadlock
[08Aug2026 00:26:19.326] [Server thread/WARN] [ModernFix/]: Skipped emitting ENTITY_MOUNT game event for entity SeatEntity['Seat'/625530, l='ServerLevel[world]', x=-782.50, y=73.00, z=-2624.50] as it would cause deadlock
[08Aug2026 00:26:19.326] [Server thread/WARN] [ModernFix/]: Skipped emitting ENTITY_MOUNT game event for entity SeatEntity['Seat'/625532, l='ServerLevel[world]', x=-780.50, y=73.00, z=-2624.50] as it would cause deadlock
[08Aug2026 00:26:20.194] [Server thread/WARN] [ModernFix/]: Skipped emitting ENTITY_MOUNT game event for entity SeatEntity['Seat'/625567, l='ServerLevel[world]', x=-782.50, y=73.00, z=-2624.50] as it would cause deadlock
[08Aug2026 00:26:20.195] [Server thread/WARN] [ModernFix/]: Skipped emitting ENTITY_MOUNT game event for entity SeatEntity['Seat'/625569, l='ServerLevel[world]', x=-780.50, y=73.00, z=-2624.50] as it would cause deadlock
[08Aug2026 00:26:20.473] [Server thread/WARN] [ModernFix/]: Skipped emitting ENTITY_MOUNT game event for entity SeatEntity['Seat'/625594, l='ServerLevel[world]', x=-782.50, y=73.00, z=-2624.50] as it would cause deadlock
[08Aug2026 00:26:20.474] [Server thread/WARN] [ModernFix/]: Skipped emitting ENTITY_MOUNT game event for entity SeatEntity['Seat'/625596, l='ServerLevel[world]', x=-780.50, y=73.00, z=-2624.50] as it would cause deadlock
[08Aug2026 00:26:21.868] [Server thread/WARN] [ModernFix/]: Skipped emitting ENTITY_MOUNT game event for entity SeatEntity['Seat'/625690, l='ServerLevel[world]', x=-782.50, y=73.00, z=-2624.50] as it would cause deadlock
[08Aug2026 00:26:21.869] [Server thread/WARN] [ModernFix/]: Skipped emitting ENTITY_MOUNT game event for entity SeatEntity['Seat'/625692, l='ServerLevel[world]', x=-780.50, y=73.00, z=-2624.50] as it would cause deadlock
[08Aug2026 00:26:22.050] [Server thread/WARN] [ModernFix/]: Skipped emitting ENTITY_MOUNT game event for entity SeatEntity['Seat'/625719, l='ServerLevel[world]', x=-782.50, y=73.00, z=-2624.50] as it would cause deadlock
[08Aug2026 00:26:22.050] [Server thread/WARN] [ModernFix/]: Skipped emitting ENTITY_MOUNT game event for entity SeatEntity['Seat'/625721, l='ServerLevel[world]', x=-780.50, y=73.00, z=-2624.50] as it would cause deadlock
[08Aug2026 00:26:28.028] [Server thread/WARN] [net.minecraft.server.MinecraftServer/]: Can't keep up! Is the server overloaded? Running 2163ms or 43 ticks behind
[08Aug2026 00:26:28.890] [Server thread/WARN] [ModernFix/]: Skipped emitting ENTITY_MOUNT game event for entity SeatEntity['Seat'/626047, l='ServerLevel[world]', x=-782.50, y=73.00, z=-2624.50] as it would cause deadlock
[08Aug2026 00:26:28.890] [Server thread/WARN] [ModernFix/]: Skipped emitting ENTITY_MOUNT game event for entity SeatEntity['Seat'/626049, l='ServerLevel[world]', x=-780.50, y=73.00, z=-2624.50] as it would cause deadlock
[08Aug2026 00:26:30.024] [Server thread/WARN] [ModernFix/]: Skipped emitting ENTITY_MOUNT game event for entity SeatEntity['Seat'/626102, l='ServerLevel[world]', x=-782.50, y=73.00, z=-2624.50] as it would cause deadlock
[08Aug2026 00:26:30.024] [Server thread/WARN] [ModernFix/]: Skipped emitting ENTITY_MOUNT game event for entity SeatEntity['Seat'/626104, l='ServerLevel[world]', x=-780.50, y=73.00, z=-2624.50] as it would cause deadlock
[08Aug2026 00:26:30.349] [Server thread/WARN] [ModernFix/]: Skipped emitting ENTITY_MOUNT game event for entity SeatEntity['Seat'/626126, l='ServerLevel[world]', x=-782.50, y=73.00, z=-2624.50] as it would cause deadlock
[08Aug2026 00:26:30.349] [Server thread/WARN] [ModernFix/]: Skipped emitting ENTITY_MOUNT game event for entity SeatEntity['Seat'/626128, l='ServerLevel[world]', x=-780.50, y=73.00, z=-2624.50] as it would cause deadlock
[08Aug2026 00:26:31.406] [Server thread/WARN] [ModernFix/]: Skipped emitting ENTITY_MOUNT game event for entity SeatEntity['Seat'/626165, l='ServerLevel[world]', x=-782.50, y=73.00, z=-2624.50] as it would cause deadlock
[08Aug2026 00:26:31.407] [Server thread/WARN] [ModernFix/]: Skipped emitting ENTITY_MOUNT game event for entity SeatEntity['Seat'/626167, l='ServerLevel[world]', x=-780.50, y=73.00, z=-2624.50] as it would cause deadlock
[08Aug2026 00:26:32.919] [Server thread/WARN] [ModernFix/]: Skipped emitting ENTITY_MOUNT game event for entity SeatEntity['Seat'/626250, l='ServerLevel[world]', x=-782.50, y=73.00, z=-2624.50] as it would cause deadlock
[08Aug2026 00:26:32.919] [Server thread/WARN] [ModernFix/]: Skipped emitting ENTITY_MOUNT game event for entity SeatEntity['Seat'/626252, l='ServerLevel[world]', x=-780.50, y=73.00, z=-2624.50] as it would cause deadlock
[08Aug2026 00:26:37.972] [Server thread/WARN] [ModernFix/]: Skipped emitting ENTITY_MOUNT game event for entity SeatEntity['Seat'/626434, l='ServerLevel[world]', x=-784.50, y=73.00, z=-2624.50] as it would cause deadlock
[08Aug2026 00:26:37.973] [Server thread/WARN] [ModernFix/]: Skipped emitting ENTITY_MOUNT game event for entity SeatEntity['Seat'/626438, l='ServerLevel[world]', x=-782.50, y=73.00, z=-2624.50] as it would cause deadlock
[08Aug2026 00:26:37.973] [Server thread/WARN] [ModernFix/]: Skipped emitting ENTITY_MOUNT game event for entity SeatEntity['Seat'/626440, l='ServerLevel[world]', x=-780.50, y=73.00, z=-2624.50] as it would cause deadlock
[08Aug2026 00:26:38.484] [Server thread/WARN] [ModernFix/]: Skipped emitting ENTITY_MOUNT game event for entity SeatEntity['Seat'/626504, l='ServerLevel[world]', x=-784.50, y=73.00, z=-2624.50] as it would cause deadlock
[08Aug2026 00:26:38.485] [Server thread/WARN] [ModernFix/]: Skipped emitting ENTITY_MOUNT game event for entity SeatEntity['Seat'/626508, l='ServerLevel[world]', x=-782.50, y=73.00, z=-2624.50] as it would cause deadlock
[08Aug2026 00:26:38.486] [Server thread/WARN] [ModernFix/]: Skipped emitting ENTITY_MOUNT game event for entity SeatEntity['Seat'/626510, l='ServerLevel[world]', x=-780.50, y=73.00, z=-2624.50] as it would cause deadlock
[08Aug2026 00:26:42.106] [Server thread/WARN] [ModernFix/]: Skipped emitting ENTITY_MOUNT game event for entity SeatEntity['Seat'/626724, l='ServerLevel[world]', x=-784.50, y=73.00, z=-2624.50] as it would cause deadlock
[08Aug2026 00:26:42.107] [Server thread/WARN] [ModernFix/]: Skipped emitting ENTITY_MOUNT game event for entity SeatEntity['Seat'/626728, l='ServerLevel[world]', x=-782.50, y=73.00, z=-2624.50] as it would cause deadlock
[08Aug2026 00:26:42.107] [Server thread/WARN] [ModernFix/]: Skipped emitting ENTITY_MOUNT game event for entity SeatEntity['Seat'/626730, l='ServerLevel[world]', x=-780.50, y=73.00, z=-2624.50] as it would cause deadlock
[08Aug2026 00:26:43.065] [Server thread/WARN] [ModernFix/]: Skipped emitting ENTITY_MOUNT game event for entity SeatEntity['Seat'/626793, l='ServerLevel[world]', x=-784.50, y=73.00, z=-2624.50] as it would cause deadlock
[08Aug2026 00:26:43.066] [Server thread/WARN] [ModernFix/]: Skipped emitting ENTITY_MOUNT game event for entity SeatEntity['Seat'/626797, l='ServerLevel[world]', x=-782.50, y=73.00, z=-2624.50] as it would cause deadlock
[08Aug2026 00:26:43.067] [Server thread/WARN] [ModernFix/]: Skipped emitting ENTITY_MOUNT game event for entity SeatEntity['Seat'/626799, l='ServerLevel[world]', x=-780.50, y=73.00, z=-2624.50] as it would cause deadlock
[08Aug2026 00:26:43.796] [Server thread/WARN] [ModernFix/]: Skipped emitting ENTITY_MOUNT game event for entity SeatEntity['Seat'/626886, l='ServerLevel[world]', x=-784.50, y=73.00, z=-2624.50] as it would cause deadlock
[08Aug2026 00:26:43.797] [Server thread/WARN] [ModernFix/]: Skipped emitting ENTITY_MOUNT game event for entity SeatEntity['Seat'/626890, l='ServerLevel[world]', x=-782.50, y=73.00, z=-2624.50] as it would cause deadlock
[08Aug2026 00:26:43.798] [Server thread/WARN] [ModernFix/]: Skipped emitting ENTITY_MOUNT game event for entity SeatEntity['Seat'/626892, l='ServerLevel[world]', x=-780.50, y=73.00, z=-2624.50] as it would cause deadlock
[08Aug2026 00:26:44.349] [Server thread/WARN] [ModernFix/]: Skipped emitting ENTITY_MOUNT game event for entity SeatEntity['Seat'/626919, l='ServerLevel[world]', x=-784.50, y=73.00, z=-2624.50] as it would cause deadlock
[08Aug2026 00:26:44.350] [Server thread/WARN] [ModernFix/]: Skipped emitting ENTITY_MOUNT game event for entity SeatEntity['Seat'/626923, l='ServerLevel[world]', x=-782.50, y=73.00, z=-2624.50] as it would cause deadlock
[08Aug2026 00:26:44.350] [Server thread/WARN] [ModernFix/]: Skipped emitting ENTITY_MOUNT game event for entity SeatEntity['Seat'/626925, l='ServerLevel[world]', x=-780.50, y=73.00, z=-2624.50] as it would cause deadlock
[08Aug2026 00:26:44.837] [Server thread/WARN] [ModernFix/]: Skipped emitting ENTITY_MOUNT game event for entity SeatEntity['Seat'/626950, l='ServerLevel[world]', x=-784.50, y=73.00, z=-2624.50] as it would cause deadlock
[08Aug2026 00:26:44.838] [Server thread/WARN] [ModernFix/]: Skipped emitting ENTITY_MOUNT game event for entity SeatEntity['Seat'/626954, l='ServerLevel[world]', x=-782.50, y=73.00, z=-2624.50] as it would cause deadlock
[08Aug2026 00:26:44.839] [Server thread/WARN] [ModernFix/]: Skipped emitting ENTITY_MOUNT game event for entity SeatEntity['Seat'/626956, l='ServerLevel[world]', x=-780.50, y=73.00, z=-2624.50] as it would cause deadlock
[08Aug2026 00:26:47.652] [Server thread/WARN] [ModernFix/]: Skipped emitting ENTITY_MOUNT game event for entity SeatEntity['Seat'/627220, l='ServerLevel[world]', x=-784.50, y=73.00, z=-2624.50] as it would cause deadlock
[08Aug2026 00:26:47.654] [Server thread/WARN] [ModernFix/]: Skipped emitting ENTITY_MOUNT game event for entity SeatEntity['Seat'/627224, l='ServerLevel[world]', x=-782.50, y=73.00, z=-2624.50] as it would cause deadlock
[08Aug2026 00:26:47.654] [Server thread/WARN] [ModernFix/]: Skipped emitting ENTITY_MOUNT game event for entity SeatEntity['Seat'/627226, l='ServerLevel[world]', x=-780.50, y=73.00, z=-2624.50] as it would cause deadlock
[08Aug2026 00:26:47.953] [Server thread/INFO] [net.minecraft.server.MinecraftServer/]: Anubis_11 has made the advancement [Pic-A-Nic Basket?]
[08Aug2026 00:26:49.567] [Server thread/INFO] [net.minecraft.server.MinecraftServer/]: xClas06 has made the advancement [Pic-A-Nic Basket?]
[08Aug2026 00:26:49.710] [Server thread/WARN] [ModernFix/]: Skipped emitting ENTITY_MOUNT game event for entity SeatEntity['Seat'/627372, l='ServerLevel[world]', x=-784.50, y=73.00, z=-2624.50] as it would cause deadlock
[08Aug2026 00:26:49.711] [Server thread/WARN] [ModernFix/]: Skipped emitting ENTITY_MOUNT game event for entity SeatEntity['Seat'/627376, l='ServerLevel[world]', x=-782.50, y=73.00, z=-2624.50] as it would cause deadlock
[08Aug2026 00:26:49.711] [Server thread/WARN] [ModernFix/]: Skipped emitting ENTITY_MOUNT game event for entity SeatEntity['Seat'/627378, l='ServerLevel[world]', x=-780.50, y=73.00, z=-2624.50] as it would cause deadlock
[08Aug2026 00:26:50.294] [Server thread/WARN] [ModernFix/]: Skipped emitting ENTITY_MOUNT game event for entity SeatEntity['Seat'/627417, l='ServerLevel[world]', x=-784.50, y=73.00, z=-2624.50] as it would cause deadlock
[08Aug2026 00:26:50.295] [Server thread/WARN] [ModernFix/]: Skipped emitting ENTITY_MOUNT game event for entity SeatEntity['Seat'/627421, l='ServerLevel[world]', x=-782.50, y=73.00, z=-2624.50] as it would cause deadlock
[08Aug2026 00:26:50.296] [Server thread/WARN] [ModernFix/]: Skipped emitting ENTITY_MOUNT game event for entity SeatEntity['Seat'/627423, l='ServerLevel[world]', x=-780.50, y=73.00, z=-2624.50] as it would cause deadlock
[08Aug2026 00:26:51.856] [Server thread/WARN] [ModernFix/]: Skipped emitting ENTITY_MOUNT game event for entity SeatEntity['Seat'/627507, l='ServerLevel[world]', x=-784.50, y=73.00, z=-2624.50] as it would cause deadlock
[08Aug2026 00:26:51.857] [Server thread/WARN] [ModernFix/]: Skipped emitting ENTITY_MOUNT game event for entity SeatEntity['Seat'/627511, l='ServerLevel[world]', x=-782.50, y=73.00, z=-2624.50] as it would cause deadlock
[08Aug2026 00:26:51.858] [Server thread/WARN] [ModernFix/]: Skipped emitting ENTITY_MOUNT game event for entity SeatEntity['Seat'/627513, l='ServerLevel[world]', x=-780.50, y=73.00, z=-2624.50] as it would cause deadlock
[08Aug2026 00:26:52.791] [Server thread/WARN] [ModernFix/]: Skipped emitting ENTITY_MOUNT game event for entity SeatEntity['Seat'/627546, l='ServerLevel[world]', x=-784.50, y=73.00, z=-2624.50] as it would cause deadlock
[08Aug2026 00:26:52.792] [Server thread/WARN] [ModernFix/]: Skipped emitting ENTITY_MOUNT game event for entity SeatEntity['Seat'/627550, l='ServerLevel[world]', x=-782.50, y=73.00, z=-2624.50] as it would cause deadlock
[08Aug2026 00:26:52.792] [Server thread/WARN] [ModernFix/]: Skipped emitting ENTITY_MOUNT game event for entity SeatEntity['Seat'/627552, l='ServerLevel[world]', x=-780.50, y=73.00, z=-2624.50] as it would cause deadlock
[08Aug2026 00:26:53.132] [Server thread/WARN] [ModernFix/]: Skipped emitting ENTITY_MOUNT game event for entity SeatEntity['Seat'/627574, l='ServerLevel[world]', x=-784.50, y=73.00, z=-2624.50] as it would cause deadlock
[08Aug2026 00:26:53.133] [Server thread/WARN] [ModernFix/]: Skipped emitting ENTITY_MOUNT game event for entity SeatEntity['Seat'/627578, l='ServerLevel[world]', x=-782.50, y=73.00, z=-2624.50] as it would cause deadlock
[08Aug2026 00:26:53.133] [Server thread/WARN] [ModernFix/]: Skipped emitting ENTITY_MOUNT game event for entity SeatEntity['Seat'/627580, l='ServerLevel[world]', x=-780.50, y=73.00, z=-2624.50] as it would cause deadlock
[08Aug2026 00:26:54.405] [Server thread/WARN] [ModernFix/]: Skipped emitting ENTITY_MOUNT game event for entity SeatEntity['Seat'/627691, l='ServerLevel[world]', x=-784.50, y=73.00, z=-2624.50] as it would cause deadlock
[08Aug2026 00:26:54.405] [Server thread/WARN] [ModernFix/]: Skipped emitting ENTITY_MOUNT game event for entity SeatEntity['Seat'/627695, l='ServerLevel[world]', x=-782.50, y=73.00, z=-2624.50] as it would cause deadlock
[08Aug2026 00:26:54.406] [Server thread/WARN] [ModernFix/]: Skipped emitting ENTITY_MOUNT game event for entity SeatEntity['Seat'/627697, l='ServerLevel[world]', x=-780.50, y=73.00, z=-2624.50] as it would cause deadlock
[08Aug2026 00:26:55.546] [Server thread/WARN] [ModernFix/]: Skipped emitting ENTITY_MOUNT game event for entity SeatEntity['Seat'/627785, l='ServerLevel[world]', x=-784.50, y=73.00, z=-2624.50] as it would cause deadlock
[08Aug2026 00:26:55.548] [Server thread/WARN] [ModernFix/]: Skipped emitting ENTITY_MOUNT game event for entity SeatEntity['Seat'/627789, l='ServerLevel[world]', x=-782.50, y=73.00, z=-2624.50] as it would cause deadlock
[08Aug2026 00:26:55.548] [Server thread/WARN] [ModernFix/]: Skipped emitting ENTITY_MOUNT game event for entity SeatEntity['Seat'/627791, l='ServerLevel[world]', x=-780.50, y=73.00, z=-2624.50] as it would cause deadlock
[08Aug2026 00:26:56.817] [Server thread/INFO] [net.minecraft.server.MinecraftServer/]: xClas06 has made the advancement [Crawling in my Bark]
[08Aug2026 00:26:56.818] [Server thread/WARN] [net.minecraft.server.network.ServerGamePacketListenerImpl/]: xClas06 moved wrongly!
[08Aug2026 00:26:58.250] [Server thread/WARN] [ModernFix/]: Skipped emitting ENTITY_MOUNT game event for entity SeatEntity['Seat'/628009, l='ServerLevel[world]', x=-784.50, y=73.00, z=-2624.50] as it would cause deadlock
[08Aug2026 00:26:58.251] [Server thread/WARN] [ModernFix/]: Skipped emitting ENTITY_MOUNT game event for entity SeatEntity['Seat'/628013, l='ServerLevel[world]', x=-782.50, y=73.00, z=-2624.50] as it would cause deadlock
[08Aug2026 00:26:58.251] [Server thread/WARN] [ModernFix/]: Skipped emitting ENTITY_MOUNT game event for entity SeatEntity['Seat'/628015, l='ServerLevel[world]', x=-780.50, y=73.00, z=-2624.50] as it would cause deadlock
[08Aug2026 00:26:59.459] [Server thread/WARN] [ModernFix/]: Skipped emitting ENTITY_MOUNT game event for entity SeatEntity['Seat'/628115, l='ServerLevel[world]', x=-784.50, y=73.00, z=-2624.50] as it would cause deadlock
[08Aug2026 00:26:59.460] [Server thread/WARN] [ModernFix/]: Skipped emitting ENTITY_MOUNT game event for entity SeatEntity['Seat'/628119, l='ServerLevel[world]', x=-782.50, y=73.00, z=-2624.50] as it would cause deadlock
[08Aug2026 00:26:59.460] [Server thread/WARN] [ModernFix/]: Skipped emitting ENTITY_MOUNT game event for entity SeatEntity['Seat'/628121, l='ServerLevel[world]', x=-780.50, y=73.00, z=-2624.50] as it would cause deadlock
[08Aug2026 00:27:00.911] [Server thread/WARN] [ModernFix/]: Skipped emitting ENTITY_MOUNT game event for entity SeatEntity['Seat'/628210, l='ServerLevel[world]', x=-784.50, y=73.00, z=-2624.50] as it would cause deadlock
[08Aug2026 00:27:00.912] [Server thread/WARN] [ModernFix/]: Skipped emitting ENTITY_MOUNT game event for entity SeatEntity['Seat'/628214, l='ServerLevel[world]', x=-782.50, y=73.00, z=-2624.50] as it would cause deadlock
[08Aug2026 00:27:00.912] [Server thread/WARN] [ModernFix/]: Skipped emitting ENTITY_MOUNT game event for entity SeatEntity['Seat'/628216, l='ServerLevel[world]', x=-780.50, y=73.00, z=-2624.50] as it would cause deadlock
[08Aug2026 00:27:01.361] [Server thread/INFO] [net.minecraft.server.MinecraftServer/]: Anubis_11 has made the advancement [Crawling in my Bark]
[08Aug2026 00:27:01.819] [Server thread/WARN] [ModernFix/]: Skipped emitting ENTITY_MOUNT game event for entity SeatEntity['Seat'/628267, l='ServerLevel[world]', x=-784.50, y=73.00, z=-2624.50] as it would cause deadlock
[08Aug2026 00:27:01.820] [Server thread/WARN] [ModernFix/]: Skipped emitting ENTITY_MOUNT game event for entity SeatEntity['Seat'/628271, l='ServerLevel[world]', x=-782.50, y=73.00, z=-2624.50] as it would cause deadlock
[08Aug2026 00:27:01.820] [Server thread/WARN] [ModernFix/]: Skipped emitting ENTITY_MOUNT game event for entity SeatEntity['Seat'/628273, l='ServerLevel[world]', x=-780.50, y=73.00, z=-2624.50] as it would cause deadlock
[08Aug2026 00:27:03.417] [Server thread/WARN] [ModernFix/]: Skipped emitting ENTITY_MOUNT game event for entity SeatEntity['Seat'/628358, l='ServerLevel[world]', x=-784.50, y=73.00, z=-2624.50] as it would cause deadlock
[08Aug2026 00:27:03.418] [Server thread/WARN] [ModernFix/]: Skipped emitting ENTITY_MOUNT game event for entity SeatEntity['Seat'/628362, l='ServerLevel[world]', x=-782.50, y=73.00, z=-2624.50] as it would cause deadlock
[08Aug2026 00:27:03.418] [Server thread/WARN] [ModernFix/]: Skipped emitting ENTITY_MOUNT game event for entity SeatEntity['Seat'/628364, l='ServerLevel[world]', x=-780.50, y=73.00, z=-2624.50] as it would cause deadlock
[08Aug2026 00:27:03.962] [Server thread/WARN] [ModernFix/]: Skipped emitting ENTITY_MOUNT game event for entity SeatEntity['Seat'/628389, l='ServerLevel[world]', x=-784.50, y=73.00, z=-2624.50] as it would cause deadlock
[08Aug2026 00:27:03.962] [Server thread/WARN] [ModernFix/]: Skipped emitting ENTITY_MOUNT game event for entity SeatEntity['Seat'/628393, l='ServerLevel[world]', x=-782.50, y=73.00, z=-2624.50] as it would cause deadlock
[08Aug2026 00:27:03.963] [Server thread/WARN] [ModernFix/]: Skipped emitting ENTITY_MOUNT game event for entity SeatEntity['Seat'/628395, l='ServerLevel[world]', x=-780.50, y=73.00, z=-2624.50] as it would cause deadlock
[08Aug2026 00:27:07.298] [Server thread/WARN] [net.minecraft.server.network.ServerGamePacketListenerImpl/]: Anubis_11 moved wrongly!
[08Aug2026 00:27:07.589] [Server thread/WARN] [net.minecraft.server.network.ServerGamePacketListenerImpl/]: Anubis_11 moved wrongly!
[08Aug2026 00:27:07.955] [Server thread/WARN] [net.minecraft.server.network.ServerGamePacketListenerImpl/]: Anubis_11 moved wrongly!
[08Aug2026 00:27:08.124] [Server thread/WARN] [net.minecraft.server.network.ServerGamePacketListenerImpl/]: Anubis_11 moved wrongly!
[08Aug2026 00:27:08.517] [Server thread/WARN] [net.minecraft.server.network.ServerGamePacketListenerImpl/]: Anubis_11 moved wrongly!
[08Aug2026 00:27:08.690] [Server thread/WARN] [net.minecraft.server.network.ServerGamePacketListenerImpl/]: Anubis_11 moved wrongly!
[08Aug2026 00:27:09.228] [Server thread/WARN] [net.minecraft.server.network.ServerGamePacketListenerImpl/]: Anubis_11 moved wrongly!
[08Aug2026 00:27:09.398] [Server thread/WARN] [net.minecraft.server.network.ServerGamePacketListenerImpl/]: Anubis_11 moved wrongly!
[08Aug2026 00:27:09.723] [Server thread/WARN] [net.minecraft.server.network.ServerGamePacketListenerImpl/]: Anubis_11 moved wrongly!
[08Aug2026 00:27:09.909] [Server thread/WARN] [net.minecraft.server.network.ServerGamePacketListenerImpl/]: Anubis_11 moved wrongly!
[08Aug2026 00:27:10.105] [Server thread/WARN] [net.minecraft.server.network.ServerGamePacketListenerImpl/]: Anubis_11 moved wrongly!
[08Aug2026 00:27:10.317] [Server thread/WARN] [ModernFix/]: Skipped emitting ENTITY_MOUNT game event for entity SeatEntity['Seat'/628705, l='ServerLevel[world]', x=-784.50, y=73.00, z=-2624.50] as it would cause deadlock
[08Aug2026 00:27:10.317] [Server thread/WARN] [ModernFix/]: Skipped emitting ENTITY_MOUNT game event for entity SeatEntity['Seat'/628709, l='ServerLevel[world]', x=-782.50, y=73.00, z=-2624.50] as it would cause deadlock
[08Aug2026 00:27:10.318] [Server thread/WARN] [ModernFix/]: Skipped emitting ENTITY_MOUNT game event for entity SeatEntity['Seat'/628711, l='ServerLevel[world]', x=-780.50, y=73.00, z=-2624.50] as it would cause deadlock
[08Aug2026 00:27:11.347] [Server thread/WARN] [ModernFix/]: Skipped emitting ENTITY_MOUNT game event for entity SeatEntity['Seat'/628782, l='ServerLevel[world]', x=-784.50, y=73.00, z=-2624.50] as it would cause deadlock
[08Aug2026 00:27:11.348] [Server thread/WARN] [ModernFix/]: Skipped emitting ENTITY_MOUNT game event for entity SeatEntity['Seat'/628786, l='ServerLevel[world]', x=-782.50, y=73.00, z=-2624.50] as it would cause deadlock
[08Aug2026 00:27:11.349] [Server thread/WARN] [ModernFix/]: Skipped emitting ENTITY_MOUNT game event for entity SeatEntity['Seat'/628788, l='ServerLevel[world]', x=-780.50, y=73.00, z=-2624.50] as it would cause deadlock
[08Aug2026 00:27:12.416] [Server thread/WARN] [ModernFix/]: Skipped emitting ENTITY_MOUNT game event for entity SeatEntity['Seat'/628855, l='ServerLevel[world]', x=-784.50, y=73.00, z=-2624.50] as it would cause deadlock
[08Aug2026 00:27:12.417] [Server thread/WARN] [ModernFix/]: Skipped emitting ENTITY_MOUNT game event for entity SeatEntity['Seat'/628859, l='ServerLevel[world]', x=-782.50, y=73.00, z=-2624.50] as it would cause deadlock
[08Aug2026 00:27:12.417] [Server thread/WARN] [ModernFix/]: Skipped emitting ENTITY_MOUNT game event for entity SeatEntity['Seat'/628861, l='ServerLevel[world]', x=-780.50, y=73.00, z=-2624.50] as it would cause deadlock
[08Aug2026 00:27:12.964] [Server thread/WARN] [net.minecraft.server.network.ServerGamePacketListenerImpl/]: Anubis_11 moved wrongly!
[08Aug2026 00:27:13.102] [Server thread/WARN] [net.minecraft.server.network.ServerGamePacketListenerImpl/]: Anubis_11 moved wrongly!
[08Aug2026 00:27:14.906] [Server thread/WARN] [ModernFix/]: Skipped emitting ENTITY_MOUNT game event for entity SeatEntity['Seat'/629005, l='ServerLevel[world]', x=-784.50, y=73.00, z=-2624.50] as it would cause deadlock
[08Aug2026 00:27:14.907] [Server thread/WARN] [ModernFix/]: Skipped emitting ENTITY_MOUNT game event for entity SeatEntity['Seat'/629009, l='ServerLevel[world]', x=-782.50, y=73.00, z=-2624.50] as it would cause deadlock
[08Aug2026 00:27:14.908] [Server thread/WARN] [ModernFix/]: Skipped emitting ENTITY_MOUNT game event for entity SeatEntity['Seat'/629011, l='ServerLevel[world]', x=-780.50, y=73.00, z=-2624.50] as it would cause deadlock
[08Aug2026 00:27:15.206] [Server thread/WARN] [ModernFix/]: Skipped emitting ENTITY_MOUNT game event for entity SeatEntity['Seat'/629031, l='ServerLevel[world]', x=-784.50, y=73.00, z=-2624.50] as it would cause deadlock
[08Aug2026 00:27:15.207] [Server thread/WARN] [ModernFix/]: Skipped emitting ENTITY_MOUNT game event for entity SeatEntity['Seat'/629035, l='ServerLevel[world]', x=-782.50, y=73.00, z=-2624.50] as it would cause deadlock
[08Aug2026 00:27:15.208] [Server thread/WARN] [ModernFix/]: Skipped emitting ENTITY_MOUNT game event for entity SeatEntity['Seat'/629037, l='ServerLevel[world]', x=-780.50, y=73.00, z=-2624.50] as it would cause deadlock
[08Aug2026 00:27:17.319] [Server thread/WARN] [ModernFix/]: Skipped emitting ENTITY_MOUNT game event for entity SeatEntity['Seat'/629117, l='ServerLevel[world]', x=-784.50, y=73.00, z=-2624.50] as it would cause deadlock
[08Aug2026 00:27:17.320] [Server thread/WARN] [ModernFix/]: Skipped emitting ENTITY_MOUNT game event for entity SeatEntity['Seat'/629121, l='ServerLevel[world]', x=-782.50, y=73.00, z=-2624.50] as it would cause deadlock
[08Aug2026 00:27:17.320] [Server thread/WARN] [ModernFix/]: Skipped emitting ENTITY_MOUNT game event for entity SeatEntity['Seat'/629123, l='ServerLevel[world]', x=-780.50, y=73.00, z=-2624.50] as it would cause deadlock
[08Aug2026 00:27:21.499] [Server thread/WARN] [ModernFix/]: Skipped emitting ENTITY_MOUNT game event for entity SeatEntity['Seat'/629411, l='ServerLevel[world]', x=-843.50, y=67.00, z=-2595.50] as it would cause deadlock
[08Aug2026 00:27:21.798] [Server thread/WARN] [ModernFix/]: Skipped emitting ENTITY_MOUNT game event for entity SeatEntity['Seat'/629429, l='ServerLevel[world]', x=-843.50, y=67.00, z=-2595.50] as it would cause deadlock
[08Aug2026 00:27:22.297] [Server thread/WARN] [ModernFix/]: Skipped emitting ENTITY_MOUNT game event for entity SeatEntity['Seat'/629459, l='ServerLevel[world]', x=-843.50, y=67.00, z=-2595.50] as it would cause deadlock
[08Aug2026 00:27:23.566] [Server thread/WARN] [ModernFix/]: Skipped emitting ENTITY_MOUNT game event for entity SeatEntity['Seat'/629546, l='ServerLevel[world]', x=-843.50, y=67.00, z=-2595.50] as it would cause deadlock
[08Aug2026 00:27:23.963] [Server thread/WARN] [ModernFix/]: Skipped emitting ENTITY_MOUNT game event for entity SeatEntity['Seat'/629567, l='ServerLevel[world]', x=-843.50, y=67.00, z=-2595.50] as it would cause deadlock
[08Aug2026 00:27:24.244] [Server thread/WARN] [ModernFix/]: Skipped emitting ENTITY_MOUNT game event for entity SeatEntity['Seat'/629578, l='ServerLevel[world]', x=-843.50, y=67.00, z=-2595.50] as it would cause deadlock
[08Aug2026 00:27:24.454] [Server thread/WARN] [ModernFix/]: Skipped emitting ENTITY_MOUNT game event for entity SeatEntity['Seat'/629590, l='ServerLevel[world]', x=-843.50, y=67.00, z=-2595.50] as it would cause deadlock
[08Aug2026 00:27:24.812] [Server thread/WARN] [ModernFix/]: Skipped emitting ENTITY_MOUNT game event for entity SeatEntity['Seat'/629608, l='ServerLevel[world]', x=-843.50, y=67.00, z=-2595.50] as it would cause deadlock
[08Aug2026 00:27:25.582] [Server thread/WARN] [ModernFix/]: Skipped emitting ENTITY_MOUNT game event for entity SeatEntity['Seat'/629648, l='ServerLevel[world]', x=-843.50, y=67.00, z=-2595.50] as it would cause deadlock
[08Aug2026 00:27:26.351] [Server thread/WARN] [ModernFix/]: Skipped emitting ENTITY_MOUNT game event for entity SeatEntity['Seat'/629721, l='ServerLevel[world]', x=-843.50, y=67.00, z=-2595.50] as it would cause deadlock
[08Aug2026 00:27:26.566] [Server thread/WARN] [ModernFix/]: Skipped emitting ENTITY_MOUNT game event for entity SeatEntity['Seat'/629752, l='ServerLevel[world]', x=-843.50, y=67.00, z=-2595.50] as it would cause deadlock
[08Aug2026 00:27:29.212] [Server thread/WARN] [ModernFix/]: Skipped emitting ENTITY_MOUNT game event for entity SeatEntity['Seat'/629947, l='ServerLevel[world]', x=-843.50, y=67.00, z=-2595.50] as it would cause deadlock
[08Aug2026 00:27:29.414] [Server thread/INFO] [net.minecraft.server.MinecraftServer/]: [Not Secure] <Anubis_11> xaero-waypoint:Base:B:-1093:86:-2763:10:false:0:Internal-overworld-waypoints
[08Aug2026 00:27:30.059] [Server thread/WARN] [ModernFix/]: Skipped emitting ENTITY_MOUNT game event for entity SeatEntity['Seat'/629999, l='ServerLevel[world]', x=-843.50, y=67.00, z=-2595.50] as it would cause deadlock
[08Aug2026 00:27:31.069] [Server thread/WARN] [ModernFix/]: Skipped emitting ENTITY_MOUNT game event for entity SeatEntity['Seat'/630096, l='ServerLevel[world]', x=-843.50, y=67.00, z=-2595.50] as it would cause deadlock
[08Aug2026 00:27:31.529] [Server thread/WARN] [ModernFix/]: Skipped emitting ENTITY_MOUNT game event for entity SeatEntity['Seat'/630138, l='ServerLevel[world]', x=-843.50, y=67.00, z=-2595.50] as it would cause deadlock
[08Aug2026 00:27:32.274] [Server thread/WARN] [ModernFix/]: Skipped emitting ENTITY_MOUNT game event for entity SeatEntity['Seat'/630221, l='ServerLevel[world]', x=-843.50, y=67.00, z=-2595.50] as it would cause deadlock
[08Aug2026 00:27:32.695] [Server thread/WARN] [ModernFix/]: Skipped emitting ENTITY_MOUNT game event for entity SeatEntity['Seat'/630253, l='ServerLevel[world]', x=-843.50, y=67.00, z=-2595.50] as it would cause deadlock
[08Aug2026 00:27:34.250] [Server thread/WARN] [ModernFix/]: Skipped emitting ENTITY_MOUNT game event for entity SeatEntity['Seat'/630354, l='ServerLevel[world]', x=-843.50, y=67.00, z=-2595.50] as it would cause deadlock
[08Aug2026 00:27:35.980] [Server thread/WARN] [ModernFix/]: Skipped emitting ENTITY_MOUNT game event for entity SeatEntity['Seat'/630517, l='ServerLevel[world]', x=-843.50, y=67.00, z=-2595.50] as it would cause deadlock
[08Aug2026 00:27:36.148] [Server thread/WARN] [ModernFix/]: Skipped emitting ENTITY_MOUNT game event for entity SeatEntity['Seat'/630548, l='ServerLevel[world]', x=-843.50, y=67.00, z=-2595.50] as it would cause deadlock
[08Aug2026 00:27:37.751] [Server thread/WARN] [ModernFix/]: Skipped emitting ENTITY_MOUNT game event for entity SeatEntity['Seat'/630705, l='ServerLevel[world]', x=-843.50, y=67.00, z=-2595.50] as it would cause deadlock
[08Aug2026 00:27:37.952] [Server thread/WARN] [ModernFix/]: Skipped emitting ENTITY_MOUNT game event for entity SeatEntity['Seat'/630713, l='ServerLevel[world]', x=-843.50, y=67.00, z=-2595.50] as it would cause deadlock
[08Aug2026 00:27:38.949] [Server thread/WARN] [ModernFix/]: Skipped emitting ENTITY_MOUNT game event for entity SeatEntity['Seat'/630826, l='ServerLevel[world]', x=-843.50, y=67.00, z=-2595.50] as it would cause deadlock
[08Aug2026 00:27:39.153] [Server thread/WARN] [ModernFix/]: Skipped emitting ENTITY_MOUNT game event for entity SeatEntity['Seat'/630858, l='ServerLevel[world]', x=-843.50, y=67.00, z=-2595.50] as it would cause deadlock
[08Aug2026 00:27:39.577] [Server thread/WARN] [ModernFix/]: Skipped emitting ENTITY_MOUNT game event for entity SeatEntity['Seat'/630865, l='ServerLevel[world]', x=-843.50, y=67.00, z=-2595.50] as it would cause deadlock
[08Aug2026 00:27:40.002] [Server thread/WARN] [ModernFix/]: Skipped emitting ENTITY_MOUNT game event for entity SeatEntity['Seat'/630928, l='ServerLevel[world]', x=-843.50, y=67.00, z=-2595.50] as it would cause deadlock
[08Aug2026 00:27:40.641] [Server thread/WARN] [ModernFix/]: Skipped emitting ENTITY_MOUNT game event for entity SeatEntity['Seat'/630997, l='ServerLevel[world]', x=-843.50, y=67.00, z=-2595.50] as it would cause deadlock
[08Aug2026 00:27:40.856] [Server thread/WARN] [ModernFix/]: Skipped emitting ENTITY_MOUNT game event for entity SeatEntity['Seat'/631012, l='ServerLevel[world]', x=-843.50, y=67.00, z=-2595.50] as it would cause deadlock
[08Aug2026 00:27:41.100] [Server thread/WARN] [ModernFix/]: Skipped emitting ENTITY_MOUNT game event for entity SeatEntity['Seat'/631032, l='ServerLevel[world]', x=-843.50, y=67.00, z=-2595.50] as it would cause deadlock
[08Aug2026 00:27:41.649] [Server thread/WARN] [ModernFix/]: Skipped emitting ENTITY_MOUNT game event for entity SeatEntity['Seat'/631080, l='ServerLevel[world]', x=-843.50, y=67.00, z=-2595.50] as it would cause deadlock
[08Aug2026 00:27:42.395] [Server thread/WARN] [ModernFix/]: Skipped emitting ENTITY_MOUNT game event for entity SeatEntity['Seat'/631131, l='ServerLevel[world]', x=-843.50, y=67.00, z=-2595.50] as it would cause deadlock
[08Aug2026 00:27:43.555] [Server thread/WARN] [ModernFix/]: Skipped emitting ENTITY_MOUNT game event for entity SeatEntity['Seat'/631186, l='ServerLevel[world]', x=-843.50, y=67.00, z=-2595.50] as it would cause deadlock
[08Aug2026 00:27:44.145] [Server thread/WARN] [ModernFix/]: Skipped emitting ENTITY_MOUNT game event for entity SeatEntity['Seat'/631237, l='ServerLevel[world]', x=-843.50, y=67.00, z=-2595.50] as it would cause deadlock
[08Aug2026 00:27:45.313] [Server thread/WARN] [ModernFix/]: Skipped emitting ENTITY_MOUNT game event for entity SeatEntity['Seat'/631313, l='ServerLevel[world]', x=-843.50, y=67.00, z=-2595.50] as it would cause deadlock
[08Aug2026 00:27:46.663] [Server thread/WARN] [ModernFix/]: Skipped emitting ENTITY_MOUNT game event for entity SeatEntity['Seat'/631456, l='ServerLevel[world]', x=-843.50, y=67.00, z=-2595.50] as it would cause deadlock
[08Aug2026 00:27:47.129] [Server thread/INFO] [net.minecraft.server.MinecraftServer/]: xClas06 has made the advancement [Deep Blues]
[08Aug2026 00:27:47.766] [Server thread/WARN] [ModernFix/]: Skipped emitting ENTITY_MOUNT game event for entity SeatEntity['Seat'/631549, l='ServerLevel[world]', x=-843.50, y=67.00, z=-2595.50] as it would cause deadlock
[08Aug2026 00:27:48.385] [Server thread/WARN] [ModernFix/]: Skipped emitting ENTITY_MOUNT game event for entity SeatEntity['Seat'/631588, l='ServerLevel[world]', x=-843.50, y=67.00, z=-2595.50] as it would cause deadlock
[08Aug2026 00:27:48.684] [Server thread/WARN] [ModernFix/]: Skipped emitting ENTITY_MOUNT game event for entity SeatEntity['Seat'/631609, l='ServerLevel[world]', x=-843.50, y=67.00, z=-2595.50] as it would cause deadlock
[08Aug2026 00:27:48.868] [Server thread/WARN] [ModernFix/]: Skipped emitting ENTITY_MOUNT game event for entity SeatEntity['Seat'/631623, l='ServerLevel[world]', x=-843.50, y=67.00, z=-2595.50] as it would cause deadlock
[08Aug2026 00:27:49.848] [Server thread/WARN] [ModernFix/]: Skipped emitting ENTITY_MOUNT game event for entity SeatEntity['Seat'/631728, l='ServerLevel[world]', x=-843.50, y=67.00, z=-2595.50] as it would cause deadlock
[08Aug2026 00:27:50.124] [Server thread/WARN] [ModernFix/]: Skipped emitting ENTITY_MOUNT game event for entity SeatEntity['Seat'/631734, l='ServerLevel[world]', x=-843.50, y=67.00, z=-2595.50] as it would cause deadlock
[08Aug2026 00:27:50.398] [Server thread/WARN] [ModernFix/]: Skipped emitting ENTITY_MOUNT game event for entity SeatEntity['Seat'/631769, l='ServerLevel[world]', x=-843.50, y=67.00, z=-2595.50] as it would cause deadlock
[08Aug2026 00:27:50.964] [Server thread/WARN] [ModernFix/]: Skipped emitting ENTITY_MOUNT game event for entity SeatEntity['Seat'/631833, l='ServerLevel[world]', x=-843.50, y=67.00, z=-2595.50] as it would cause deadlock
[08Aug2026 00:27:51.791] [Server thread/WARN] [ModernFix/]: Skipped emitting ENTITY_MOUNT game event for entity SeatEntity['Seat'/631866, l='ServerLevel[world]', x=-843.50, y=67.00, z=-2595.50] as it would cause deadlock
[08Aug2026 00:27:51.999] [Server thread/WARN] [ModernFix/]: Skipped emitting ENTITY_MOUNT game event for entity SeatEntity['Seat'/631882, l='ServerLevel[world]', x=-843.50, y=67.00, z=-2595.50] as it would cause deadlock
[08Aug2026 00:27:52.455] [Server thread/WARN] [ModernFix/]: Skipped emitting ENTITY_MOUNT game event for entity SeatEntity['Seat'/631915, l='ServerLevel[world]', x=-843.50, y=67.00, z=-2595.50] as it would cause deadlock
[08Aug2026 00:27:52.791] [Server thread/WARN] [ModernFix/]: Skipped emitting ENTITY_MOUNT game event for entity SeatEntity['Seat'/631921, l='ServerLevel[world]', x=-843.50, y=67.00, z=-2595.50] as it would cause deadlock
[08Aug2026 00:27:53.048] [Server thread/WARN] [ModernFix/]: Skipped emitting ENTITY_MOUNT game event for entity SeatEntity['Seat'/631954, l='ServerLevel[world]', x=-843.50, y=67.00, z=-2595.50] as it would cause deadlock
[08Aug2026 00:27:53.242] [Server thread/WARN] [ModernFix/]: Skipped emitting ENTITY_MOUNT game event for entity SeatEntity['Seat'/631962, l='ServerLevel[world]', x=-843.50, y=67.00, z=-2595.50] as it would cause deadlock
[08Aug2026 00:27:54.297] [Server thread/WARN] [ModernFix/]: Skipped emitting ENTITY_MOUNT game event for entity SeatEntity['Seat'/632075, l='ServerLevel[world]', x=-843.50, y=67.00, z=-2595.50] as it would cause deadlock
[08Aug2026 00:27:54.700] [Server thread/WARN] [ModernFix/]: Skipped emitting ENTITY_MOUNT game event for entity SeatEntity['Seat'/632089, l='ServerLevel[world]', x=-843.50, y=67.00, z=-2595.50] as it would cause deadlock
[08Aug2026 00:27:54.895] [Server thread/WARN] [ModernFix/]: Skipped emitting ENTITY_MOUNT game event for entity SeatEntity['Seat'/632181, l='ServerLevel[world]', x=-843.50, y=67.00, z=-2595.50] as it would cause deadlock
[08Aug2026 00:27:57.090] [Server thread/WARN] [ModernFix/]: Skipped emitting ENTITY_MOUNT game event for entity SeatEntity['Seat'/632578, l='ServerLevel[world]', x=-843.50, y=67.00, z=-2595.50] as it would cause deadlock
[08Aug2026 00:27:59.147] [Server thread/WARN] [ModernFix/]: Skipped emitting ENTITY_MOUNT game event for entity SeatEntity['Seat'/632769, l='ServerLevel[world]', x=-843.50, y=67.00, z=-2595.50] as it would cause deadlock
[08Aug2026 00:27:59.642] [Server thread/WARN] [ModernFix/]: Skipped emitting ENTITY_MOUNT game event for entity SeatEntity['Seat'/632829, l='ServerLevel[world]', x=-843.50, y=67.00, z=-2595.50] as it would cause deadlock
[08Aug2026 00:28:00.652] [Server thread/WARN] [ModernFix/]: Skipped emitting ENTITY_MOUNT game event for entity SeatEntity['Seat'/633007, l='ServerLevel[world]', x=-843.50, y=67.00, z=-2595.50] as it would cause deadlock
[08Aug2026 00:28:02.157] [Server thread/WARN] [ModernFix/]: Skipped emitting ENTITY_MOUNT game event for entity SeatEntity['Seat'/633255, l='ServerLevel[world]', x=-843.50, y=67.00, z=-2595.50] as it would cause deadlock
[08Aug2026 00:28:02.659] [Server thread/WARN] [ModernFix/]: Skipped emitting ENTITY_MOUNT game event for entity SeatEntity['Seat'/633296, l='ServerLevel[world]', x=-843.50, y=67.00, z=-2595.50] as it would cause deadlock
[08Aug2026 00:28:03.260] [Server thread/WARN] [ModernFix/]: Skipped emitting ENTITY_MOUNT game event for entity SeatEntity['Seat'/633403, l='ServerLevel[world]', x=-843.50, y=67.00, z=-2595.50] as it would cause deadlock
[08Aug2026 00:28:04.883] [Server thread/WARN] [ModernFix/]: Skipped emitting ENTITY_MOUNT game event for entity SeatEntity['Seat'/633641, l='ServerLevel[world]', x=-843.50, y=67.00, z=-2595.50] as it would cause deadlock
[08Aug2026 00:28:05.542] [Server thread/WARN] [ModernFix/]: Skipped emitting ENTITY_MOUNT game event for entity SeatEntity['Seat'/633726, l='ServerLevel[world]', x=-843.50, y=67.00, z=-2595.50] as it would cause deadlock
[08Aug2026 00:28:05.764] [Server thread/WARN] [ModernFix/]: Skipped emitting ENTITY_MOUNT game event for entity SeatEntity['Seat'/633817, l='ServerLevel[world]', x=-843.50, y=67.00, z=-2595.50] as it would cause deadlock
[08Aug2026 00:28:06.499] [Server thread/WARN] [ModernFix/]: Skipped emitting ENTITY_MOUNT game event for entity SeatEntity['Seat'/633913, l='ServerLevel[world]', x=-843.50, y=67.00, z=-2595.50] as it would cause deadlock
[08Aug2026 00:28:06.801] [Server thread/WARN] [ModernFix/]: Skipped emitting ENTITY_MOUNT game event for entity SeatEntity['Seat'/633919, l='ServerLevel[world]', x=-843.50, y=67.00, z=-2595.50] as it would cause deadlock
[08Aug2026 00:28:07.219] [Server thread/WARN] [ModernFix/]: Skipped emitting ENTITY_MOUNT game event for entity SeatEntity['Seat'/634018, l='ServerLevel[world]', x=-843.50, y=67.00, z=-2595.50] as it would cause deadlock
[08Aug2026 00:28:08.747] [Server thread/WARN] [ModernFix/]: Skipped emitting ENTITY_MOUNT game event for entity SeatEntity['Seat'/634129, l='ServerLevel[world]', x=-843.50, y=67.00, z=-2595.50] as it would cause deadlock
[08Aug2026 00:28:09.746] [Server thread/WARN] [ModernFix/]: Skipped emitting ENTITY_MOUNT game event for entity SeatEntity['Seat'/634293, l='ServerLevel[world]', x=-843.50, y=67.00, z=-2595.50] as it would cause deadlock
[08Aug2026 00:28:11.462] [Server thread/WARN] [ModernFix/]: Skipped emitting ENTITY_MOUNT game event for entity SeatEntity['Seat'/634454, l='ServerLevel[world]', x=-843.50, y=67.00, z=-2595.50] as it would cause deadlock
[08Aug2026 00:28:12.476] [Server thread/WARN] [ModernFix/]: Skipped emitting ENTITY_MOUNT game event for entity SeatEntity['Seat'/634621, l='ServerLevel[world]', x=-843.50, y=67.00, z=-2595.50] as it would cause deadlock
[08Aug2026 00:28:12.744] [Server thread/WARN] [ModernFix/]: Skipped emitting ENTITY_MOUNT game event for entity SeatEntity['Seat'/634681, l='ServerLevel[world]', x=-843.50, y=67.00, z=-2595.50] as it would cause deadlock
[08Aug2026 00:28:13.830] [Server thread/WARN] [ModernFix/]: Skipped emitting ENTITY_MOUNT game event for entity SeatEntity['Seat'/634795, l='ServerLevel[world]', x=-843.50, y=67.00, z=-2595.50] as it would cause deadlock
[08Aug2026 00:28:14.888] [Server thread/WARN] [ModernFix/]: Skipped emitting ENTITY_MOUNT game event for entity SeatEntity['Seat'/634959, l='ServerLevel[world]', x=-843.50, y=67.00, z=-2595.50] as it would cause deadlock
[08Aug2026 00:28:17.307] [Server thread/WARN] [ModernFix/]: Skipped emitting ENTITY_MOUNT game event for entity SeatEntity['Seat'/635274, l='ServerLevel[world]', x=-843.50, y=67.00, z=-2595.50] as it would cause deadlock
[08Aug2026 00:28:18.300] [Server thread/WARN] [ModernFix/]: Skipped emitting ENTITY_MOUNT game event for entity SeatEntity['Seat'/635356, l='ServerLevel[world]', x=-843.50, y=67.00, z=-2595.50] as it would cause deadlock
[08Aug2026 00:28:19.038] [Server thread/WARN] [ModernFix/]: Skipped emitting ENTITY_MOUNT game event for entity SeatEntity['Seat'/635558, l='ServerLevel[world]', x=-843.50, y=67.00, z=-2595.50] as it would cause deadlock
[08Aug2026 00:28:19.388] [Server thread/WARN] [ModernFix/]: Skipped emitting ENTITY_MOUNT game event for entity SeatEntity['Seat'/635568, l='ServerLevel[world]', x=-843.50, y=67.00, z=-2595.50] as it would cause deadlock
[08Aug2026 00:28:20.343] [Server thread/WARN] [ModernFix/]: Skipped emitting ENTITY_MOUNT game event for entity SeatEntity['Seat'/635830, l='ServerLevel[world]', x=-843.50, y=67.00, z=-2595.50] as it would cause deadlock
[08Aug2026 00:28:20.579] [Server thread/WARN] [ModernFix/]: Skipped emitting ENTITY_MOUNT game event for entity SeatEntity['Seat'/635891, l='ServerLevel[world]', x=-843.50, y=67.00, z=-2595.50] as it would cause deadlock
[08Aug2026 00:28:20.980] [Server thread/WARN] [ModernFix/]: Skipped emitting ENTITY_MOUNT game event for entity SeatEntity['Seat'/635951, l='ServerLevel[world]', x=-843.50, y=67.00, z=-2595.50] as it would cause deadlock
[08Aug2026 00:28:22.245] [Server thread/WARN] [ModernFix/]: Skipped emitting ENTITY_MOUNT game event for entity SeatEntity['Seat'/636094, l='ServerLevel[world]', x=-843.50, y=67.00, z=-2595.50] as it would cause deadlock
[08Aug2026 00:28:22.889] [Server thread/WARN] [ModernFix/]: Skipped emitting ENTITY_MOUNT game event for entity SeatEntity['Seat'/636179, l='ServerLevel[world]', x=-843.50, y=67.00, z=-2595.50] as it would cause deadlock
[08Aug2026 00:28:23.869] [Server thread/WARN] [ModernFix/]: Skipped emitting ENTITY_MOUNT game event for entity SeatEntity['Seat'/636334, l='ServerLevel[world]', x=-843.50, y=67.00, z=-2595.50] as it would cause deadlock
[08Aug2026 00:28:25.106] [Server thread/WARN] [ModernFix/]: Skipped emitting ENTITY_MOUNT game event for entity SeatEntity['Seat'/636553, l='ServerLevel[world]', x=-843.50, y=67.00, z=-2595.50] as it would cause deadlock
[08Aug2026 00:28:25.602] [Server thread/WARN] [ModernFix/]: Skipped emitting ENTITY_MOUNT game event for entity SeatEntity['Seat'/636664, l='ServerLevel[world]', x=-843.50, y=67.00, z=-2595.50] as it would cause deadlock
[08Aug2026 00:28:26.086] [Server thread/WARN] [ModernFix/]: Skipped emitting ENTITY_MOUNT game event for entity SeatEntity['Seat'/636731, l='ServerLevel[world]', x=-843.50, y=67.00, z=-2595.50] as it would cause deadlock
[08Aug2026 00:28:26.775] [Server thread/WARN] [ModernFix/]: Skipped emitting ENTITY_MOUNT game event for entity SeatEntity['Seat'/636841, l='ServerLevel[world]', x=-843.50, y=67.00, z=-2595.50] as it would cause deadlock
[08Aug2026 00:28:27.077] [Server thread/WARN] [ModernFix/]: Skipped emitting ENTITY_MOUNT game event for entity SeatEntity['Seat'/636940, l='ServerLevel[world]', x=-843.50, y=67.00, z=-2595.50] as it would cause deadlock
[08Aug2026 00:28:27.339] [Server thread/WARN] [ModernFix/]: Skipped emitting ENTITY_MOUNT game event for entity SeatEntity['Seat'/637012, l='ServerLevel[world]', x=-843.50, y=67.00, z=-2595.50] as it would cause deadlock
[08Aug2026 00:28:28.648] [Server thread/WARN] [ModernFix/]: Skipped emitting ENTITY_MOUNT game event for entity SeatEntity['Seat'/637211, l='ServerLevel[world]', x=-843.50, y=67.00, z=-2595.50] as it would cause deadlock
[08Aug2026 00:28:29.803] [Server thread/WARN] [ModernFix/]: Skipped emitting ENTITY_MOUNT game event for entity SeatEntity['Seat'/637374, l='ServerLevel[world]', x=-843.50, y=67.00, z=-2595.50] as it would cause deadlock
[08Aug2026 00:28:31.798] [Server thread/WARN] [ModernFix/]: Skipped emitting ENTITY_MOUNT game event for entity SeatEntity['Seat'/637640, l='ServerLevel[world]', x=-843.50, y=67.00, z=-2595.50] as it would cause deadlock
[08Aug2026 00:28:32.188] [Server thread/WARN] [ModernFix/]: Skipped emitting ENTITY_MOUNT game event for entity SeatEntity['Seat'/637678, l='ServerLevel[world]', x=-843.50, y=67.00, z=-2595.50] as it would cause deadlock
[08Aug2026 00:28:32.961] [Server thread/WARN] [ModernFix/]: Skipped emitting ENTITY_MOUNT game event for entity SeatEntity['Seat'/637783, l='ServerLevel[world]', x=-843.50, y=67.00, z=-2595.50] as it would cause deadlock
[08Aug2026 00:28:33.139] [Server thread/WARN] [ModernFix/]: Skipped emitting ENTITY_MOUNT game event for entity SeatEntity['Seat'/637838, l='ServerLevel[world]', x=-843.50, y=67.00, z=-2595.50] as it would cause deadlock
[08Aug2026 00:28:33.547] [Server thread/WARN] [ModernFix/]: Skipped emitting ENTITY_MOUNT game event for entity SeatEntity['Seat'/637951, l='ServerLevel[world]', x=-843.50, y=67.00, z=-2595.50] as it would cause deadlock
[08Aug2026 00:28:33.874] [Server thread/WARN] [ModernFix/]: Skipped emitting ENTITY_MOUNT game event for entity SeatEntity['Seat'/638003, l='ServerLevel[world]', x=-843.50, y=67.00, z=-2595.50] as it would cause deadlock
[08Aug2026 00:28:34.059] [Server thread/WARN] [ModernFix/]: Skipped emitting ENTITY_MOUNT game event for entity SeatEntity['Seat'/638059, l='ServerLevel[world]', x=-843.50, y=67.00, z=-2595.50] as it would cause deadlock
[08Aug2026 00:28:35.021] [Server thread/WARN] [ModernFix/]: Skipped emitting ENTITY_MOUNT game event for entity SeatEntity['Seat'/638166, l='ServerLevel[world]', x=-843.50, y=67.00, z=-2595.50] as it would cause deadlock
[08Aug2026 00:28:35.426] [Server thread/WARN] [ModernFix/]: Skipped emitting ENTITY_MOUNT game event for entity SeatEntity['Seat'/638226, l='ServerLevel[world]', x=-843.50, y=67.00, z=-2595.50] as it would cause deadlock
[08Aug2026 00:28:36.064] [Server thread/WARN] [ModernFix/]: Skipped emitting ENTITY_MOUNT game event for entity SeatEntity['Seat'/638327, l='ServerLevel[world]', x=-843.50, y=67.00, z=-2595.50] as it would cause deadlock
[08Aug2026 00:28:36.301] [Server thread/WARN] [ModernFix/]: Skipped emitting ENTITY_MOUNT game event for entity SeatEntity['Seat'/638370, l='ServerLevel[world]', x=-843.50, y=67.00, z=-2595.50] as it would cause deadlock
[08Aug2026 00:28:37.301] [Server thread/WARN] [ModernFix/]: Skipped emitting ENTITY_MOUNT game event for entity SeatEntity['Seat'/638514, l='ServerLevel[world]', x=-843.50, y=67.00, z=-2595.50] as it would cause deadlock
[08Aug2026 00:28:37.413] [Server thread/WARN] [ModernFix/]: Skipped emitting ENTITY_MOUNT game event for entity SeatEntity['Seat'/638524, l='ServerLevel[world]', x=-843.50, y=67.00, z=-2595.50] as it would cause deadlock
[08Aug2026 00:28:38.010] [Server thread/WARN] [ModernFix/]: Skipped emitting ENTITY_MOUNT game event for entity SeatEntity['Seat'/638581, l='ServerLevel[world]', x=-843.50, y=67.00, z=-2595.50] as it would cause deadlock
[08Aug2026 00:28:38.896] [Server thread/WARN] [ModernFix/]: Skipped emitting ENTITY_MOUNT game event for entity SeatEntity['Seat'/638699, l='ServerLevel[world]', x=-843.50, y=67.00, z=-2595.50] as it would cause deadlock
[08Aug2026 00:28:39.760] [Server thread/WARN] [ModernFix/]: Skipped emitting ENTITY_MOUNT game event for entity SeatEntity['Seat'/638719, l='ServerLevel[world]', x=-843.50, y=67.00, z=-2595.50] as it would cause deadlock
[08Aug2026 00:28:40.718] [Server thread/WARN] [ModernFix/]: Skipped emitting ENTITY_MOUNT game event for entity SeatEntity['Seat'/638942, l='ServerLevel[world]', x=-843.50, y=67.00, z=-2595.50] as it would cause deadlock
[08Aug2026 00:28:45.958] [Server thread/WARN] [ModernFix/]: Skipped emitting ENTITY_MOUNT game event for entity SeatEntity['Seat'/639615, l='ServerLevel[world]', x=-843.50, y=67.00, z=-2595.50] as it would cause deadlock
[08Aug2026 00:28:46.464] [Server thread/WARN] [ModernFix/]: Skipped emitting ENTITY_MOUNT game event for entity SeatEntity['Seat'/639633, l='ServerLevel[world]', x=-843.50, y=67.00, z=-2595.50] as it would cause deadlock
[08Aug2026 00:28:49.422] [Server thread/WARN] [ModernFix/]: Skipped emitting ENTITY_MOUNT game event for entity SeatEntity['Seat'/640019, l='ServerLevel[world]', x=-843.50, y=67.00, z=-2595.50] as it would cause deadlock
[08Aug2026 00:28:49.672] [Server thread/WARN] [net.minecraft.server.MinecraftServer/]: Can't keep up! Is the server overloaded? Running 2007ms or 40 ticks behind
[08Aug2026 00:28:50.240] [Server thread/WARN] [ModernFix/]: Skipped emitting ENTITY_MOUNT game event for entity SeatEntity['Seat'/640141, l='ServerLevel[world]', x=-843.50, y=67.00, z=-2595.50] as it would cause deadlock
[08Aug2026 00:28:51.478] [Server thread/WARN] [ModernFix/]: Skipped emitting ENTITY_MOUNT game event for entity SeatEntity['Seat'/640223, l='ServerLevel[world]', x=-843.50, y=67.00, z=-2595.50] as it would cause deadlock
[08Aug2026 00:28:51.990] [Server thread/WARN] [ModernFix/]: Skipped emitting ENTITY_MOUNT game event for entity SeatEntity['Seat'/640293, l='ServerLevel[world]', x=-843.50, y=67.00, z=-2595.50] as it would cause deadlock
[08Aug2026 00:28:52.872] [Server thread/WARN] [ModernFix/]: Skipped emitting ENTITY_MOUNT game event for entity SeatEntity['Seat'/640392, l='ServerLevel[world]', x=-843.50, y=67.00, z=-2595.50] as it would cause deadlock
[08Aug2026 00:28:53.147] [Server thread/WARN] [ModernFix/]: Skipped emitting ENTITY_MOUNT game event for entity SeatEntity['Seat'/640448, l='ServerLevel[world]', x=-843.50, y=67.00, z=-2595.50] as it would cause deadlock
[08Aug2026 00:28:53.428] [Server thread/WARN] [ModernFix/]: Skipped emitting ENTITY_MOUNT game event for entity SeatEntity['Seat'/640454, l='ServerLevel[world]', x=-843.50, y=67.00, z=-2595.50] as it would cause deadlock
[08Aug2026 00:28:54.282] [Server thread/WARN] [ModernFix/]: Skipped emitting ENTITY_MOUNT game event for entity SeatEntity['Seat'/640616, l='ServerLevel[world]', x=-843.50, y=67.00, z=-2595.50] as it would cause deadlock
[08Aug2026 00:28:55.694] [Server thread/WARN] [ModernFix/]: Skipped emitting ENTITY_MOUNT game event for entity SeatEntity['Seat'/640736, l='ServerLevel[world]', x=-843.50, y=67.00, z=-2595.50] as it would cause deadlock
[08Aug2026 00:28:57.479] [Server thread/WARN] [ModernFix/]: Skipped emitting ENTITY_MOUNT game event for entity SeatEntity['Seat'/641072, l='ServerLevel[world]', x=-843.50, y=67.00, z=-2595.50] as it would cause deadlock
[08Aug2026 00:28:57.944] [Server thread/WARN] [ModernFix/]: Skipped emitting ENTITY_MOUNT game event for entity SeatEntity['Seat'/641094, l='ServerLevel[world]', x=-843.50, y=67.00, z=-2595.50] as it would cause deadlock
[08Aug2026 00:28:58.270] [Server thread/WARN] [ModernFix/]: Skipped emitting ENTITY_MOUNT game event for entity SeatEntity['Seat'/641168, l='ServerLevel[world]', x=-843.50, y=67.00, z=-2595.50] as it would cause deadlock
[08Aug2026 00:28:59.061] [Server thread/WARN] [ModernFix/]: Skipped emitting ENTITY_MOUNT game event for entity SeatEntity['Seat'/641337, l='ServerLevel[world]', x=-843.50, y=67.00, z=-2595.50] as it would cause deadlock
[08Aug2026 00:28:59.610] [Server thread/WARN] [ModernFix/]: Skipped emitting ENTITY_MOUNT game event for entity SeatEntity['Seat'/641433, l='ServerLevel[world]', x=-843.50, y=67.00, z=-2595.50] as it would cause deadlock
[08Aug2026 00:28:59.761] [Server thread/WARN] [ModernFix/]: Skipped emitting ENTITY_MOUNT game event for entity SeatEntity['Seat'/641523, l='ServerLevel[world]', x=-843.50, y=67.00, z=-2595.50] as it would cause deadlock
[08Aug2026 00:29:00.429] [Server thread/WARN] [ModernFix/]: Skipped emitting ENTITY_MOUNT game event for entity SeatEntity['Seat'/641599, l='ServerLevel[world]', x=-843.50, y=67.00, z=-2595.50] as it would cause deadlock
[08Aug2026 00:29:00.751] [Server thread/WARN] [ModernFix/]: Skipped emitting ENTITY_MOUNT game event for entity SeatEntity['Seat'/641707, l='ServerLevel[world]', x=-843.50, y=67.00, z=-2595.50] as it would cause deadlock
[08Aug2026 00:29:01.431] [Server thread/WARN] [ModernFix/]: Skipped emitting ENTITY_MOUNT game event for entity SeatEntity['Seat'/641780, l='ServerLevel[world]', x=-843.50, y=67.00, z=-2595.50] as it would cause deadlock
[08Aug2026 00:29:01.612] [Server thread/WARN] [ModernFix/]: Skipped emitting ENTITY_MOUNT game event for entity SeatEntity['Seat'/641788, l='ServerLevel[world]', x=-843.50, y=67.00, z=-2595.50] as it would cause deadlock
[08Aug2026 00:29:03.808] [Server thread/WARN] [ModernFix/]: Skipped emitting ENTITY_MOUNT game event for entity SeatEntity['Seat'/642048, l='ServerLevel[world]', x=-843.50, y=67.00, z=-2595.50] as it would cause deadlock
[08Aug2026 00:29:04.362] [Server thread/WARN] [ModernFix/]: Skipped emitting ENTITY_MOUNT game event for entity SeatEntity['Seat'/642133, l='ServerLevel[world]', x=-843.50, y=67.00, z=-2595.50] as it would cause deadlock
[08Aug2026 00:29:04.547] [Server thread/WARN] [ModernFix/]: Skipped emitting ENTITY_MOUNT game event for entity SeatEntity['Seat'/642197, l='ServerLevel[world]', x=-843.50, y=67.00, z=-2595.50] as it would cause deadlock
[08Aug2026 00:29:04.966] [Server thread/WARN] [ModernFix/]: Skipped emitting ENTITY_MOUNT game event for entity SeatEntity['Seat'/642262, l='ServerLevel[world]', x=-843.50, y=67.00, z=-2595.50] as it would cause deadlock
[08Aug2026 00:29:05.212] [Server thread/WARN] [ModernFix/]: Skipped emitting ENTITY_MOUNT game event for entity SeatEntity['Seat'/642322, l='ServerLevel[world]', x=-843.50, y=67.00, z=-2595.50] as it would cause deadlock
[08Aug2026 00:29:05.992] [Server thread/WARN] [ModernFix/]: Skipped emitting ENTITY_MOUNT game event for entity SeatEntity['Seat'/642400, l='ServerLevel[world]', x=-843.50, y=67.00, z=-2595.50] as it would cause deadlock
[08Aug2026 00:29:06.162] [Server thread/WARN] [ModernFix/]: Skipped emitting ENTITY_MOUNT game event for entity SeatEntity['Seat'/642463, l='ServerLevel[world]', x=-843.50, y=67.00, z=-2595.50] as it would cause deadlock
[08Aug2026 00:29:06.605] [Server thread/WARN] [ModernFix/]: Skipped emitting ENTITY_MOUNT game event for entity SeatEntity['Seat'/642524, l='ServerLevel[world]', x=-843.50, y=67.00, z=-2595.50] as it would cause deadlock
[08Aug2026 00:29:06.906] [Server thread/WARN] [ModernFix/]: Skipped emitting ENTITY_MOUNT game event for entity SeatEntity['Seat'/642536, l='ServerLevel[world]', x=-843.50, y=67.00, z=-2595.50] as it would cause deadlock
[08Aug2026 00:29:09.321] [Server thread/WARN] [ModernFix/]: Skipped emitting ENTITY_MOUNT game event for entity SeatEntity['Seat'/643045, l='ServerLevel[world]', x=-843.50, y=67.00, z=-2595.50] as it would cause deadlock
[08Aug2026 00:29:10.214] [Server thread/WARN] [ModernFix/]: Skipped emitting ENTITY_MOUNT game event for entity SeatEntity['Seat'/643165, l='ServerLevel[world]', x=-843.50, y=67.00, z=-2595.50] as it would cause deadlock
[08Aug2026 00:29:11.184] [Server thread/WARN] [ModernFix/]: Skipped emitting ENTITY_MOUNT game event for entity SeatEntity['Seat'/643328, l='ServerLevel[world]', x=-843.50, y=67.00, z=-2595.50] as it would cause deadlock
[08Aug2026 00:29:11.548] [Server thread/WARN] [ModernFix/]: Skipped emitting ENTITY_MOUNT game event for entity SeatEntity['Seat'/643379, l='ServerLevel[world]', x=-843.50, y=67.00, z=-2595.50] as it would cause deadlock
[08Aug2026 00:29:11.892] [Server thread/WARN] [ModernFix/]: Skipped emitting ENTITY_MOUNT game event for entity SeatEntity['Seat'/643450, l='ServerLevel[world]', x=-843.50, y=67.00, z=-2595.50] as it would cause deadlock
[08Aug2026 00:29:13.006] [Server thread/WARN] [ModernFix/]: Skipped emitting ENTITY_MOUNT game event for entity SeatEntity['Seat'/643638, l='ServerLevel[world]', x=-843.50, y=67.00, z=-2595.50] as it would cause deadlock
[08Aug2026 00:29:13.517] [Server thread/WARN] [ModernFix/]: Skipped emitting ENTITY_MOUNT game event for entity SeatEntity['Seat'/643709, l='ServerLevel[world]', x=-843.50, y=67.00, z=-2595.50] as it would cause deadlock
[08Aug2026 00:29:13.678] [Server thread/WARN] [ModernFix/]: Skipped emitting ENTITY_MOUNT game event for entity SeatEntity['Seat'/643767, l='ServerLevel[world]', x=-843.50, y=67.00, z=-2595.50] as it would cause deadlock
[08Aug2026 00:29:14.957] [Server thread/WARN] [ModernFix/]: Skipped emitting ENTITY_MOUNT game event for entity SeatEntity['Seat'/644058, l='ServerLevel[world]', x=-843.50, y=67.00, z=-2595.50] as it would cause deadlock
[08Aug2026 00:29:15.135] [Server thread/WARN] [ModernFix/]: Skipped emitting ENTITY_MOUNT game event for entity SeatEntity['Seat'/644065, l='ServerLevel[world]', x=-843.50, y=67.00, z=-2595.50] as it would cause deadlock
[08Aug2026 00:29:15.420] [Server thread/WARN] [ModernFix/]: Skipped emitting ENTITY_MOUNT game event for entity SeatEntity['Seat'/644080, l='ServerLevel[world]', x=-843.50, y=67.00, z=-2595.50] as it would cause deadlock
[08Aug2026 00:29:16.508] [Server thread/WARN] [ModernFix/]: Skipped emitting ENTITY_MOUNT game event for entity SeatEntity['Seat'/644283, l='ServerLevel[world]', x=-843.50, y=67.00, z=-2595.50] as it would cause deadlock
[08Aug2026 00:29:16.754] [Server thread/WARN] [ModernFix/]: Skipped emitting ENTITY_MOUNT game event for entity SeatEntity['Seat'/644292, l='ServerLevel[world]', x=-843.50, y=67.00, z=-2595.50] as it would cause deadlock
[08Aug2026 00:29:17.269] [Server thread/WARN] [ModernFix/]: Skipped emitting ENTITY_MOUNT game event for entity SeatEntity['Seat'/644398, l='ServerLevel[world]', x=-843.50, y=67.00, z=-2595.50] as it would cause deadlock
[08Aug2026 00:29:17.673] [Server thread/WARN] [ModernFix/]: Skipped emitting ENTITY_MOUNT game event for entity SeatEntity['Seat'/644445, l='ServerLevel[world]', x=-843.50, y=67.00, z=-2595.50] as it would cause deadlock
[08Aug2026 00:29:18.433] [Server thread/WARN] [ModernFix/]: Skipped emitting ENTITY_MOUNT game event for entity SeatEntity['Seat'/644568, l='ServerLevel[world]', x=-843.50, y=67.00, z=-2595.50] as it would cause deadlock
[08Aug2026 00:29:18.865] [Server thread/WARN] [ModernFix/]: Skipped emitting ENTITY_MOUNT game event for entity SeatEntity['Seat'/644586, l='ServerLevel[world]', x=-843.50, y=67.00, z=-2595.50] as it would cause deadlock
[08Aug2026 00:29:19.297] [Server thread/WARN] [ModernFix/]: Skipped emitting ENTITY_MOUNT game event for entity SeatEntity['Seat'/644691, l='ServerLevel[world]', x=-843.50, y=67.00, z=-2595.50] as it would cause deadlock
[08Aug2026 00:29:21.474] [Server thread/WARN] [ModernFix/]: Skipped emitting ENTITY_MOUNT game event for entity SeatEntity['Seat'/645094, l='ServerLevel[world]', x=-843.50, y=67.00, z=-2595.50] as it would cause deadlock
[08Aug2026 00:29:21.696] [Server thread/WARN] [ModernFix/]: Skipped emitting ENTITY_MOUNT game event for entity SeatEntity['Seat'/645143, l='ServerLevel[world]', x=-843.50, y=67.00, z=-2595.50] as it would cause deadlock
[08Aug2026 00:29:21.943] [Server thread/WARN] [ModernFix/]: Skipped emitting ENTITY_MOUNT game event for entity SeatEntity['Seat'/645202, l='ServerLevel[world]', x=-843.50, y=67.00, z=-2595.50] as it would cause deadlock
[08Aug2026 00:29:22.106] [Server thread/WARN] [ModernFix/]: Skipped emitting ENTITY_MOUNT game event for entity SeatEntity['Seat'/645262, l='ServerLevel[world]', x=-843.50, y=67.00, z=-2595.50] as it would cause deadlock
[08Aug2026 00:29:22.402] [Server thread/WARN] [ModernFix/]: Skipped emitting ENTITY_MOUNT game event for entity SeatEntity['Seat'/645306, l='ServerLevel[world]', x=-843.50, y=67.00, z=-2595.50] as it would cause deadlock
[08Aug2026 00:29:23.177] [Server thread/WARN] [ModernFix/]: Skipped emitting ENTITY_MOUNT game event for entity SeatEntity['Seat'/645491, l='ServerLevel[world]', x=-843.50, y=67.00, z=-2595.50] as it would cause deadlock
[08Aug2026 00:29:23.794] [Server thread/WARN] [ModernFix/]: Skipped emitting ENTITY_MOUNT game event for entity SeatEntity['Seat'/645580, l='ServerLevel[world]', x=-843.50, y=67.00, z=-2595.50] as it would cause deadlock
[08Aug2026 00:29:25.192] [Server thread/WARN] [ModernFix/]: Skipped emitting ENTITY_MOUNT game event for entity SeatEntity['Seat'/645856, l='ServerLevel[world]', x=-843.50, y=67.00, z=-2595.50] as it would cause deadlock
[08Aug2026 00:29:25.895] [Server thread/INFO] [net.minecraft.server.MinecraftServer/]: [Not Secure] <Anubis_11> ad astra
[08Aug2026 00:29:27.196] [Server thread/WARN] [ModernFix/]: Skipped emitting ENTITY_MOUNT game event for entity SeatEntity['Seat'/646235, l='ServerLevel[world]', x=-843.50, y=67.00, z=-2595.50] as it would cause deadlock
[08Aug2026 00:29:27.395] [Server thread/WARN] [ModernFix/]: Skipped emitting ENTITY_MOUNT game event for entity SeatEntity['Seat'/646241, l='ServerLevel[world]', x=-843.50, y=67.00, z=-2595.50] as it would cause deadlock
[08Aug2026 00:29:28.075] [Server thread/WARN] [ModernFix/]: Skipped emitting ENTITY_MOUNT game event for entity SeatEntity['Seat'/646384, l='ServerLevel[world]', x=-843.50, y=67.00, z=-2595.50] as it would cause deadlock
[08Aug2026 00:29:28.474] [Server thread/WARN] [ModernFix/]: Skipped emitting ENTITY_MOUNT game event for entity SeatEntity['Seat'/646447, l='ServerLevel[world]', x=-843.50, y=67.00, z=-2595.50] as it would cause deadlock
[08Aug2026 00:29:29.691] [Server thread/WARN] [ModernFix/]: Skipped emitting ENTITY_MOUNT game event for entity SeatEntity['Seat'/646589, l='ServerLevel[world]', x=-843.50, y=67.00, z=-2595.50] as it would cause deadlock
[08Aug2026 00:29:29.869] [Server thread/WARN] [ModernFix/]: Skipped emitting ENTITY_MOUNT game event for entity SeatEntity['Seat'/646652, l='ServerLevel[world]', x=-843.50, y=67.00, z=-2595.50] as it would cause deadlock
[08Aug2026 00:29:31.904] [Server thread/WARN] [ModernFix/]: Skipped emitting ENTITY_MOUNT game event for entity SeatEntity['Seat'/646960, l='ServerLevel[world]', x=-843.50, y=67.00, z=-2595.50] as it would cause deadlock
[08Aug2026 00:29:32.062] [Server thread/WARN] [ModernFix/]: Skipped emitting ENTITY_MOUNT game event for entity SeatEntity['Seat'/646977, l='ServerLevel[world]', x=-843.50, y=67.00, z=-2595.50] as it would cause deadlock
[08Aug2026 00:29:32.215] [Server thread/WARN] [ModernFix/]: Skipped emitting ENTITY_MOUNT game event for entity SeatEntity['Seat'/647032, l='ServerLevel[world]', x=-843.50, y=67.00, z=-2595.50] as it would cause deadlock
[08Aug2026 00:29:33.461] [Server thread/WARN] [ModernFix/]: Skipped emitting ENTITY_MOUNT game event for entity SeatEntity['Seat'/647232, l='ServerLevel[world]', x=-843.50, y=67.00, z=-2595.50] as it would cause deadlock
[08Aug2026 00:29:34.258] [Server thread/WARN] [ModernFix/]: Skipped emitting ENTITY_MOUNT game event for entity SeatEntity['Seat'/647382, l='ServerLevel[world]', x=-843.50, y=67.00, z=-2595.50] as it would cause deadlock
[08Aug2026 00:29:35.893] [Server thread/WARN] [ModernFix/]: Skipped emitting ENTITY_MOUNT game event for entity SeatEntity['Seat'/647685, l='ServerLevel[world]', x=-843.50, y=67.00, z=-2595.50] as it would cause deadlock
[08Aug2026 00:29:36.131] [Server thread/WARN] [ModernFix/]: Skipped emitting ENTITY_MOUNT game event for entity SeatEntity['Seat'/647740, l='ServerLevel[world]', x=-843.50, y=67.00, z=-2595.50] as it would cause deadlock
[08Aug2026 00:29:37.588] [Server thread/WARN] [ModernFix/]: Skipped emitting ENTITY_MOUNT game event for entity SeatEntity['Seat'/647892, l='ServerLevel[world]', x=-843.50, y=67.00, z=-2595.50] as it would cause deadlock
[08Aug2026 00:29:37.902] [Server thread/WARN] [ModernFix/]: Skipped emitting ENTITY_MOUNT game event for entity SeatEntity['Seat'/647940, l='ServerLevel[world]', x=-843.50, y=67.00, z=-2595.50] as it would cause deadlock
[08Aug2026 00:29:38.654] [Server thread/WARN] [ModernFix/]: Skipped emitting ENTITY_MOUNT game event for entity SeatEntity['Seat'/648002, l='ServerLevel[world]', x=-843.50, y=67.00, z=-2595.50] as it would cause deadlock
[08Aug2026 00:29:39.273] [Server thread/WARN] [ModernFix/]: Skipped emitting ENTITY_MOUNT game event for entity SeatEntity['Seat'/648102, l='ServerLevel[world]', x=-843.50, y=67.00, z=-2595.50] as it would cause deadlock
[08Aug2026 00:29:39.402] [Server thread/WARN] [ModernFix/]: Skipped emitting ENTITY_MOUNT game event for entity SeatEntity['Seat'/648108, l='ServerLevel[world]', x=-843.50, y=67.00, z=-2595.50] as it would cause deadlock
[08Aug2026 00:29:41.218] [Server thread/WARN] [ModernFix/]: Skipped emitting ENTITY_MOUNT game event for entity SeatEntity['Seat'/648275, l='ServerLevel[world]', x=-843.50, y=67.00, z=-2595.50] as it would cause deadlock
[08Aug2026 00:29:41.875] [Server thread/WARN] [ModernFix/]: Skipped emitting ENTITY_MOUNT game event for entity SeatEntity['Seat'/648414, l='ServerLevel[world]', x=-843.50, y=67.00, z=-2595.50] as it would cause deadlock
[08Aug2026 00:29:42.349] [Server thread/WARN] [ModernFix/]: Skipped emitting ENTITY_MOUNT game event for entity SeatEntity['Seat'/648454, l='ServerLevel[world]', x=-843.50, y=67.00, z=-2595.50] as it would cause deadlock
[08Aug2026 00:29:42.775] [Server thread/WARN] [ModernFix/]: Skipped emitting ENTITY_MOUNT game event for entity SeatEntity['Seat'/648573, l='ServerLevel[world]', x=-843.50, y=67.00, z=-2595.50] as it would cause deadlock
[08Aug2026 00:29:43.656] [Server thread/WARN] [ModernFix/]: Skipped emitting ENTITY_MOUNT game event for entity SeatEntity['Seat'/648793, l='ServerLevel[world]', x=-843.50, y=67.00, z=-2595.50] as it would cause deadlock
[08Aug2026 00:29:44.013] [Server thread/WARN] [ModernFix/]: Skipped emitting ENTITY_MOUNT game event for entity SeatEntity['Seat'/648831, l='ServerLevel[world]', x=-843.50, y=67.00, z=-2595.50] as it would cause deadlock
[08Aug2026 00:29:45.973] [Server thread/WARN] [ModernFix/]: Skipped emitting ENTITY_MOUNT game event for entity SeatEntity['Seat'/649198, l='ServerLevel[world]', x=-843.50, y=67.00, z=-2595.50] as it would cause deadlock
[08Aug2026 00:29:46.195] [Server thread/WARN] [ModernFix/]: Skipped emitting ENTITY_MOUNT game event for entity SeatEntity['Seat'/649263, l='ServerLevel[world]', x=-843.50, y=67.00, z=-2595.50] as it would cause deadlock
[08Aug2026 00:29:47.045] [Server thread/WARN] [ModernFix/]: Skipped emitting ENTITY_MOUNT game event for entity SeatEntity['Seat'/649368, l='ServerLevel[world]', x=-843.50, y=67.00, z=-2595.50] as it would cause deadlock
[08Aug2026 00:29:47.955] [Server thread/WARN] [ModernFix/]: Skipped emitting ENTITY_MOUNT game event for entity SeatEntity['Seat'/649531, l='ServerLevel[world]', x=-843.50, y=67.00, z=-2595.50] as it would cause deadlock
[08Aug2026 00:29:48.554] [Server thread/WARN] [ModernFix/]: Skipped emitting ENTITY_MOUNT game event for entity SeatEntity['Seat'/649596, l='ServerLevel[world]', x=-843.50, y=67.00, z=-2595.50] as it would cause deadlock
[08Aug2026 00:29:49.432] [Server thread/WARN] [ModernFix/]: Skipped emitting ENTITY_MOUNT game event for entity SeatEntity['Seat'/649788, l='ServerLevel[world]', x=-843.50, y=67.00, z=-2595.50] as it would cause deadlock
[08Aug2026 00:29:50.329] [Server thread/WARN] [ModernFix/]: Skipped emitting ENTITY_MOUNT game event for entity SeatEntity['Seat'/649922, l='ServerLevel[world]', x=-843.50, y=67.00, z=-2595.50] as it would cause deadlock
[08Aug2026 00:29:50.990] [Server thread/WARN] [ModernFix/]: Skipped emitting ENTITY_MOUNT game event for entity SeatEntity['Seat'/650033, l='ServerLevel[world]', x=-843.50, y=67.00, z=-2595.50] as it would cause deadlock
[08Aug2026 00:29:51.597] [Server thread/WARN] [ModernFix/]: Skipped emitting ENTITY_MOUNT game event for entity SeatEntity['Seat'/650094, l='ServerLevel[world]', x=-843.50, y=67.00, z=-2595.50] as it would cause deadlock
[08Aug2026 00:29:51.762] [Server thread/WARN] [ModernFix/]: Skipped emitting ENTITY_MOUNT game event for entity SeatEntity['Seat'/650098, l='ServerLevel[world]', x=-843.50, y=67.00, z=-2595.50] as it would cause deadlock
[08Aug2026 00:29:52.259] [Server thread/WARN] [ModernFix/]: Skipped emitting ENTITY_MOUNT game event for entity SeatEntity['Seat'/650211, l='ServerLevel[world]', x=-843.50, y=67.00, z=-2595.50] as it would cause deadlock
[08Aug2026 00:29:54.207] [Server thread/WARN] [ModernFix/]: Skipped emitting ENTITY_MOUNT game event for entity SeatEntity['Seat'/650380, l='ServerLevel[world]', x=-843.50, y=67.00, z=-2595.50] as it would cause deadlock
[08Aug2026 00:29:55.293] [Server thread/WARN] [ModernFix/]: Skipped emitting ENTITY_MOUNT game event for entity SeatEntity['Seat'/650474, l='ServerLevel[world]', x=-843.50, y=67.00, z=-2595.50] as it would cause deadlock
[08Aug2026 00:29:55.512] [Server thread/WARN] [ModernFix/]: Skipped emitting ENTITY_MOUNT game event for entity SeatEntity['Seat'/650509, l='ServerLevel[world]', x=-843.50, y=67.00, z=-2595.50] as it would cause deadlock
[08Aug2026 00:29:56.710] [Server thread/WARN] [ModernFix/]: Skipped emitting ENTITY_MOUNT game event for entity SeatEntity['Seat'/650615, l='ServerLevel[world]', x=-843.50, y=67.00, z=-2595.50] as it would cause deadlock
[08Aug2026 00:29:57.766] [Server thread/WARN] [ModernFix/]: Skipped emitting ENTITY_MOUNT game event for entity SeatEntity['Seat'/650757, l='ServerLevel[world]', x=-843.50, y=67.00, z=-2595.50] as it would cause deadlock
[08Aug2026 00:29:57.990] [Server thread/WARN] [ModernFix/]: Skipped emitting ENTITY_MOUNT game event for entity SeatEntity['Seat'/650770, l='ServerLevel[world]', x=-843.50, y=67.00, z=-2595.50] as it would cause deadlock
[08Aug2026 00:29:58.228] [Server thread/WARN] [ModernFix/]: Skipped emitting ENTITY_MOUNT game event for entity SeatEntity['Seat'/650816, l='ServerLevel[world]', x=-843.50, y=67.00, z=-2595.50] as it would cause deadlock
[08Aug2026 00:29:58.490] [Server thread/WARN] [ModernFix/]: Skipped emitting ENTITY_MOUNT game event for entity SeatEntity['Seat'/650861, l='ServerLevel[world]', x=-843.50, y=67.00, z=-2595.50] as it would cause deadlock
[08Aug2026 00:30:00.089] [Server thread/WARN] [ModernFix/]: Skipped emitting ENTITY_MOUNT game event for entity SeatEntity['Seat'/651034, l='ServerLevel[world]', x=-843.50, y=67.00, z=-2595.50] as it would cause deadlock
[08Aug2026 00:30:00.671] [Server thread/WARN] [ModernFix/]: Skipped emitting ENTITY_MOUNT game event for entity SeatEntity['Seat'/651099, l='ServerLevel[world]', x=-843.50, y=67.00, z=-2595.50] as it would cause deadlock
[08Aug2026 00:30:01.381] [Server thread/WARN] [ModernFix/]: Skipped emitting ENTITY_MOUNT game event for entity SeatEntity['Seat'/651174, l='ServerLevel[world]', x=-843.50, y=67.00, z=-2595.50] as it would cause deadlock
[08Aug2026 00:30:02.042] [Server thread/WARN] [ModernFix/]: Skipped emitting ENTITY_MOUNT game event for entity SeatEntity['Seat'/651255, l='ServerLevel[world]', x=-843.50, y=67.00, z=-2595.50] as it would cause deadlock
[08Aug2026 00:30:03.751] [Server thread/WARN] [ModernFix/]: Skipped emitting ENTITY_MOUNT game event for entity SeatEntity['Seat'/651418, l='ServerLevel[world]', x=-843.50, y=67.00, z=-2595.50] as it would cause deadlock
[08Aug2026 00:30:04.686] [Server thread/WARN] [ModernFix/]: Skipped emitting ENTITY_MOUNT game event for entity SeatEntity['Seat'/651495, l='ServerLevel[world]', x=-843.50, y=67.00, z=-2595.50] as it would cause deadlock
[08Aug2026 00:30:05.115] [Server thread/WARN] [ModernFix/]: Skipped emitting ENTITY_MOUNT game event for entity SeatEntity['Seat'/651574, l='ServerLevel[world]', x=-843.50, y=67.00, z=-2595.50] as it would cause deadlock
[08Aug2026 00:30:05.628] [Server thread/WARN] [ModernFix/]: Skipped emitting ENTITY_MOUNT game event for entity SeatEntity['Seat'/651613, l='ServerLevel[world]', x=-843.50, y=67.00, z=-2595.50] as it would cause deadlock
[08Aug2026 00:30:05.892] [Server thread/WARN] [ModernFix/]: Skipped emitting ENTITY_MOUNT game event for entity SeatEntity['Seat'/651633, l='ServerLevel[world]', x=-843.50, y=67.00, z=-2595.50] as it would cause deadlock
[08Aug2026 00:30:06.604] [Server thread/WARN] [ModernFix/]: Skipped emitting ENTITY_MOUNT game event for entity SeatEntity['Seat'/651717, l='ServerLevel[world]', x=-843.50, y=67.00, z=-2595.50] as it would cause deadlock
[08Aug2026 00:30:07.053] [Server thread/WARN] [ModernFix/]: Skipped emitting ENTITY_MOUNT game event for entity SeatEntity['Seat'/651749, l='ServerLevel[world]', x=-843.50, y=67.00, z=-2595.50] as it would cause deadlock
[08Aug2026 00:30:07.721] [Server thread/WARN] [ModernFix/]: Skipped emitting ENTITY_MOUNT game event for entity SeatEntity['Seat'/651851, l='ServerLevel[world]', x=-843.50, y=67.00, z=-2595.50] as it would cause deadlock
[08Aug2026 00:30:07.943] [Server thread/WARN] [ModernFix/]: Skipped emitting ENTITY_MOUNT game event for entity SeatEntity['Seat'/651863, l='ServerLevel[world]', x=-843.50, y=67.00, z=-2595.50] as it would cause deadlock
[08Aug2026 00:30:08.157] [Server thread/WARN] [ModernFix/]: Skipped emitting ENTITY_MOUNT game event for entity SeatEntity['Seat'/651899, l='ServerLevel[world]', x=-843.50, y=67.00, z=-2595.50] as it would cause deadlock
[08Aug2026 00:30:08.578] [Server thread/WARN] [ModernFix/]: Skipped emitting ENTITY_MOUNT game event for entity SeatEntity['Seat'/651909, l='ServerLevel[world]', x=-843.50, y=67.00, z=-2595.50] as it would cause deadlock
[08Aug2026 00:30:09.799] [Server thread/WARN] [ModernFix/]: Skipped emitting ENTITY_MOUNT game event for entity SeatEntity['Seat'/652058, l='ServerLevel[world]', x=-843.50, y=67.00, z=-2595.50] as it would cause deadlock
[08Aug2026 00:30:10.565] [Server thread/WARN] [ModernFix/]: Skipped emitting ENTITY_MOUNT game event for entity SeatEntity['Seat'/652083, l='ServerLevel[world]', x=-843.50, y=67.00, z=-2595.50] as it would cause deadlock
[08Aug2026 00:30:11.205] [Server thread/WARN] [ModernFix/]: Skipped emitting ENTITY_MOUNT game event for entity SeatEntity['Seat'/652177, l='ServerLevel[world]', x=-843.50, y=67.00, z=-2595.50] as it would cause deadlock
[08Aug2026 00:30:11.392] [Server thread/WARN] [ModernFix/]: Skipped emitting ENTITY_MOUNT game event for entity SeatEntity['Seat'/652181, l='ServerLevel[world]', x=-843.50, y=67.00, z=-2595.50] as it would cause deadlock
[08Aug2026 00:30:11.517] [Server thread/WARN] [ModernFix/]: Skipped emitting ENTITY_MOUNT game event for entity SeatEntity['Seat'/652186, l='ServerLevel[world]', x=-843.50, y=67.00, z=-2595.50] as it would cause deadlock
[08Aug2026 00:30:13.303] [Server thread/WARN] [ModernFix/]: Skipped emitting ENTITY_MOUNT game event for entity SeatEntity['Seat'/652363, l='ServerLevel[world]', x=-843.50, y=67.00, z=-2595.50] as it would cause deadlock
[08Aug2026 00:30:13.717] [Server thread/WARN] [ModernFix/]: Skipped emitting ENTITY_MOUNT game event for entity SeatEntity['Seat'/652392, l='ServerLevel[world]', x=-843.50, y=67.00, z=-2595.50] as it would cause deadlock
[08Aug2026 00:30:14.650] [Server thread/WARN] [ModernFix/]: Skipped emitting ENTITY_MOUNT game event for entity SeatEntity['Seat'/652501, l='ServerLevel[world]', x=-843.50, y=67.00, z=-2595.50] as it would cause deadlock
[08Aug2026 00:30:14.891] [Server thread/WARN] [ModernFix/]: Skipped emitting ENTITY_MOUNT game event for entity SeatEntity['Seat'/652535, l='ServerLevel[world]', x=-843.50, y=67.00, z=-2595.50] as it would cause deadlock
[08Aug2026 00:30:15.318] [Server thread/WARN] [ModernFix/]: Skipped emitting ENTITY_MOUNT game event for entity SeatEntity['Seat'/652592, l='ServerLevel[world]', x=-843.50, y=67.00, z=-2595.50] as it would cause deadlock
[08Aug2026 00:30:15.550] [Server thread/WARN] [ModernFix/]: Skipped emitting ENTITY_MOUNT game event for entity SeatEntity['Seat'/652603, l='ServerLevel[world]', x=-843.50, y=67.00, z=-2595.50] as it would cause deadlock
[08Aug2026 00:30:15.803] [Server thread/WARN] [ModernFix/]: Skipped emitting ENTITY_MOUNT game event for entity SeatEntity['Seat'/652637, l='ServerLevel[world]', x=-843.50, y=67.00, z=-2595.50] as it would cause deadlock
[08Aug2026 00:30:17.010] [Server thread/WARN] [ModernFix/]: Skipped emitting ENTITY_MOUNT game event for entity SeatEntity['Seat'/652762, l='ServerLevel[world]', x=-843.50, y=67.00, z=-2595.50] as it would cause deadlock
[08Aug2026 00:30:17.710] [Server thread/WARN] [ModernFix/]: Skipped emitting ENTITY_MOUNT game event for entity SeatEntity['Seat'/652806, l='ServerLevel[world]', x=-843.50, y=67.00, z=-2595.50] as it would cause deadlock
[08Aug2026 00:30:18.605] [Server thread/WARN] [ModernFix/]: Skipped emitting ENTITY_MOUNT game event for entity SeatEntity['Seat'/652970, l='ServerLevel[world]', x=-843.50, y=67.00, z=-2595.50] as it would cause deadlock
[08Aug2026 00:30:19.598] [Server thread/WARN] [ModernFix/]: Skipped emitting ENTITY_MOUNT game event for entity SeatEntity['Seat'/653071, l='ServerLevel[world]', x=-843.50, y=67.00, z=-2595.50] as it would cause deadlock
[08Aug2026 00:30:20.272] [Server thread/WARN] [ModernFix/]: Skipped emitting ENTITY_MOUNT game event for entity SeatEntity['Seat'/653105, l='ServerLevel[world]', x=-843.50, y=67.00, z=-2595.50] as it would cause deadlock
[08Aug2026 00:30:20.895] [Server thread/WARN] [ModernFix/]: Skipped emitting ENTITY_MOUNT game event for entity SeatEntity['Seat'/653147, l='ServerLevel[world]', x=-843.50, y=67.00, z=-2595.50] as it would cause deadlock
[08Aug2026 00:30:21.662] [Server thread/WARN] [ModernFix/]: Skipped emitting ENTITY_MOUNT game event for entity SeatEntity['Seat'/653250, l='ServerLevel[world]', x=-843.50, y=67.00, z=-2595.50] as it would cause deadlock
[08Aug2026 00:30:21.850] [Server thread/WARN] [ModernFix/]: Skipped emitting ENTITY_MOUNT game event for entity SeatEntity['Seat'/653294, l='ServerLevel[world]', x=-843.50, y=67.00, z=-2595.50] as it would cause deadlock
[08Aug2026 00:30:22.265] [Server thread/WARN] [ModernFix/]: Skipped emitting ENTITY_MOUNT game event for entity SeatEntity['Seat'/653330, l='ServerLevel[world]', x=-843.50, y=67.00, z=-2595.50] as it would cause deadlock
[08Aug2026 00:30:22.457] [Server thread/WARN] [ModernFix/]: Skipped emitting ENTITY_MOUNT game event for entity SeatEntity['Seat'/653399, l='ServerLevel[world]', x=-843.50, y=67.00, z=-2595.50] as it would cause deadlock
[08Aug2026 00:30:23.164] [Server thread/WARN] [ModernFix/]: Skipped emitting ENTITY_MOUNT game event for entity SeatEntity['Seat'/653450, l='ServerLevel[world]', x=-843.50, y=67.00, z=-2595.50] as it would cause deadlock
[08Aug2026 00:30:25.056] [Server thread/WARN] [ModernFix/]: Skipped emitting ENTITY_MOUNT game event for entity SeatEntity['Seat'/653602, l='ServerLevel[world]', x=-843.50, y=67.00, z=-2595.50] as it would cause deadlock
[08Aug2026 00:30:25.262] [Server thread/WARN] [ModernFix/]: Skipped emitting ENTITY_MOUNT game event for entity SeatEntity['Seat'/653656, l='ServerLevel[world]', x=-843.50, y=67.00, z=-2595.50] as it would cause deadlock
[08Aug2026 00:30:25.765] [Server thread/WARN] [ModernFix/]: Skipped emitting ENTITY_MOUNT game event for entity SeatEntity['Seat'/653676, l='ServerLevel[world]', x=-843.50, y=67.00, z=-2595.50] as it would cause deadlock
[08Aug2026 00:30:27.480] [Server thread/WARN] [ModernFix/]: Skipped emitting ENTITY_MOUNT game event for entity SeatEntity['Seat'/653842, l='ServerLevel[world]', x=-843.50, y=67.00, z=-2595.50] as it would cause deadlock
[08Aug2026 00:30:27.709] [Server thread/WARN] [ModernFix/]: Skipped emitting ENTITY_MOUNT game event for entity SeatEntity['Seat'/653861, l='ServerLevel[world]', x=-843.50, y=67.00, z=-2595.50] as it would cause deadlock
[08Aug2026 00:30:27.853] [Server thread/WARN] [ModernFix/]: Skipped emitting ENTITY_MOUNT game event for entity SeatEntity['Seat'/653868, l='ServerLevel[world]', x=-843.50, y=67.00, z=-2595.50] as it would cause deadlock
[08Aug2026 00:30:29.854] [Server thread/WARN] [ModernFix/]: Skipped emitting ENTITY_MOUNT game event for entity SeatEntity['Seat'/653997, l='ServerLevel[world]', x=-843.50, y=67.00, z=-2595.50] as it would cause deadlock
[08Aug2026 00:30:33.501] [Server thread/WARN] [ModernFix/]: Skipped emitting ENTITY_MOUNT game event for entity SeatEntity['Seat'/654302, l='ServerLevel[world]', x=-843.50, y=67.00, z=-2595.50] as it would cause deadlock
[08Aug2026 00:30:34.199] [Server thread/WARN] [ModernFix/]: Skipped emitting ENTITY_MOUNT game event for entity SeatEntity['Seat'/654381, l='ServerLevel[world]', x=-843.50, y=67.00, z=-2595.50] as it would cause deadlock
[08Aug2026 00:30:34.421] [Server thread/WARN] [ModernFix/]: Skipped emitting ENTITY_MOUNT game event for entity SeatEntity['Seat'/654395, l='ServerLevel[world]', x=-843.50, y=67.00, z=-2595.50] as it would cause deadlock
[08Aug2026 00:30:34.472] [Server thread/INFO] [AllTheLeaks/]: Listing events...
[08Aug2026 00:30:34.473] [Server thread/INFO] [AllTheLeaks/]: Server Player Clone: 15
[08Aug2026 00:30:34.473] [Server thread/INFO] [AllTheLeaks/]:   Invalid Cloned Players: 15
[08Aug2026 00:30:34.473] [Server thread/INFO] [AllTheLeaks/]: Server Player Logout: 9
[08Aug2026 00:30:34.473] [Server thread/INFO] [AllTheLeaks/]: Listing memory leaks so far...
[08Aug2026 00:30:34.473] [Server thread/INFO] [AllTheLeaks/]: B: 1815MB / C: 3179MB / Diff: +1364MB
[08Aug2026 00:30:34.473] [Server thread/INFO] [AllTheLeaks/]: Memory Leaks detected: (/atl force_refresh to update)
[08Aug2026 00:30:34.473] [Server thread/INFO] [AllTheLeaks/]: | Player:
[08Aug2026 00:30:34.473] [Server thread/INFO] [AllTheLeaks/]: |- ServerPlayer (minecraft): 21
[08Aug2026 00:30:34.473] [Server thread/INFO] [AllTheLeaks/]: | ChunkAccess:
[08Aug2026 00:30:34.473] [Server thread/INFO] [AllTheLeaks/]: |- LevelChunk (minecraft): 750
[08Aug2026 00:30:35.365] [Server thread/WARN] [ModernFix/]: Skipped emitting ENTITY_MOUNT game event for entity SeatEntity['Seat'/654507, l='ServerLevel[world]', x=-843.50, y=67.00, z=-2595.50] as it would cause deadlock
[08Aug2026 00:30:35.915] [Server thread/WARN] [ModernFix/]: Skipped emitting ENTITY_MOUNT game event for entity SeatEntity['Seat'/654533, l='ServerLevel[world]', x=-843.50, y=67.00, z=-2595.50] as it would cause deadlock
[08Aug2026 00:30:36.382] [Server thread/WARN] [ModernFix/]: Skipped emitting ENTITY_MOUNT game event for entity SeatEntity['Seat'/654584, l='ServerLevel[world]', x=-843.50, y=67.00, z=-2595.50] as it would cause deadlock
[08Aug2026 00:30:37.946] [Server thread/WARN] [ModernFix/]: Skipped emitting ENTITY_MOUNT game event for entity SeatEntity['Seat'/654724, l='ServerLevel[world]', x=-843.50, y=67.00, z=-2595.50] as it would cause deadlock
[08Aug2026 00:30:38.402] [Server thread/WARN] [ModernFix/]: Skipped emitting ENTITY_MOUNT game event for entity SeatEntity['Seat'/654738, l='ServerLevel[world]', x=-843.50, y=67.00, z=-2595.50] as it would cause deadlock
[08Aug2026 00:30:39.254] [Server thread/WARN] [ModernFix/]: Skipped emitting ENTITY_MOUNT game event for entity SeatEntity['Seat'/654826, l='ServerLevel[world]', x=-843.50, y=67.00, z=-2595.50] as it would cause deadlock
[08Aug2026 00:30:40.068] [Server thread/WARN] [ModernFix/]: Skipped emitting ENTITY_MOUNT game event for entity SeatEntity['Seat'/654886, l='ServerLevel[world]', x=-843.50, y=67.00, z=-2595.50] as it would cause deadlock
[08Aug2026 00:30:40.424] [Server thread/WARN] [ModernFix/]: Skipped emitting ENTITY_MOUNT game event for entity SeatEntity['Seat'/654922, l='ServerLevel[world]', x=-843.50, y=67.00, z=-2595.50] as it would cause deadlock
[08Aug2026 00:30:41.050] [Server thread/WARN] [ModernFix/]: Skipped emitting ENTITY_MOUNT game event for entity SeatEntity['Seat'/654956, l='ServerLevel[world]', x=-843.50, y=67.00, z=-2595.50] as it would cause deadlock
[08Aug2026 00:30:41.594] [Server thread/WARN] [ModernFix/]: Skipped emitting ENTITY_MOUNT game event for entity SeatEntity['Seat'/655006, l='ServerLevel[world]', x=-843.50, y=67.00, z=-2595.50] as it would cause deadlock
[08Aug2026 00:30:41.854] [Server thread/WARN] [ModernFix/]: Skipped emitting ENTITY_MOUNT game event for entity SeatEntity['Seat'/655041, l='ServerLevel[world]', x=-843.50, y=67.00, z=-2595.50] as it would cause deadlock
[08Aug2026 00:30:43.204] [Server thread/WARN] [ModernFix/]: Skipped emitting ENTITY_MOUNT game event for entity SeatEntity['Seat'/655130, l='ServerLevel[world]', x=-843.50, y=67.00, z=-2595.50] as it would cause deadlock
[08Aug2026 00:30:43.404] [Server thread/WARN] [ModernFix/]: Skipped emitting ENTITY_MOUNT game event for entity SeatEntity['Seat'/655161, l='ServerLevel[world]', x=-843.50, y=67.00, z=-2595.50] as it would cause deadlock
[08Aug2026 00:30:47.997] [Server thread/WARN] [ModernFix/]: Skipped emitting ENTITY_MOUNT game event for entity SeatEntity['Seat'/655581, l='ServerLevel[world]', x=-843.50, y=67.00, z=-2595.50] as it would cause deadlock
[08Aug2026 00:30:48.703] [Server thread/WARN] [ModernFix/]: Skipped emitting ENTITY_MOUNT game event for entity SeatEntity['Seat'/655738, l='ServerLevel[world]', x=-843.50, y=67.00, z=-2595.50] as it would cause deadlock
[08Aug2026 00:30:49.498] [Server thread/WARN] [ModernFix/]: Skipped emitting ENTITY_MOUNT game event for entity SeatEntity['Seat'/655807, l='ServerLevel[world]', x=-843.50, y=67.00, z=-2595.50] as it would cause deadlock
[08Aug2026 00:30:49.898] [Server thread/WARN] [ModernFix/]: Skipped emitting ENTITY_MOUNT game event for entity SeatEntity['Seat'/655948, l='ServerLevel[world]', x=-843.50, y=67.00, z=-2595.50] as it would cause deadlock
[08Aug2026 00:30:50.099] [Server thread/WARN] [ModernFix/]: Skipped emitting ENTITY_MOUNT game event for entity SeatEntity['Seat'/656007, l='ServerLevel[world]', x=-843.50, y=67.00, z=-2595.50] as it would cause deadlock
[08Aug2026 00:30:50.349] [Server thread/WARN] [ModernFix/]: Skipped emitting ENTITY_MOUNT game event for entity SeatEntity['Seat'/656034, l='ServerLevel[world]', x=-843.50, y=67.00, z=-2595.50] as it would cause deadlock
[08Aug2026 00:30:50.764] [Server thread/WARN] [ModernFix/]: Skipped emitting ENTITY_MOUNT game event for entity SeatEntity['Seat'/656038, l='ServerLevel[world]', x=-843.50, y=67.00, z=-2595.50] as it would cause deadlock
[08Aug2026 00:30:51.947] [Server thread/WARN] [ModernFix/]: Skipped emitting ENTITY_MOUNT game event for entity SeatEntity['Seat'/656277, l='ServerLevel[world]', x=-843.50, y=67.00, z=-2595.50] as it would cause deadlock
[08Aug2026 00:30:52.498] [Server thread/WARN] [ModernFix/]: Skipped emitting ENTITY_MOUNT game event for entity SeatEntity['Seat'/656413, l='ServerLevel[world]', x=-843.50, y=67.00, z=-2595.50] as it would cause deadlock
[08Aug2026 00:30:53.156] [Server thread/WARN] [ModernFix/]: Skipped emitting ENTITY_MOUNT game event for entity SeatEntity['Seat'/656478, l='ServerLevel[world]', x=-843.50, y=67.00, z=-2595.50] as it would cause deadlock
[08Aug2026 00:30:53.916] [Server thread/WARN] [ModernFix/]: Skipped emitting ENTITY_MOUNT game event for entity SeatEntity['Seat'/656536, l='ServerLevel[world]', x=-843.50, y=67.00, z=-2595.50] as it would cause deadlock
[08Aug2026 00:30:54.071] [Server thread/WARN] [ModernFix/]: Skipped emitting ENTITY_MOUNT game event for entity SeatEntity['Seat'/656643, l='ServerLevel[world]', x=-843.50, y=67.00, z=-2595.50] as it would cause deadlock
[08Aug2026 00:30:54.295] [Server thread/WARN] [ModernFix/]: Skipped emitting ENTITY_MOUNT game event for entity SeatEntity['Seat'/656704, l='ServerLevel[world]', x=-843.50, y=67.00, z=-2595.50] as it would cause deadlock
[08Aug2026 00:30:55.039] [Server thread/WARN] [ModernFix/]: Skipped emitting ENTITY_MOUNT game event for entity SeatEntity['Seat'/656749, l='ServerLevel[world]', x=-843.50, y=67.00, z=-2595.50] as it would cause deadlock
[08Aug2026 00:30:56.666] [Server thread/WARN] [ModernFix/]: Skipped emitting ENTITY_MOUNT game event for entity SeatEntity['Seat'/657016, l='ServerLevel[world]', x=-843.50, y=67.00, z=-2595.50] as it would cause deadlock
[08Aug2026 00:31:01.245] [Server thread/WARN] [ModernFix/]: Skipped emitting ENTITY_MOUNT game event for entity SeatEntity['Seat'/657665, l='ServerLevel[world]', x=-843.50, y=67.00, z=-2595.50] as it would cause deadlock
[08Aug2026 00:31:01.770] [Server thread/WARN] [ModernFix/]: Skipped emitting ENTITY_MOUNT game event for entity SeatEntity['Seat'/657840, l='ServerLevel[world]', x=-843.50, y=67.00, z=-2595.50] as it would cause deadlock
[08Aug2026 00:31:02.501] [Server thread/WARN] [ModernFix/]: Skipped emitting ENTITY_MOUNT game event for entity SeatEntity['Seat'/657919, l='ServerLevel[world]', x=-843.50, y=67.00, z=-2595.50] as it would cause deadlock
[08Aug2026 00:31:03.108] [Server thread/WARN] [ModernFix/]: Skipped emitting ENTITY_MOUNT game event for entity SeatEntity['Seat'/658092, l='ServerLevel[world]', x=-843.50, y=67.00, z=-2595.50] as it would cause deadlock
[08Aug2026 00:31:03.413] [Server thread/WARN] [ModernFix/]: Skipped emitting ENTITY_MOUNT game event for entity SeatEntity['Seat'/658097, l='ServerLevel[world]', x=-843.50, y=67.00, z=-2595.50] as it would cause deadlock
[08Aug2026 00:31:04.765] [Server thread/WARN] [ModernFix/]: Skipped emitting ENTITY_MOUNT game event for entity SeatEntity['Seat'/658296, l='ServerLevel[world]', x=-843.50, y=67.00, z=-2595.50] as it would cause deadlock
[08Aug2026 00:31:05.483] [Server thread/WARN] [ModernFix/]: Skipped emitting ENTITY_MOUNT game event for entity SeatEntity['Seat'/658340, l='ServerLevel[world]', x=-843.50, y=67.00, z=-2595.50] as it would cause deadlock
[08Aug2026 00:31:05.818] [Server thread/WARN] [ModernFix/]: Skipped emitting ENTITY_MOUNT game event for entity SeatEntity['Seat'/658414, l='ServerLevel[world]', x=-843.50, y=67.00, z=-2595.50] as it would cause deadlock
[08Aug2026 00:31:06.302] [Server thread/WARN] [ModernFix/]: Skipped emitting ENTITY_MOUNT game event for entity SeatEntity['Seat'/658529, l='ServerLevel[world]', x=-843.50, y=67.00, z=-2595.50] as it would cause deadlock
[08Aug2026 00:31:08.198] [Server thread/WARN] [ModernFix/]: Skipped emitting ENTITY_MOUNT game event for entity SeatEntity['Seat'/658825, l='ServerLevel[world]', x=-843.50, y=67.00, z=-2595.50] as it would cause deadlock
[08Aug2026 00:31:08.459] [Server thread/WARN] [ModernFix/]: Skipped emitting ENTITY_MOUNT game event for entity SeatEntity['Seat'/658831, l='ServerLevel[world]', x=-843.50, y=67.00, z=-2595.50] as it would cause deadlock
[08Aug2026 00:31:09.857] [Server thread/WARN] [ModernFix/]: Skipped emitting ENTITY_MOUNT game event for entity SeatEntity['Seat'/659047, l='ServerLevel[world]', x=-843.50, y=67.00, z=-2595.50] as it would cause deadlock
[08Aug2026 00:31:10.299] [Server thread/WARN] [ModernFix/]: Skipped emitting ENTITY_MOUNT game event for entity SeatEntity['Seat'/659145, l='ServerLevel[world]', x=-843.50, y=67.00, z=-2595.50] as it would cause deadlock
[08Aug2026 00:31:12.050] [Server thread/WARN] [ModernFix/]: Skipped emitting ENTITY_MOUNT game event for entity SeatEntity['Seat'/659445, l='ServerLevel[world]', x=-843.50, y=67.00, z=-2595.50] as it would cause deadlock
[08Aug2026 00:31:12.312] [Server thread/WARN] [ModernFix/]: Skipped emitting ENTITY_MOUNT game event for entity SeatEntity['Seat'/659451, l='ServerLevel[world]', x=-843.50, y=67.00, z=-2595.50] as it would cause deadlock
[08Aug2026 00:31:12.652] [Server thread/WARN] [ModernFix/]: Skipped emitting ENTITY_MOUNT game event for entity SeatEntity['Seat'/659458, l='ServerLevel[world]', x=-843.50, y=67.00, z=-2595.50] as it would cause deadlock
[08Aug2026 00:31:14.004] [Server thread/WARN] [ModernFix/]: Skipped emitting ENTITY_MOUNT game event for entity SeatEntity['Seat'/659625, l='ServerLevel[world]', x=-843.50, y=67.00, z=-2595.50] as it would cause deadlock
[08Aug2026 00:31:15.265] [Server thread/WARN] [ModernFix/]: Skipped emitting ENTITY_MOUNT game event for entity SeatEntity['Seat'/659834, l='ServerLevel[world]', x=-843.50, y=67.00, z=-2595.50] as it would cause deadlock
[08Aug2026 00:31:16.590] [Server thread/WARN] [ModernFix/]: Skipped emitting ENTITY_MOUNT game event for entity SeatEntity['Seat'/660147, l='ServerLevel[world]', x=-843.50, y=67.00, z=-2595.50] as it would cause deadlock
[08Aug2026 00:31:20.172] [Server thread/WARN] [ModernFix/]: Skipped emitting ENTITY_MOUNT game event for entity SeatEntity['Seat'/660404, l='ServerLevel[world]', x=-843.50, y=67.00, z=-2595.50] as it would cause deadlock
[08Aug2026 00:31:21.611] [Server thread/WARN] [ModernFix/]: Skipped emitting ENTITY_MOUNT game event for entity SeatEntity['Seat'/660591, l='ServerLevel[world]', x=-843.50, y=67.00, z=-2595.50] as it would cause deadlock
[08Aug2026 00:31:21.929] [Server thread/WARN] [ModernFix/]: Skipped emitting ENTITY_MOUNT game event for entity SeatEntity['Seat'/660598, l='ServerLevel[world]', x=-843.50, y=67.00, z=-2595.50] as it would cause deadlock
[08Aug2026 00:31:22.171] [Server thread/WARN] [ModernFix/]: Skipped emitting ENTITY_MOUNT game event for entity SeatEntity['Seat'/660660, l='ServerLevel[world]', x=-843.50, y=67.00, z=-2595.50] as it would cause deadlock
[08Aug2026 00:31:22.907] [Server thread/WARN] [ModernFix/]: Skipped emitting ENTITY_MOUNT game event for entity SeatEntity['Seat'/660854, l='ServerLevel[world]', x=-843.50, y=67.00, z=-2595.50] as it would cause deadlock
[08Aug2026 00:31:23.281] [Server thread/WARN] [ModernFix/]: Skipped emitting ENTITY_MOUNT game event for entity SeatEntity['Seat'/660900, l='ServerLevel[world]', x=-843.50, y=67.00, z=-2595.50] as it would cause deadlock
[08Aug2026 00:31:23.715] [Server thread/WARN] [ModernFix/]: Skipped emitting ENTITY_MOUNT game event for entity SeatEntity['Seat'/660995, l='ServerLevel[world]', x=-843.50, y=67.00, z=-2595.50] as it would cause deadlock
[08Aug2026 00:31:24.452] [Server thread/WARN] [ModernFix/]: Skipped emitting ENTITY_MOUNT game event for entity SeatEntity['Seat'/661063, l='ServerLevel[world]', x=-843.50, y=67.00, z=-2595.50] as it would cause deadlock
[08Aug2026 00:31:24.811] [Server thread/WARN] [ModernFix/]: Skipped emitting ENTITY_MOUNT game event for entity SeatEntity['Seat'/661164, l='ServerLevel[world]', x=-843.50, y=67.00, z=-2595.50] as it would cause deadlock
[08Aug2026 00:31:27.653] [Server thread/WARN] [ModernFix/]: Skipped emitting ENTITY_MOUNT game event for entity SeatEntity['Seat'/661694, l='ServerLevel[world]', x=-843.50, y=67.00, z=-2595.50] as it would cause deadlock
[08Aug2026 00:31:28.106] [Server thread/WARN] [ModernFix/]: Skipped emitting ENTITY_MOUNT game event for entity SeatEntity['Seat'/661788, l='ServerLevel[world]', x=-843.50, y=67.00, z=-2595.50] as it would cause deadlock
[08Aug2026 00:31:28.560] [Server thread/WARN] [ModernFix/]: Skipped emitting ENTITY_MOUNT game event for entity SeatEntity['Seat'/661905, l='ServerLevel[world]', x=-843.50, y=67.00, z=-2595.50] as it would cause deadlock
[08Aug2026 00:31:31.000] [Server thread/WARN] [ModernFix/]: Skipped emitting ENTITY_MOUNT game event for entity SeatEntity['Seat'/662400, l='ServerLevel[world]', x=-843.50, y=67.00, z=-2595.50] as it would cause deadlock
[08Aug2026 00:31:31.862] [Server thread/WARN] [ModernFix/]: Skipped emitting ENTITY_MOUNT game event for entity SeatEntity['Seat'/662577, l='ServerLevel[world]', x=-843.50, y=67.00, z=-2595.50] as it would cause deadlock
[08Aug2026 00:31:32.802] [Server thread/WARN] [ModernFix/]: Skipped emitting ENTITY_MOUNT game event for entity SeatEntity['Seat'/662735, l='ServerLevel[world]', x=-843.50, y=67.00, z=-2595.50] as it would cause deadlock
[08Aug2026 00:31:33.710] [Server thread/WARN] [ModernFix/]: Skipped emitting ENTITY_MOUNT game event for entity SeatEntity['Seat'/662876, l='ServerLevel[world]', x=-843.50, y=67.00, z=-2595.50] as it would cause deadlock
[08Aug2026 00:31:35.095] [Server thread/WARN] [ModernFix/]: Skipped emitting ENTITY_MOUNT game event for entity SeatEntity['Seat'/663098, l='ServerLevel[world]', x=-843.50, y=67.00, z=-2595.50] as it would cause deadlock
[08Aug2026 00:31:35.413] [Server thread/WARN] [ModernFix/]: Skipped emitting ENTITY_MOUNT game event for entity SeatEntity['Seat'/663236, l='ServerLevel[world]', x=-843.50, y=67.00, z=-2595.50] as it would cause deadlock
[08Aug2026 00:31:35.668] [Server thread/WARN] [ModernFix/]: Skipped emitting ENTITY_MOUNT game event for entity SeatEntity['Seat'/663241, l='ServerLevel[world]', x=-843.50, y=67.00, z=-2595.50] as it would cause deadlock
[08Aug2026 00:31:36.459] [Server thread/WARN] [ModernFix/]: Skipped emitting ENTITY_MOUNT game event for entity SeatEntity['Seat'/663419, l='ServerLevel[world]', x=-843.50, y=67.00, z=-2595.50] as it would cause deadlock
[08Aug2026 00:31:36.698] [Server thread/WARN] [ModernFix/]: Skipped emitting ENTITY_MOUNT game event for entity SeatEntity['Seat'/663424, l='ServerLevel[world]', x=-843.50, y=67.00, z=-2595.50] as it would cause deadlock
[08Aug2026 00:31:36.993] [Server thread/WARN] [ModernFix/]: Skipped emitting ENTITY_MOUNT game event for entity SeatEntity['Seat'/663431, l='ServerLevel[world]', x=-843.50, y=67.00, z=-2595.50] as it would cause deadlock
[08Aug2026 00:31:37.549] [Server thread/WARN] [ModernFix/]: Skipped emitting ENTITY_MOUNT game event for entity SeatEntity['Seat'/663601, l='ServerLevel[world]', x=-843.50, y=67.00, z=-2595.50] as it would cause deadlock
[08Aug2026 00:31:39.570] [Server thread/WARN] [ModernFix/]: Skipped emitting ENTITY_MOUNT game event for entity SeatEntity['Seat'/663988, l='ServerLevel[world]', x=-843.50, y=67.00, z=-2595.50] as it would cause deadlock
[08Aug2026 00:31:40.057] [Server thread/WARN] [ModernFix/]: Skipped emitting ENTITY_MOUNT game event for entity SeatEntity['Seat'/664038, l='ServerLevel[world]', x=-843.50, y=67.00, z=-2595.50] as it would cause deadlock
[08Aug2026 00:31:40.301] [Server thread/WARN] [ModernFix/]: Skipped emitting ENTITY_MOUNT game event for entity SeatEntity['Seat'/664096, l='ServerLevel[world]', x=-843.50, y=67.00, z=-2595.50] as it would cause deadlock
[08Aug2026 00:31:43.402] [Server thread/WARN] [ModernFix/]: Skipped emitting ENTITY_MOUNT game event for entity SeatEntity['Seat'/664659, l='ServerLevel[world]', x=-843.50, y=67.00, z=-2595.50] as it would cause deadlock
[08Aug2026 00:31:44.052] [Server thread/WARN] [ModernFix/]: Skipped emitting ENTITY_MOUNT game event for entity SeatEntity['Seat'/664755, l='ServerLevel[world]', x=-843.50, y=67.00, z=-2595.50] as it would cause deadlock
[08Aug2026 00:31:45.158] [Server thread/WARN] [ModernFix/]: Skipped emitting ENTITY_MOUNT game event for entity SeatEntity['Seat'/665047, l='ServerLevel[world]', x=-843.50, y=67.00, z=-2595.50] as it would cause deadlock
[08Aug2026 00:31:45.402] [Server thread/WARN] [ModernFix/]: Skipped emitting ENTITY_MOUNT game event for entity SeatEntity['Seat'/665084, l='ServerLevel[world]', x=-843.50, y=67.00, z=-2595.50] as it would cause deadlock
[08Aug2026 00:31:46.251] [Server thread/WARN] [ModernFix/]: Skipped emitting ENTITY_MOUNT game event for entity SeatEntity['Seat'/665247, l='ServerLevel[world]', x=-843.50, y=67.00, z=-2595.50] as it would cause deadlock
[08Aug2026 00:31:47.598] [Server thread/WARN] [ModernFix/]: Skipped emitting ENTITY_MOUNT game event for entity SeatEntity['Seat'/665527, l='ServerLevel[world]', x=-843.50, y=67.00, z=-2595.50] as it would cause deadlock
[08Aug2026 00:31:47.803] [Server thread/WARN] [ModernFix/]: Skipped emitting ENTITY_MOUNT game event for entity SeatEntity['Seat'/665604, l='ServerLevel[world]', x=-843.50, y=67.00, z=-2595.50] as it would cause deadlock
[08Aug2026 00:31:48.304] [Server thread/WARN] [ModernFix/]: Skipped emitting ENTITY_MOUNT game event for entity SeatEntity['Seat'/665668, l='ServerLevel[world]', x=-843.50, y=67.00, z=-2595.50] as it would cause deadlock
[08Aug2026 00:31:48.550] [Server thread/WARN] [ModernFix/]: Skipped emitting ENTITY_MOUNT game event for entity SeatEntity['Seat'/665714, l='ServerLevel[world]', x=-843.50, y=67.00, z=-2595.50] as it would cause deadlock
[08Aug2026 00:31:48.755] [Server thread/WARN] [ModernFix/]: Skipped emitting ENTITY_MOUNT game event for entity SeatEntity['Seat'/665754, l='ServerLevel[world]', x=-843.50, y=67.00, z=-2595.50] as it would cause deadlock
[08Aug2026 00:31:48.957] [Server thread/WARN] [ModernFix/]: Skipped emitting ENTITY_MOUNT game event for entity SeatEntity['Seat'/665860, l='ServerLevel[world]', x=-843.50, y=67.00, z=-2595.50] as it would cause deadlock
[08Aug2026 00:31:53.658] [Server thread/WARN] [ModernFix/]: Skipped emitting ENTITY_MOUNT game event for entity SeatEntity['Seat'/666780, l='ServerLevel[world]', x=-843.50, y=67.00, z=-2595.50] as it would cause deadlock
[08Aug2026 00:31:55.453] [Server thread/WARN] [ModernFix/]: Skipped emitting ENTITY_MOUNT game event for entity SeatEntity['Seat'/667130, l='ServerLevel[world]', x=-843.50, y=67.00, z=-2595.50] as it would cause deadlock
[08Aug2026 00:31:55.658] [Server thread/WARN] [ModernFix/]: Skipped emitting ENTITY_MOUNT game event for entity SeatEntity['Seat'/667135, l='ServerLevel[world]', x=-843.50, y=67.00, z=-2595.50] as it would cause deadlock
[08Aug2026 00:31:56.207] [Server thread/WARN] [ModernFix/]: Skipped emitting ENTITY_MOUNT game event for entity SeatEntity['Seat'/667308, l='ServerLevel[world]', x=-843.50, y=67.00, z=-2595.50] as it would cause deadlock
[08Aug2026 00:31:56.462] [Server thread/WARN] [ModernFix/]: Skipped emitting ENTITY_MOUNT game event for entity SeatEntity['Seat'/667313, l='ServerLevel[world]', x=-843.50, y=67.00, z=-2595.50] as it would cause deadlock
[08Aug2026 00:31:57.056] [Server thread/WARN] [ModernFix/]: Skipped emitting ENTITY_MOUNT game event for entity SeatEntity['Seat'/667488, l='ServerLevel[world]', x=-843.50, y=67.00, z=-2595.50] as it would cause deadlock
[08Aug2026 00:31:57.401] [Server thread/WARN] [ModernFix/]: Skipped emitting ENTITY_MOUNT game event for entity SeatEntity['Seat'/667557, l='ServerLevel[world]', x=-843.50, y=67.00, z=-2595.50] as it would cause deadlock
[08Aug2026 00:31:58.058] [Server thread/WARN] [ModernFix/]: Skipped emitting ENTITY_MOUNT game event for entity SeatEntity['Seat'/667677, l='ServerLevel[world]', x=-843.50, y=67.00, z=-2595.50] as it would cause deadlock
[08Aug2026 00:31:58.513] [Server thread/WARN] [ModernFix/]: Skipped emitting ENTITY_MOUNT game event for entity SeatEntity['Seat'/667757, l='ServerLevel[world]', x=-843.50, y=67.00, z=-2595.50] as it would cause deadlock
[08Aug2026 00:32:00.602] [Server thread/WARN] [ModernFix/]: Skipped emitting ENTITY_MOUNT game event for entity SeatEntity['Seat'/668183, l='ServerLevel[world]', x=-843.50, y=67.00, z=-2595.50] as it would cause deadlock
[08Aug2026 00:32:01.467] [Server thread/WARN] [ModernFix/]: Skipped emitting ENTITY_MOUNT game event for entity SeatEntity['Seat'/668295, l='ServerLevel[world]', x=-843.50, y=67.00, z=-2595.50] as it would cause deadlock
[08Aug2026 00:32:01.595] [Server thread/WARN] [ModernFix/]: Skipped emitting ENTITY_MOUNT game event for entity SeatEntity['Seat'/668300, l='ServerLevel[world]', x=-843.50, y=67.00, z=-2595.50] as it would cause deadlock
[08Aug2026 00:32:02.157] [Server thread/WARN] [ModernFix/]: Skipped emitting ENTITY_MOUNT game event for entity SeatEntity['Seat'/668388, l='ServerLevel[world]', x=-843.50, y=67.00, z=-2595.50] as it would cause deadlock
[08Aug2026 00:32:03.251] [Server thread/WARN] [ModernFix/]: Skipped emitting ENTITY_MOUNT game event for entity SeatEntity['Seat'/668543, l='ServerLevel[world]', x=-843.50, y=67.00, z=-2595.50] as it would cause deadlock
[08Aug2026 00:32:03.900] [Server thread/WARN] [ModernFix/]: Skipped emitting ENTITY_MOUNT game event for entity SeatEntity['Seat'/668681, l='ServerLevel[world]', x=-843.50, y=67.00, z=-2595.50] as it would cause deadlock
[08Aug2026 00:32:04.756] [Server thread/WARN] [ModernFix/]: Skipped emitting ENTITY_MOUNT game event for entity SeatEntity['Seat'/668870, l='ServerLevel[world]', x=-843.50, y=67.00, z=-2595.50] as it would cause deadlock
[08Aug2026 00:32:07.466] [Server thread/WARN] [ModernFix/]: Skipped emitting ENTITY_MOUNT game event for entity SeatEntity['Seat'/669394, l='ServerLevel[world]', x=-843.50, y=67.00, z=-2595.50] as it would cause deadlock
[08Aug2026 00:32:07.601] [Server thread/WARN] [ModernFix/]: Skipped emitting ENTITY_MOUNT game event for entity SeatEntity['Seat'/669449, l='ServerLevel[world]', x=-843.50, y=67.00, z=-2595.50] as it would cause deadlock
[08Aug2026 00:32:08.547] [Server thread/WARN] [ModernFix/]: Skipped emitting ENTITY_MOUNT game event for entity SeatEntity['Seat'/669565, l='ServerLevel[world]', x=-843.50, y=67.00, z=-2595.50] as it would cause deadlock
[08Aug2026 00:32:08.756] [Server thread/WARN] [ModernFix/]: Skipped emitting ENTITY_MOUNT game event for entity SeatEntity['Seat'/669624, l='ServerLevel[world]', x=-843.50, y=67.00, z=-2595.50] as it would cause deadlock
[08Aug2026 00:32:10.856] [Server thread/WARN] [ModernFix/]: Skipped emitting ENTITY_MOUNT game event for entity SeatEntity['Seat'/670032, l='ServerLevel[world]', x=-843.50, y=67.00, z=-2595.50] as it would cause deadlock
[08Aug2026 00:32:11.097] [Server thread/WARN] [ModernFix/]: Skipped emitting ENTITY_MOUNT game event for entity SeatEntity['Seat'/670038, l='ServerLevel[world]', x=-843.50, y=67.00, z=-2595.50] as it would cause deadlock
[08Aug2026 00:32:11.563] [Server thread/WARN] [ModernFix/]: Skipped emitting ENTITY_MOUNT game event for entity SeatEntity['Seat'/670101, l='ServerLevel[world]', x=-843.50, y=67.00, z=-2595.50] as it would cause deadlock
[08Aug2026 00:32:11.855] [Server thread/WARN] [ModernFix/]: Skipped emitting ENTITY_MOUNT game event for entity SeatEntity['Seat'/670157, l='ServerLevel[world]', x=-843.50, y=67.00, z=-2595.50] as it would cause deadlock
[08Aug2026 00:32:12.660] [Server thread/WARN] [ModernFix/]: Skipped emitting ENTITY_MOUNT game event for entity SeatEntity['Seat'/670295, l='ServerLevel[world]', x=-843.50, y=67.00, z=-2595.50] as it would cause deadlock
[08Aug2026 00:32:12.898] [Server thread/WARN] [ModernFix/]: Skipped emitting ENTITY_MOUNT game event for entity SeatEntity['Seat'/670385, l='ServerLevel[world]', x=-843.50, y=67.00, z=-2595.50] as it would cause deadlock
[08Aug2026 00:32:13.357] [Server thread/WARN] [ModernFix/]: Skipped emitting ENTITY_MOUNT game event for entity SeatEntity['Seat'/670447, l='ServerLevel[world]', x=-843.50, y=67.00, z=-2595.50] as it would cause deadlock
[08Aug2026 00:32:13.552] [Server thread/WARN] [ModernFix/]: Skipped emitting ENTITY_MOUNT game event for entity SeatEntity['Seat'/670488, l='ServerLevel[world]', x=-843.50, y=67.00, z=-2595.50] as it would cause deadlock
[08Aug2026 00:32:14.863] [Server thread/WARN] [ModernFix/]: Skipped emitting ENTITY_MOUNT game event for entity SeatEntity['Seat'/670699, l='ServerLevel[world]', x=-843.50, y=67.00, z=-2595.50] as it would cause deadlock
[08Aug2026 00:32:15.651] [Server thread/WARN] [ModernFix/]: Skipped emitting ENTITY_MOUNT game event for entity SeatEntity['Seat'/670853, l='ServerLevel[world]', x=-843.50, y=67.00, z=-2595.50] as it would cause deadlock
[08Aug2026 00:32:16.345] [Server thread/WARN] [ModernFix/]: Skipped emitting ENTITY_MOUNT game event for entity SeatEntity['Seat'/670975, l='ServerLevel[world]', x=-843.50, y=67.00, z=-2595.50] as it would cause deadlock
[08Aug2026 00:32:16.556] [Server thread/WARN] [ModernFix/]: Skipped emitting ENTITY_MOUNT game event for entity SeatEntity['Seat'/671032, l='ServerLevel[world]', x=-843.50, y=67.00, z=-2595.50] as it would cause deadlock
[08Aug2026 00:32:17.002] [Server thread/WARN] [ModernFix/]: Skipped emitting ENTITY_MOUNT game event for entity SeatEntity['Seat'/671117, l='ServerLevel[world]', x=-843.50, y=67.00, z=-2595.50] as it would cause deadlock
[08Aug2026 00:32:17.305] [Server thread/WARN] [ModernFix/]: Skipped emitting ENTITY_MOUNT game event for entity SeatEntity['Seat'/671205, l='ServerLevel[world]', x=-843.50, y=67.00, z=-2595.50] as it would cause deadlock
[08Aug2026 00:32:17.554] [Server thread/WARN] [ModernFix/]: Skipped emitting ENTITY_MOUNT game event for entity SeatEntity['Seat'/671232, l='ServerLevel[world]', x=-843.50, y=67.00, z=-2595.50] as it would cause deadlock
[08Aug2026 00:32:17.758] [Server thread/WARN] [ModernFix/]: Skipped emitting ENTITY_MOUNT game event for entity SeatEntity['Seat'/671273, l='ServerLevel[world]', x=-843.50, y=67.00, z=-2595.50] as it would cause deadlock
[08Aug2026 00:32:19.249] [Server thread/WARN] [ModernFix/]: Skipped emitting ENTITY_MOUNT game event for entity SeatEntity['Seat'/671562, l='ServerLevel[world]', x=-843.50, y=67.00, z=-2595.50] as it would cause deadlock
[08Aug2026 00:32:19.451] [Server thread/WARN] [ModernFix/]: Skipped emitting ENTITY_MOUNT game event for entity SeatEntity['Seat'/671592, l='ServerLevel[world]', x=-843.50, y=67.00, z=-2595.50] as it would cause deadlock
[08Aug2026 00:32:19.901] [Server thread/WARN] [ModernFix/]: Skipped emitting ENTITY_MOUNT game event for entity SeatEntity['Seat'/671650, l='ServerLevel[world]', x=-843.50, y=67.00, z=-2595.50] as it would cause deadlock
[08Aug2026 00:32:20.308] [Server thread/WARN] [ModernFix/]: Skipped emitting ENTITY_MOUNT game event for entity SeatEntity['Seat'/671711, l='ServerLevel[world]', x=-843.50, y=67.00, z=-2595.50] as it would cause deadlock
[08Aug2026 00:32:20.554] [Server thread/WARN] [ModernFix/]: Skipped emitting ENTITY_MOUNT game event for entity SeatEntity['Seat'/671801, l='ServerLevel[world]', x=-843.50, y=67.00, z=-2595.50] as it would cause deadlock
[08Aug2026 00:32:21.089] [Server thread/WARN] [ModernFix/]: Skipped emitting ENTITY_MOUNT game event for entity SeatEntity['Seat'/671889, l='ServerLevel[world]', x=-843.50, y=67.00, z=-2595.50] as it would cause deadlock
[08Aug2026 00:32:22.238] [Server thread/WARN] [ModernFix/]: Skipped emitting ENTITY_MOUNT game event for entity SeatEntity['Seat'/672074, l='ServerLevel[world]', x=-843.50, y=67.00, z=-2595.50] as it would cause deadlock
[08Aug2026 00:32:22.661] [Server thread/WARN] [ModernFix/]: Skipped emitting ENTITY_MOUNT game event for entity SeatEntity['Seat'/672157, l='ServerLevel[world]', x=-843.50, y=67.00, z=-2595.50] as it would cause deadlock
[08Aug2026 00:32:23.118] [Server thread/WARN] [ModernFix/]: Skipped emitting ENTITY_MOUNT game event for entity SeatEntity['Seat'/672226, l='ServerLevel[world]', x=-843.50, y=67.00, z=-2595.50] as it would cause deadlock
[08Aug2026 00:32:23.358] [Server thread/WARN] [ModernFix/]: Skipped emitting ENTITY_MOUNT game event for entity SeatEntity['Seat'/672282, l='ServerLevel[world]', x=-843.50, y=67.00, z=-2595.50] as it would cause deadlock
[08Aug2026 00:32:23.676] [Server thread/WARN] [ModernFix/]: Skipped emitting ENTITY_MOUNT game event for entity SeatEntity['Seat'/672288, l='ServerLevel[world]', x=-843.50, y=67.00, z=-2595.50] as it would cause deadlock
[08Aug2026 00:32:25.116] [Server thread/WARN] [ModernFix/]: Skipped emitting ENTITY_MOUNT game event for entity SeatEntity['Seat'/672634, l='ServerLevel[world]', x=-843.50, y=67.00, z=-2595.50] as it would cause deadlock
[08Aug2026 00:32:27.900] [Server thread/WARN] [ModernFix/]: Skipped emitting ENTITY_MOUNT game event for entity SeatEntity['Seat'/673146, l='ServerLevel[world]', x=-843.50, y=67.00, z=-2595.50] as it would cause deadlock
[08Aug2026 00:32:28.213] [Server thread/WARN] [ModernFix/]: Skipped emitting ENTITY_MOUNT game event for entity SeatEntity['Seat'/673204, l='ServerLevel[world]', x=-843.50, y=67.00, z=-2595.50] as it would cause deadlock
[08Aug2026 00:32:28.415] [Server thread/WARN] [ModernFix/]: Skipped emitting ENTITY_MOUNT game event for entity SeatEntity['Seat'/673208, l='ServerLevel[world]', x=-843.50, y=67.00, z=-2595.50] as it would cause deadlock
[08Aug2026 00:32:28.653] [Server thread/WARN] [ModernFix/]: Skipped emitting ENTITY_MOUNT game event for entity SeatEntity['Seat'/673271, l='ServerLevel[world]', x=-843.50, y=67.00, z=-2595.50] as it would cause deadlock
[08Aug2026 00:32:29.550] [Server thread/WARN] [ModernFix/]: Skipped emitting ENTITY_MOUNT game event for entity SeatEntity['Seat'/673341, l='ServerLevel[world]', x=-843.50, y=67.00, z=-2595.50] as it would cause deadlock
[08Aug2026 00:32:31.670] [Server thread/WARN] [ModernFix/]: Skipped emitting ENTITY_MOUNT game event for entity SeatEntity['Seat'/673761, l='ServerLevel[world]', x=-843.50, y=67.00, z=-2595.50] as it would cause deadlock
[08Aug2026 00:32:32.460] [Server thread/WARN] [ModernFix/]: Skipped emitting ENTITY_MOUNT game event for entity SeatEntity['Seat'/673923, l='ServerLevel[world]', x=-843.50, y=67.00, z=-2595.50] as it would cause deadlock
[08Aug2026 00:32:32.659] [Server thread/WARN] [ModernFix/]: Skipped emitting ENTITY_MOUNT game event for entity SeatEntity['Seat'/673978, l='ServerLevel[world]', x=-843.50, y=67.00, z=-2595.50] as it would cause deadlock
[08Aug2026 00:32:33.406] [Server thread/WARN] [ModernFix/]: Skipped emitting ENTITY_MOUNT game event for entity SeatEntity['Seat'/674065, l='ServerLevel[world]', x=-843.50, y=67.00, z=-2595.50] as it would cause deadlock
[08Aug2026 00:32:33.555] [Server thread/WARN] [ModernFix/]: Skipped emitting ENTITY_MOUNT game event for entity SeatEntity['Seat'/674115, l='ServerLevel[world]', x=-843.50, y=67.00, z=-2595.50] as it would cause deadlock
[08Aug2026 00:32:34.554] [Server thread/WARN] [ModernFix/]: Skipped emitting ENTITY_MOUNT game event for entity SeatEntity['Seat'/674261, l='ServerLevel[world]', x=-843.50, y=67.00, z=-2595.50] as it would cause deadlock
[08Aug2026 00:32:34.955] [Server thread/WARN] [ModernFix/]: Skipped emitting ENTITY_MOUNT game event for entity SeatEntity['Seat'/674343, l='ServerLevel[world]', x=-843.50, y=67.00, z=-2595.50] as it would cause deadlock
[08Aug2026 00:32:35.200] [Server thread/WARN] [ModernFix/]: Skipped emitting ENTITY_MOUNT game event for entity SeatEntity['Seat'/674424, l='ServerLevel[world]', x=-843.50, y=67.00, z=-2595.50] as it would cause deadlock
[08Aug2026 00:32:36.716] [Server thread/WARN] [ModernFix/]: Skipped emitting ENTITY_MOUNT game event for entity SeatEntity['Seat'/674691, l='ServerLevel[world]', x=-843.50, y=67.00, z=-2595.50] as it would cause deadlock
[08Aug2026 00:32:37.357] [Server thread/WARN] [ModernFix/]: Skipped emitting ENTITY_MOUNT game event for entity SeatEntity['Seat'/674870, l='ServerLevel[world]', x=-843.50, y=67.00, z=-2595.50] as it would cause deadlock
[08Aug2026 00:32:38.577] [Server thread/WARN] [ModernFix/]: Skipped emitting ENTITY_MOUNT game event for entity SeatEntity['Seat'/675061, l='ServerLevel[world]', x=-843.50, y=67.00, z=-2595.50] as it would cause deadlock
[08Aug2026 00:32:41.566] [Server thread/WARN] [ModernFix/]: Skipped emitting ENTITY_MOUNT game event for entity SeatEntity['Seat'/675441, l='ServerLevel[world]', x=-843.50, y=67.00, z=-2595.50] as it would cause deadlock
[08Aug2026 00:32:41.957] [Server thread/WARN] [ModernFix/]: Skipped emitting ENTITY_MOUNT game event for entity SeatEntity['Seat'/675481, l='ServerLevel[world]', x=-843.50, y=67.00, z=-2595.50] as it would cause deadlock
[08Aug2026 00:32:42.966] [Server thread/WARN] [ModernFix/]: Skipped emitting ENTITY_MOUNT game event for entity SeatEntity['Seat'/675593, l='ServerLevel[world]', x=-843.50, y=67.00, z=-2595.50] as it would cause deadlock
[08Aug2026 00:32:43.554] [Server thread/WARN] [ModernFix/]: Skipped emitting ENTITY_MOUNT game event for entity SeatEntity['Seat'/675666, l='ServerLevel[world]', x=-843.50, y=67.00, z=-2595.50] as it would cause deadlock
[08Aug2026 00:32:43.753] [Server thread/WARN] [ModernFix/]: Skipped emitting ENTITY_MOUNT game event for entity SeatEntity['Seat'/675698, l='ServerLevel[world]', x=-843.50, y=67.00, z=-2595.50] as it would cause deadlock
[08Aug2026 00:32:45.197] [Server thread/WARN] [ModernFix/]: Skipped emitting ENTITY_MOUNT game event for entity SeatEntity['Seat'/675864, l='ServerLevel[world]', x=-843.50, y=67.00, z=-2595.50] as it would cause deadlock
[08Aug2026 00:32:45.594] [Server thread/WARN] [ModernFix/]: Skipped emitting ENTITY_MOUNT game event for entity SeatEntity['Seat'/675902, l='ServerLevel[world]', x=-843.50, y=67.00, z=-2595.50] as it would cause deadlock
[08Aug2026 00:32:46.003] [Server thread/WARN] [ModernFix/]: Skipped emitting ENTITY_MOUNT game event for entity SeatEntity['Seat'/675951, l='ServerLevel[world]', x=-843.50, y=67.00, z=-2595.50] as it would cause deadlock
[08Aug2026 00:32:48.911] [Server thread/WARN] [ModernFix/]: Skipped emitting ENTITY_MOUNT game event for entity SeatEntity['Seat'/676290, l='ServerLevel[world]', x=-843.50, y=67.00, z=-2595.50] as it would cause deadlock
[08Aug2026 00:32:49.958] [Server thread/WARN] [ModernFix/]: Skipped emitting ENTITY_MOUNT game event for entity SeatEntity['Seat'/676427, l='ServerLevel[world]', x=-843.50, y=67.00, z=-2595.50] as it would cause deadlock
[08Aug2026 00:32:50.411] [Server thread/WARN] [ModernFix/]: Skipped emitting ENTITY_MOUNT game event for entity SeatEntity['Seat'/676445, l='ServerLevel[world]', x=-843.50, y=67.00, z=-2595.50] as it would cause deadlock
[08Aug2026 00:32:51.101] [Server thread/WARN] [ModernFix/]: Skipped emitting ENTITY_MOUNT game event for entity SeatEntity['Seat'/676537, l='ServerLevel[world]', x=-843.50, y=67.00, z=-2595.50] as it would cause deadlock
[08Aug2026 00:32:51.905] [Server thread/WARN] [ModernFix/]: Skipped emitting ENTITY_MOUNT game event for entity SeatEntity['Seat'/676661, l='ServerLevel[world]', x=-843.50, y=67.00, z=-2595.50] as it would cause deadlock
[08Aug2026 00:32:53.358] [Server thread/WARN] [ModernFix/]: Skipped emitting ENTITY_MOUNT game event for entity SeatEntity['Seat'/676816, l='ServerLevel[world]', x=-843.50, y=67.00, z=-2595.50] as it would cause deadlock
[08Aug2026 00:32:53.670] [Server thread/WARN] [ModernFix/]: Skipped emitting ENTITY_MOUNT game event for entity SeatEntity['Seat'/676848, l='ServerLevel[world]', x=-843.50, y=67.00, z=-2595.50] as it would cause deadlock
[08Aug2026 00:32:53.866] [Server thread/WARN] [ModernFix/]: Skipped emitting ENTITY_MOUNT game event for entity SeatEntity['Seat'/676867, l='ServerLevel[world]', x=-843.50, y=67.00, z=-2595.50] as it would cause deadlock
[08Aug2026 00:32:54.601] [Server thread/WARN] [ModernFix/]: Skipped emitting ENTITY_MOUNT game event for entity SeatEntity['Seat'/676963, l='ServerLevel[world]', x=-843.50, y=67.00, z=-2595.50] as it would cause deadlock
[08Aug2026 00:32:54.761] [Server thread/WARN] [ModernFix/]: Skipped emitting ENTITY_MOUNT game event for entity SeatEntity['Seat'/676967, l='ServerLevel[world]', x=-843.50, y=67.00, z=-2595.50] as it would cause deadlock
[08Aug2026 00:32:55.262] [Server thread/WARN] [ModernFix/]: Skipped emitting ENTITY_MOUNT game event for entity SeatEntity['Seat'/677066, l='ServerLevel[world]', x=-843.50, y=67.00, z=-2595.50] as it would cause deadlock
[08Aug2026 00:32:55.727] [Server thread/WARN] [ModernFix/]: Skipped emitting ENTITY_MOUNT game event for entity SeatEntity['Seat'/677084, l='ServerLevel[world]', x=-843.50, y=67.00, z=-2595.50] as it would cause deadlock
[08Aug2026 00:32:55.868] [Server thread/WARN] [ModernFix/]: Skipped emitting ENTITY_MOUNT game event for entity SeatEntity['Seat'/677120, l='ServerLevel[world]', x=-843.50, y=67.00, z=-2595.50] as it would cause deadlock
[08Aug2026 00:32:56.396] [Server thread/WARN] [ModernFix/]: Skipped emitting ENTITY_MOUNT game event for entity SeatEntity['Seat'/677155, l='ServerLevel[world]', x=-843.50, y=67.00, z=-2595.50] as it would cause deadlock
[08Aug2026 00:32:57.451] [Server thread/WARN] [ModernFix/]: Skipped emitting ENTITY_MOUNT game event for entity SeatEntity['Seat'/677298, l='ServerLevel[world]', x=-843.50, y=67.00, z=-2595.50] as it would cause deadlock
[08Aug2026 00:32:58.016] [Server thread/WARN] [ModernFix/]: Skipped emitting ENTITY_MOUNT game event for entity SeatEntity['Seat'/677339, l='ServerLevel[world]', x=-843.50, y=67.00, z=-2595.50] as it would cause deadlock
[08Aug2026 00:32:58.915] [Server thread/WARN] [ModernFix/]: Skipped emitting ENTITY_MOUNT game event for entity SeatEntity['Seat'/677462, l='ServerLevel[world]', x=-843.50, y=67.00, z=-2595.50] as it would cause deadlock
[08Aug2026 00:32:59.321] [Server thread/WARN] [ModernFix/]: Skipped emitting ENTITY_MOUNT game event for entity SeatEntity['Seat'/677499, l='ServerLevel[world]', x=-843.50, y=67.00, z=-2595.50] as it would cause deadlock
[08Aug2026 00:32:59.603] [Server thread/WARN] [ModernFix/]: Skipped emitting ENTITY_MOUNT game event for entity SeatEntity['Seat'/677518, l='ServerLevel[world]', x=-843.50, y=67.00, z=-2595.50] as it would cause deadlock
[08Aug2026 00:33:02.250] [Server thread/WARN] [ModernFix/]: Skipped emitting ENTITY_MOUNT game event for entity SeatEntity['Seat'/677863, l='ServerLevel[world]', x=-843.50, y=67.00, z=-2595.50] as it would cause deadlock
[08Aug2026 00:33:03.300] [Server thread/WARN] [ModernFix/]: Skipped emitting ENTITY_MOUNT game event for entity SeatEntity['Seat'/677985, l='ServerLevel[world]', x=-843.50, y=67.00, z=-2595.50] as it would cause deadlock
[08Aug2026 00:33:04.453] [Server thread/WARN] [ModernFix/]: Skipped emitting ENTITY_MOUNT game event for entity SeatEntity['Seat'/678075, l='ServerLevel[world]', x=-843.50, y=67.00, z=-2595.50] as it would cause deadlock
[08Aug2026 00:33:06.200] [Server thread/WARN] [ModernFix/]: Skipped emitting ENTITY_MOUNT game event for entity SeatEntity['Seat'/678274, l='ServerLevel[world]', x=-843.50, y=67.00, z=-2595.50] as it would cause deadlock
[08Aug2026 00:33:06.357] [Server thread/WARN] [ModernFix/]: Skipped emitting ENTITY_MOUNT game event for entity SeatEntity['Seat'/678278, l='ServerLevel[world]', x=-843.50, y=67.00, z=-2595.50] as it would cause deadlock
[08Aug2026 00:33:06.912] [Server thread/WARN] [ModernFix/]: Skipped emitting ENTITY_MOUNT game event for entity SeatEntity['Seat'/678369, l='ServerLevel[world]', x=-843.50, y=67.00, z=-2595.50] as it would cause deadlock
[08Aug2026 00:33:07.655] [Server thread/WARN] [ModernFix/]: Skipped emitting ENTITY_MOUNT game event for entity SeatEntity['Seat'/678443, l='ServerLevel[world]', x=-843.50, y=67.00, z=-2595.50] as it would cause deadlock
[08Aug2026 00:33:08.077] [Server thread/WARN] [ModernFix/]: Skipped emitting ENTITY_MOUNT game event for entity SeatEntity['Seat'/678534, l='ServerLevel[world]', x=-843.50, y=67.00, z=-2595.50] as it would cause deadlock
[08Aug2026 00:33:08.210] [Server thread/WARN] [ModernFix/]: Skipped emitting ENTITY_MOUNT game event for entity SeatEntity['Seat'/678539, l='ServerLevel[world]', x=-843.50, y=67.00, z=-2595.50] as it would cause deadlock
[08Aug2026 00:33:10.551] [Server thread/WARN] [ModernFix/]: Skipped emitting ENTITY_MOUNT game event for entity SeatEntity['Seat'/678799, l='ServerLevel[world]', x=-843.50, y=67.00, z=-2595.50] as it would cause deadlock
[08Aug2026 00:33:10.759] [Server thread/WARN] [ModernFix/]: Skipped emitting ENTITY_MOUNT game event for entity SeatEntity['Seat'/678814, l='ServerLevel[world]', x=-843.50, y=67.00, z=-2595.50] as it would cause deadlock
[08Aug2026 00:33:11.111] [Server thread/WARN] [ModernFix/]: Skipped emitting ENTITY_MOUNT game event for entity SeatEntity['Seat'/678860, l='ServerLevel[world]', x=-843.50, y=67.00, z=-2595.50] as it would cause deadlock
[08Aug2026 00:33:11.764] [Server thread/WARN] [ModernFix/]: Skipped emitting ENTITY_MOUNT game event for entity SeatEntity['Seat'/678924, l='ServerLevel[world]', x=-843.50, y=67.00, z=-2595.50] as it would cause deadlock
[08Aug2026 00:33:12.156] [Server thread/WARN] [ModernFix/]: Skipped emitting ENTITY_MOUNT game event for entity SeatEntity['Seat'/678972, l='ServerLevel[world]', x=-843.50, y=67.00, z=-2595.50] as it would cause deadlock
[08Aug2026 00:33:13.305] [Server thread/WARN] [ModernFix/]: Skipped emitting ENTITY_MOUNT game event for entity SeatEntity['Seat'/679107, l='ServerLevel[world]', x=-843.50, y=67.00, z=-2595.50] as it would cause deadlock
[08Aug2026 00:33:13.501] [Server thread/WARN] [ModernFix/]: Skipped emitting ENTITY_MOUNT game event for entity SeatEntity['Seat'/679110, l='ServerLevel[world]', x=-843.50, y=67.00, z=-2595.50] as it would cause deadlock
[08Aug2026 00:33:13.717] [Server thread/WARN] [ModernFix/]: Skipped emitting ENTITY_MOUNT game event for entity SeatEntity['Seat'/679119, l='ServerLevel[world]', x=-843.50, y=67.00, z=-2595.50] as it would cause deadlock
[08Aug2026 00:33:15.857] [Server thread/WARN] [ModernFix/]: Skipped emitting ENTITY_MOUNT game event for entity SeatEntity['Seat'/679299, l='ServerLevel[world]', x=-843.50, y=67.00, z=-2595.50] as it would cause deadlock
[08Aug2026 00:33:16.897] [Server thread/WARN] [ModernFix/]: Skipped emitting ENTITY_MOUNT game event for entity SeatEntity['Seat'/679409, l='ServerLevel[world]', x=-843.50, y=67.00, z=-2595.50] as it would cause deadlock
[08Aug2026 00:33:17.259] [Server thread/WARN] [ModernFix/]: Skipped emitting ENTITY_MOUNT game event for entity SeatEntity['Seat'/679442, l='ServerLevel[world]', x=-843.50, y=67.00, z=-2595.50] as it would cause deadlock
[08Aug2026 00:33:18.151] [Server thread/WARN] [ModernFix/]: Skipped emitting ENTITY_MOUNT game event for entity SeatEntity['Seat'/679526, l='ServerLevel[world]', x=-843.50, y=67.00, z=-2595.50] as it would cause deadlock
[08Aug2026 00:33:18.519] [Server thread/WARN] [ModernFix/]: Skipped emitting ENTITY_MOUNT game event for entity SeatEntity['Seat'/679586, l='ServerLevel[world]', x=-843.50, y=67.00, z=-2595.50] as it would cause deadlock
[08Aug2026 00:33:18.771] [Server thread/WARN] [ModernFix/]: Skipped emitting ENTITY_MOUNT game event for entity SeatEntity['Seat'/679627, l='ServerLevel[world]', x=-843.50, y=67.00, z=-2595.50] as it would cause deadlock
[08Aug2026 00:33:19.153] [Server thread/WARN] [ModernFix/]: Skipped emitting ENTITY_MOUNT game event for entity SeatEntity['Seat'/679654, l='ServerLevel[world]', x=-843.50, y=67.00, z=-2595.50] as it would cause deadlock
[08Aug2026 00:33:19.509] [Server thread/WARN] [ModernFix/]: Skipped emitting ENTITY_MOUNT game event for entity SeatEntity['Seat'/679779, l='ServerLevel[world]', x=-843.50, y=67.00, z=-2595.50] as it would cause deadlock
[08Aug2026 00:33:20.353] [Server thread/WARN] [ModernFix/]: Skipped emitting ENTITY_MOUNT game event for entity SeatEntity['Seat'/679988, l='ServerLevel[world]', x=-843.50, y=67.00, z=-2595.50] as it would cause deadlock
[08Aug2026 00:33:21.110] [Server thread/WARN] [ModernFix/]: Skipped emitting ENTITY_MOUNT game event for entity SeatEntity['Seat'/680173, l='ServerLevel[world]', x=-843.50, y=67.00, z=-2595.50] as it would cause deadlock
[08Aug2026 00:33:24.764] [Server thread/WARN] [ModernFix/]: Skipped emitting ENTITY_MOUNT game event for entity SeatEntity['Seat'/680790, l='ServerLevel[world]', x=-843.50, y=67.00, z=-2595.50] as it would cause deadlock
[08Aug2026 00:33:26.801] [Server thread/WARN] [ModernFix/]: Skipped emitting ENTITY_MOUNT game event for entity SeatEntity['Seat'/680957, l='ServerLevel[world]', x=-843.50, y=67.00, z=-2595.50] as it would cause deadlock
[08Aug2026 00:33:29.274] [Server thread/WARN] [ModernFix/]: Skipped emitting ENTITY_MOUNT game event for entity SeatEntity['Seat'/681209, l='ServerLevel[world]', x=-843.50, y=67.00, z=-2595.50] as it would cause deadlock
[08Aug2026 00:33:29.657] [Server thread/WARN] [ModernFix/]: Skipped emitting ENTITY_MOUNT game event for entity SeatEntity['Seat'/681267, l='ServerLevel[world]', x=-843.50, y=67.00, z=-2595.50] as it would cause deadlock
[08Aug2026 00:33:30.111] [Server thread/WARN] [ModernFix/]: Skipped emitting ENTITY_MOUNT game event for entity SeatEntity['Seat'/681322, l='ServerLevel[world]', x=-843.50, y=67.00, z=-2595.50] as it would cause deadlock
[08Aug2026 00:33:30.877] [Server thread/WARN] [ModernFix/]: Skipped emitting ENTITY_MOUNT game event for entity SeatEntity['Seat'/681344, l='ServerLevel[world]', x=-843.50, y=67.00, z=-2595.50] as it would cause deadlock
[08Aug2026 00:33:48.058] [Server thread/WARN] [ModernFix/]: Skipped emitting ENTITY_MOUNT game event for entity SeatEntity['Seat'/681748, l='ServerLevel[world]', x=-843.50, y=67.00, z=-2595.50] as it would cause deadlock
[08Aug2026 00:33:49.258] [Server thread/WARN] [ModernFix/]: Skipped emitting ENTITY_MOUNT game event for entity SeatEntity['Seat'/681921, l='ServerLevel[world]', x=-843.50, y=67.00, z=-2595.50] as it would cause deadlock
[08Aug2026 00:33:51.207] [Server thread/WARN] [ModernFix/]: Skipped emitting ENTITY_MOUNT game event for entity SeatEntity['Seat'/682259, l='ServerLevel[world]', x=-843.50, y=67.00, z=-2595.50] as it would cause deadlock
[08Aug2026 00:33:51.517] [Server thread/WARN] [ModernFix/]: Skipped emitting ENTITY_MOUNT game event for entity SeatEntity['Seat'/682321, l='ServerLevel[world]', x=-843.50, y=67.00, z=-2595.50] as it would cause deadlock
[08Aug2026 00:33:51.814] [Server thread/WARN] [ModernFix/]: Skipped emitting ENTITY_MOUNT game event for entity SeatEntity['Seat'/682363, l='ServerLevel[world]', x=-843.50, y=67.00, z=-2595.50] as it would cause deadlock
[08Aug2026 00:33:52.900] [Server thread/WARN] [ModernFix/]: Skipped emitting ENTITY_MOUNT game event for entity SeatEntity['Seat'/682598, l='ServerLevel[world]', x=-843.50, y=67.00, z=-2595.50] as it would cause deadlock
[08Aug2026 00:33:53.303] [Server thread/WARN] [ModernFix/]: Skipped emitting ENTITY_MOUNT game event for entity SeatEntity['Seat'/682658, l='ServerLevel[world]', x=-843.50, y=67.00, z=-2595.50] as it would cause deadlock
[08Aug2026 00:33:53.712] [Server thread/WARN] [ModernFix/]: Skipped emitting ENTITY_MOUNT game event for entity SeatEntity['Seat'/682718, l='ServerLevel[world]', x=-843.50, y=67.00, z=-2595.50] as it would cause deadlock
[08Aug2026 00:33:54.154] [Server thread/WARN] [ModernFix/]: Skipped emitting ENTITY_MOUNT game event for entity SeatEntity['Seat'/682779, l='ServerLevel[world]', x=-843.50, y=67.00, z=-2595.50] as it would cause deadlock
[08Aug2026 00:33:55.766] [Server thread/WARN] [ModernFix/]: Skipped emitting ENTITY_MOUNT game event for entity SeatEntity['Seat'/683174, l='ServerLevel[world]', x=-843.50, y=67.00, z=-2595.50] as it would cause deadlock
[08Aug2026 00:33:56.000] [Server thread/WARN] [ModernFix/]: Skipped emitting ENTITY_MOUNT game event for entity SeatEntity['Seat'/683228, l='ServerLevel[world]', x=-843.50, y=67.00, z=-2595.50] as it would cause deadlock
[08Aug2026 00:33:56.652] [Server thread/WARN] [ModernFix/]: Skipped emitting ENTITY_MOUNT game event for entity SeatEntity['Seat'/683342, l='ServerLevel[world]', x=-843.50, y=67.00, z=-2595.50] as it would cause deadlock
[08Aug2026 00:33:56.868] [Server thread/WARN] [ModernFix/]: Skipped emitting ENTITY_MOUNT game event for entity SeatEntity['Seat'/683396, l='ServerLevel[world]', x=-843.50, y=67.00, z=-2595.50] as it would cause deadlock
[08Aug2026 00:33:57.249] [Server thread/WARN] [ModernFix/]: Skipped emitting ENTITY_MOUNT game event for entity SeatEntity['Seat'/683441, l='ServerLevel[world]', x=-843.50, y=67.00, z=-2595.50] as it would cause deadlock
[08Aug2026 00:33:59.309] [Server thread/WARN] [ModernFix/]: Skipped emitting ENTITY_MOUNT game event for entity SeatEntity['Seat'/683812, l='ServerLevel[world]', x=-843.50, y=67.00, z=-2595.50] as it would cause deadlock
[08Aug2026 00:33:59.502] [Server thread/WARN] [ModernFix/]: Skipped emitting ENTITY_MOUNT game event for entity SeatEntity['Seat'/683818, l='ServerLevel[world]', x=-843.50, y=67.00, z=-2595.50] as it would cause deadlock
[08Aug2026 00:34:00.007] [Server thread/WARN] [ModernFix/]: Skipped emitting ENTITY_MOUNT game event for entity SeatEntity['Seat'/683993, l='ServerLevel[world]', x=-843.50, y=67.00, z=-2595.50] as it would cause deadlock
[08Aug2026 00:34:01.263] [Server thread/WARN] [ModernFix/]: Skipped emitting ENTITY_MOUNT game event for entity SeatEntity['Seat'/684214, l='ServerLevel[world]', x=-843.50, y=67.00, z=-2595.50] as it would cause deadlock
[08Aug2026 00:34:01.709] [Server thread/WARN] [ModernFix/]: Skipped emitting ENTITY_MOUNT game event for entity SeatEntity['Seat'/684294, l='ServerLevel[world]', x=-843.50, y=67.00, z=-2595.50] as it would cause deadlock
[08Aug2026 00:34:02.708] [Server thread/WARN] [ModernFix/]: Skipped emitting ENTITY_MOUNT game event for entity SeatEntity['Seat'/684455, l='ServerLevel[world]', x=-843.50, y=67.00, z=-2595.50] as it would cause deadlock
[08Aug2026 00:34:03.306] [Server thread/WARN] [ModernFix/]: Skipped emitting ENTITY_MOUNT game event for entity SeatEntity['Seat'/684597, l='ServerLevel[world]', x=-843.50, y=67.00, z=-2595.50] as it would cause deadlock
[08Aug2026 00:34:04.598] [Server thread/WARN] [ModernFix/]: Skipped emitting ENTITY_MOUNT game event for entity SeatEntity['Seat'/684801, l='ServerLevel[world]', x=-843.50, y=67.00, z=-2595.50] as it would cause deadlock
[08Aug2026 00:34:04.804] [Server thread/WARN] [ModernFix/]: Skipped emitting ENTITY_MOUNT game event for entity SeatEntity['Seat'/684877, l='ServerLevel[world]', x=-843.50, y=67.00, z=-2595.50] as it would cause deadlock
[08Aug2026 00:34:04.999] [Server thread/WARN] [ModernFix/]: Skipped emitting ENTITY_MOUNT game event for entity SeatEntity['Seat'/684881, l='ServerLevel[world]', x=-843.50, y=67.00, z=-2595.50] as it would cause deadlock
[08Aug2026 00:34:05.653] [Server thread/WARN] [ModernFix/]: Skipped emitting ENTITY_MOUNT game event for entity SeatEntity['Seat'/685127, l='ServerLevel[world]', x=-843.50, y=67.00, z=-2595.50] as it would cause deadlock
[08Aug2026 00:34:06.048] [Server thread/WARN] [ModernFix/]: Skipped emitting ENTITY_MOUNT game event for entity SeatEntity['Seat'/685135, l='ServerLevel[world]', x=-843.50, y=67.00, z=-2595.50] as it would cause deadlock
[08Aug2026 00:34:07.369] [Server thread/WARN] [ModernFix/]: Skipped emitting ENTITY_MOUNT game event for entity SeatEntity['Seat'/685465, l='ServerLevel[world]', x=-843.50, y=67.00, z=-2595.50] as it would cause deadlock
[08Aug2026 00:34:07.512] [Server thread/WARN] [ModernFix/]: Skipped emitting ENTITY_MOUNT game event for entity SeatEntity['Seat'/685475, l='ServerLevel[world]', x=-843.50, y=67.00, z=-2595.50] as it would cause deadlock
[08Aug2026 00:34:09.964] [Server thread/WARN] [ModernFix/]: Skipped emitting ENTITY_MOUNT game event for entity SeatEntity['Seat'/685942, l='ServerLevel[world]', x=-843.50, y=67.00, z=-2595.50] as it would cause deadlock
[08Aug2026 00:34:10.868] [Server thread/WARN] [ModernFix/]: Skipped emitting ENTITY_MOUNT game event for entity SeatEntity['Seat'/686156, l='ServerLevel[world]', x=-843.50, y=67.00, z=-2595.50] as it would cause deadlock
[08Aug2026 00:34:11.065] [Server thread/WARN] [ModernFix/]: Skipped emitting ENTITY_MOUNT game event for entity SeatEntity['Seat'/686198, l='ServerLevel[world]', x=-843.50, y=67.00, z=-2595.50] as it would cause deadlock
[08Aug2026 00:34:11.920] [Server thread/WARN] [ModernFix/]: Skipped emitting ENTITY_MOUNT game event for entity SeatEntity['Seat'/686415, l='ServerLevel[world]', x=-843.50, y=67.00, z=-2595.50] as it would cause deadlock
[08Aug2026 00:34:14.925] [Server thread/WARN] [ModernFix/]: Skipped emitting ENTITY_MOUNT game event for entity SeatEntity['Seat'/687124, l='ServerLevel[world]', x=-843.50, y=67.00, z=-2595.50] as it would cause deadlock
[08Aug2026 00:34:17.304] [Server thread/WARN] [ModernFix/]: Skipped emitting ENTITY_MOUNT game event for entity SeatEntity['Seat'/687611, l='ServerLevel[world]', x=-843.50, y=67.00, z=-2595.50] as it would cause deadlock
[08Aug2026 00:34:18.299] [Server thread/WARN] [ModernFix/]: Skipped emitting ENTITY_MOUNT game event for entity SeatEntity['Seat'/687787, l='ServerLevel[world]', x=-843.50, y=67.00, z=-2595.50] as it would cause deadlock
[08Aug2026 00:34:18.707] [Server thread/WARN] [ModernFix/]: Skipped emitting ENTITY_MOUNT game event for entity SeatEntity['Seat'/687834, l='ServerLevel[world]', x=-843.50, y=67.00, z=-2595.50] as it would cause deadlock
[08Aug2026 00:34:18.882] [Server thread/WARN] [ModernFix/]: Skipped emitting ENTITY_MOUNT game event for entity SeatEntity['Seat'/687942, l='ServerLevel[world]', x=-843.50, y=67.00, z=-2595.50] as it would cause deadlock
[08Aug2026 00:34:20.496] [Server thread/WARN] [ModernFix/]: Skipped emitting ENTITY_MOUNT game event for entity SeatEntity['Seat'/688248, l='ServerLevel[world]', x=-843.50, y=67.00, z=-2595.50] as it would cause deadlock
[08Aug2026 00:34:21.708] [Server thread/WARN] [ModernFix/]: Skipped emitting ENTITY_MOUNT game event for entity SeatEntity['Seat'/688559, l='ServerLevel[world]', x=-843.50, y=67.00, z=-2595.50] as it would cause deadlock
[08Aug2026 00:34:22.261] [Server thread/WARN] [ModernFix/]: Skipped emitting ENTITY_MOUNT game event for entity SeatEntity['Seat'/688680, l='ServerLevel[world]', x=-843.50, y=67.00, z=-2595.50] as it would cause deadlock
[08Aug2026 00:34:23.112] [Server thread/WARN] [ModernFix/]: Skipped emitting ENTITY_MOUNT game event for entity SeatEntity['Seat'/688781, l='ServerLevel[world]', x=-843.50, y=67.00, z=-2595.50] as it would cause deadlock
[08Aug2026 00:34:24.958] [Server thread/WARN] [ModernFix/]: Skipped emitting ENTITY_MOUNT game event for entity SeatEntity['Seat'/689259, l='ServerLevel[world]', x=-843.50, y=67.00, z=-2595.50] as it would cause deadlock
[08Aug2026 00:34:25.193] [Server thread/WARN] [ModernFix/]: Skipped emitting ENTITY_MOUNT game event for entity SeatEntity['Seat'/689263, l='ServerLevel[world]', x=-843.50, y=67.00, z=-2595.50] as it would cause deadlock
[08Aug2026 00:34:25.442] [Server thread/WARN] [ModernFix/]: Skipped emitting ENTITY_MOUNT game event for entity SeatEntity['Seat'/689323, l='ServerLevel[world]', x=-843.50, y=67.00, z=-2595.50] as it would cause deadlock
[08Aug2026 00:34:27.092] [Server thread/WARN] [ModernFix/]: Skipped emitting ENTITY_MOUNT game event for entity SeatEntity['Seat'/689691, l='ServerLevel[world]', x=-843.50, y=67.00, z=-2595.50] as it would cause deadlock
[08Aug2026 00:34:30.697] [Server thread/WARN] [ModernFix/]: Skipped emitting ENTITY_MOUNT game event for entity SeatEntity['Seat'/690464, l='ServerLevel[world]', x=-843.50, y=67.00, z=-2595.50] as it would cause deadlock
[08Aug2026 00:34:31.584] [Server thread/WARN] [ModernFix/]: Skipped emitting ENTITY_MOUNT game event for entity SeatEntity['Seat'/690713, l='ServerLevel[world]', x=-843.50, y=67.00, z=-2595.50] as it would cause deadlock
[08Aug2026 00:34:31.857] [Server thread/WARN] [ModernFix/]: Skipped emitting ENTITY_MOUNT game event for entity SeatEntity['Seat'/690726, l='ServerLevel[world]', x=-843.50, y=67.00, z=-2595.50] as it would cause deadlock
[08Aug2026 00:34:32.761] [Server thread/WARN] [ModernFix/]: Skipped emitting ENTITY_MOUNT game event for entity SeatEntity['Seat'/690966, l='ServerLevel[world]', x=-843.50, y=67.00, z=-2595.50] as it would cause deadlock
[08Aug2026 00:34:33.688] [Server thread/WARN] [ModernFix/]: Skipped emitting ENTITY_MOUNT game event for entity SeatEntity['Seat'/691075, l='ServerLevel[world]', x=-843.50, y=67.00, z=-2595.50] as it would cause deadlock
[08Aug2026 00:34:33.944] [Server thread/WARN] [ModernFix/]: Skipped emitting ENTITY_MOUNT game event for entity SeatEntity['Seat'/691162, l='ServerLevel[world]', x=-843.50, y=67.00, z=-2595.50] as it would cause deadlock
[08Aug2026 00:34:34.505] [Server thread/WARN] [ModernFix/]: Skipped emitting ENTITY_MOUNT game event for entity SeatEntity['Seat'/691341, l='ServerLevel[world]', x=-843.50, y=67.00, z=-2595.50] as it would cause deadlock
[08Aug2026 00:34:34.681] [Server thread/WARN] [ModernFix/]: Skipped emitting ENTITY_MOUNT game event for entity SeatEntity['Seat'/691397, l='ServerLevel[world]', x=-843.50, y=67.00, z=-2595.50] as it would cause deadlock
[08Aug2026 00:34:35.311] [Server thread/WARN] [ModernFix/]: Skipped emitting ENTITY_MOUNT game event for entity SeatEntity['Seat'/691492, l='ServerLevel[world]', x=-843.50, y=67.00, z=-2595.50] as it would cause deadlock
[08Aug2026 00:34:35.523] [Server thread/WARN] [ModernFix/]: Skipped emitting ENTITY_MOUNT game event for entity SeatEntity['Seat'/691572, l='ServerLevel[world]', x=-843.50, y=67.00, z=-2595.50] as it would cause deadlock
[08Aug2026 00:34:36.036] [Server thread/WARN] [ModernFix/]: Skipped emitting ENTITY_MOUNT game event for entity SeatEntity['Seat'/691653, l='ServerLevel[world]', x=-843.50, y=67.00, z=-2595.50] as it would cause deadlock
[08Aug2026 00:34:36.861] [Server thread/WARN] [ModernFix/]: Skipped emitting ENTITY_MOUNT game event for entity SeatEntity['Seat'/691818, l='ServerLevel[world]', x=-843.50, y=67.00, z=-2595.50] as it would cause deadlock
[08Aug2026 00:34:37.356] [Server thread/WARN] [ModernFix/]: Skipped emitting ENTITY_MOUNT game event for entity SeatEntity['Seat'/691914, l='ServerLevel[world]', x=-843.50, y=67.00, z=-2595.50] as it would cause deadlock
[08Aug2026 00:34:37.564] [Server thread/WARN] [ModernFix/]: Skipped emitting ENTITY_MOUNT game event for entity SeatEntity['Seat'/692015, l='ServerLevel[world]', x=-843.50, y=67.00, z=-2595.50] as it would cause deadlock
[08Aug2026 00:34:38.201] [Server thread/WARN] [ModernFix/]: Skipped emitting ENTITY_MOUNT game event for entity SeatEntity['Seat'/692140, l='ServerLevel[world]', x=-843.50, y=67.00, z=-2595.50] as it would cause deadlock
[08Aug2026 00:34:38.828] [Server thread/WARN] [ModernFix/]: Skipped emitting ENTITY_MOUNT game event for entity SeatEntity['Seat'/692245, l='ServerLevel[world]', x=-843.50, y=67.00, z=-2595.50] as it would cause deadlock
[08Aug2026 00:34:38.977] [Server thread/WARN] [ModernFix/]: Skipped emitting ENTITY_MOUNT game event for entity SeatEntity['Seat'/692302, l='ServerLevel[world]', x=-843.50, y=67.00, z=-2595.50] as it would cause deadlock
[08Aug2026 00:34:39.168] [Server thread/WARN] [ModernFix/]: Skipped emitting ENTITY_MOUNT game event for entity SeatEntity['Seat'/692358, l='ServerLevel[world]', x=-843.50, y=67.00, z=-2595.50] as it would cause deadlock
[08Aug2026 00:34:39.568] [Server thread/WARN] [ModernFix/]: Skipped emitting ENTITY_MOUNT game event for entity SeatEntity['Seat'/692455, l='ServerLevel[world]', x=-843.50, y=67.00, z=-2595.50] as it would cause deadlock
[08Aug2026 00:34:39.721] [Server thread/WARN] [ModernFix/]: Skipped emitting ENTITY_MOUNT game event for entity SeatEntity['Seat'/692514, l='ServerLevel[world]', x=-843.50, y=67.00, z=-2595.50] as it would cause deadlock
[08Aug2026 00:34:40.358] [Server thread/WARN] [ModernFix/]: Skipped emitting ENTITY_MOUNT game event for entity SeatEntity['Seat'/692652, l='ServerLevel[world]', x=-843.50, y=67.00, z=-2595.50] as it would cause deadlock
[08Aug2026 00:34:40.514] [Server thread/WARN] [ModernFix/]: Skipped emitting ENTITY_MOUNT game event for entity SeatEntity['Seat'/692662, l='ServerLevel[world]', x=-843.50, y=67.00, z=-2595.50] as it would cause deadlock
[08Aug2026 00:34:40.829] [Server thread/WARN] [ModernFix/]: Skipped emitting ENTITY_MOUNT game event for entity SeatEntity['Seat'/692730, l='ServerLevel[world]', x=-843.50, y=67.00, z=-2595.50] as it would cause deadlock
[08Aug2026 00:34:41.221] [Server thread/WARN] [ModernFix/]: Skipped emitting ENTITY_MOUNT game event for entity SeatEntity['Seat'/692893, l='ServerLevel[world]', x=-843.50, y=67.00, z=-2595.50] as it would cause deadlock
[08Aug2026 00:34:41.406] [Server thread/WARN] [ModernFix/]: Skipped emitting ENTITY_MOUNT game event for entity SeatEntity['Seat'/692948, l='ServerLevel[world]', x=-843.50, y=67.00, z=-2595.50] as it would cause deadlock
[08Aug2026 00:34:42.009] [Server thread/WARN] [ModernFix/]: Skipped emitting ENTITY_MOUNT game event for entity SeatEntity['Seat'/693101, l='ServerLevel[world]', x=-843.50, y=67.00, z=-2595.50] as it would cause deadlock
[08Aug2026 00:34:47.400] [Server thread/WARN] [ModernFix/]: Skipped emitting ENTITY_MOUNT game event for entity SeatEntity['Seat'/694259, l='ServerLevel[world]', x=-843.50, y=67.00, z=-2595.50] as it would cause deadlock
[08Aug2026 00:34:48.071] [Server thread/WARN] [ModernFix/]: Skipped emitting ENTITY_MOUNT game event for entity SeatEntity['Seat'/694370, l='ServerLevel[world]', x=-843.50, y=67.00, z=-2595.50] as it would cause deadlock
[08Aug2026 00:34:48.459] [Server thread/WARN] [ModernFix/]: Skipped emitting ENTITY_MOUNT game event for entity SeatEntity['Seat'/694450, l='ServerLevel[world]', x=-843.50, y=67.00, z=-2595.50] as it would cause deadlock
[08Aug2026 00:34:50.260] [Server thread/WARN] [ModernFix/]: Skipped emitting ENTITY_MOUNT game event for entity SeatEntity['Seat'/694774, l='ServerLevel[world]', x=-843.50, y=67.00, z=-2595.50] as it would cause deadlock
[08Aug2026 00:34:50.552] [Server thread/WARN] [ModernFix/]: Skipped emitting ENTITY_MOUNT game event for entity SeatEntity['Seat'/694866, l='ServerLevel[world]', x=-843.50, y=67.00, z=-2595.50] as it would cause deadlock
[08Aug2026 00:34:51.426] [Server thread/WARN] [ModernFix/]: Skipped emitting ENTITY_MOUNT game event for entity SeatEntity['Seat'/695011, l='ServerLevel[world]', x=-843.50, y=67.00, z=-2595.50] as it would cause deadlock
[08Aug2026 00:34:52.837] [Server thread/WARN] [ModernFix/]: Skipped emitting ENTITY_MOUNT game event for entity SeatEntity['Seat'/695299, l='ServerLevel[world]', x=-843.50, y=67.00, z=-2595.50] as it would cause deadlock
[08Aug2026 00:34:53.528] [Server thread/WARN] [ModernFix/]: Skipped emitting ENTITY_MOUNT game event for entity SeatEntity['Seat'/695438, l='ServerLevel[world]', x=-843.50, y=67.00, z=-2595.50] as it would cause deadlock
[08Aug2026 00:34:54.506] [Server thread/WARN] [ModernFix/]: Skipped emitting ENTITY_MOUNT game event for entity SeatEntity['Seat'/695666, l='ServerLevel[world]', x=-843.50, y=67.00, z=-2595.50] as it would cause deadlock
[08Aug2026 00:34:55.704] [Server thread/WARN] [ModernFix/]: Skipped emitting ENTITY_MOUNT game event for entity SeatEntity['Seat'/695918, l='ServerLevel[world]', x=-843.50, y=67.00, z=-2595.50] as it would cause deadlock
[08Aug2026 00:34:56.865] [Server thread/WARN] [ModernFix/]: Skipped emitting ENTITY_MOUNT game event for entity SeatEntity['Seat'/696121, l='ServerLevel[world]', x=-843.50, y=67.00, z=-2595.50] as it would cause deadlock
[08Aug2026 00:34:58.163] [Server thread/WARN] [ModernFix/]: Skipped emitting ENTITY_MOUNT game event for entity SeatEntity['Seat'/696405, l='ServerLevel[world]', x=-843.50, y=67.00, z=-2595.50] as it would cause deadlock
[08Aug2026 00:34:59.009] [Server thread/WARN] [ModernFix/]: Skipped emitting ENTITY_MOUNT game event for entity SeatEntity['Seat'/696643, l='ServerLevel[world]', x=-843.50, y=67.00, z=-2595.50] as it would cause deadlock
[08Aug2026 00:34:59.710] [Server thread/WARN] [ModernFix/]: Skipped emitting ENTITY_MOUNT game event for entity SeatEntity['Seat'/696795, l='ServerLevel[world]', x=-843.50, y=67.00, z=-2595.50] as it would cause deadlock
[08Aug2026 00:35:00.058] [Server thread/WARN] [ModernFix/]: Skipped emitting ENTITY_MOUNT game event for entity SeatEntity['Seat'/696875, l='ServerLevel[world]', x=-843.50, y=67.00, z=-2595.50] as it would cause deadlock
[08Aug2026 00:35:01.926] [Server thread/WARN] [ModernFix/]: Skipped emitting ENTITY_MOUNT game event for entity SeatEntity['Seat'/697146, l='ServerLevel[world]', x=-843.50, y=67.00, z=-2595.50] as it would cause deadlock
[08Aug2026 00:35:02.513] [Server thread/WARN] [ModernFix/]: Skipped emitting ENTITY_MOUNT game event for entity SeatEntity['Seat'/697227, l='ServerLevel[world]', x=-843.50, y=67.00, z=-2595.50] as it would cause deadlock
[08Aug2026 00:35:02.707] [Server thread/WARN] [ModernFix/]: Skipped emitting ENTITY_MOUNT game event for entity SeatEntity['Seat'/697266, l='ServerLevel[world]', x=-843.50, y=67.00, z=-2595.50] as it would cause deadlock
[08Aug2026 00:35:02.973] [Server thread/WARN] [ModernFix/]: Skipped emitting ENTITY_MOUNT game event for entity SeatEntity['Seat'/697327, l='ServerLevel[world]', x=-843.50, y=67.00, z=-2595.50] as it would cause deadlock
[08Aug2026 00:35:03.766] [Server thread/WARN] [ModernFix/]: Skipped emitting ENTITY_MOUNT game event for entity SeatEntity['Seat'/697489, l='ServerLevel[world]', x=-843.50, y=67.00, z=-2595.50] as it would cause deadlock
[08Aug2026 00:35:04.583] [Server thread/WARN] [ModernFix/]: Skipped emitting ENTITY_MOUNT game event for entity SeatEntity['Seat'/697577, l='ServerLevel[world]', x=-843.50, y=67.00, z=-2595.50] as it would cause deadlock
[08Aug2026 00:35:05.658] [Server thread/WARN] [ModernFix/]: Skipped emitting ENTITY_MOUNT game event for entity SeatEntity['Seat'/697802, l='ServerLevel[world]', x=-843.50, y=67.00, z=-2595.50] as it would cause deadlock
[08Aug2026 00:35:06.399] [Server thread/WARN] [ModernFix/]: Skipped emitting ENTITY_MOUNT game event for entity SeatEntity['Seat'/698002, l='ServerLevel[world]', x=-843.50, y=67.00, z=-2595.50] as it would cause deadlock
[08Aug2026 00:35:07.453] [Server thread/WARN] [ModernFix/]: Skipped emitting ENTITY_MOUNT game event for entity SeatEntity['Seat'/698224, l='ServerLevel[world]', x=-843.50, y=67.00, z=-2595.50] as it would cause deadlock
[08Aug2026 00:35:07.918] [Server thread/WARN] [ModernFix/]: Skipped emitting ENTITY_MOUNT game event for entity SeatEntity['Seat'/698361, l='ServerLevel[world]', x=-843.50, y=67.00, z=-2595.50] as it would cause deadlock
[08Aug2026 00:35:10.327] [Server thread/WARN] [ModernFix/]: Skipped emitting ENTITY_MOUNT game event for entity SeatEntity['Seat'/698795, l='ServerLevel[world]', x=-843.50, y=67.00, z=-2595.50] as it would cause deadlock
[08Aug2026 00:35:13.378] [Server thread/WARN] [ModernFix/]: Skipped emitting ENTITY_MOUNT game event for entity SeatEntity['Seat'/699238, l='ServerLevel[world]', x=-843.50, y=67.00, z=-2595.50] as it would cause deadlock
[08Aug2026 00:35:13.630] [Server thread/WARN] [ModernFix/]: Skipped emitting ENTITY_MOUNT game event for entity SeatEntity['Seat'/699286, l='ServerLevel[world]', x=-843.50, y=67.00, z=-2595.50] as it would cause deadlock
[08Aug2026 00:35:15.220] [Server thread/WARN] [ModernFix/]: Skipped emitting ENTITY_MOUNT game event for entity SeatEntity['Seat'/699415, l='ServerLevel[world]', x=-843.50, y=67.00, z=-2595.50] as it would cause deadlock
[08Aug2026 00:35:15.710] [Server thread/WARN] [ModernFix/]: Skipped emitting ENTITY_MOUNT game event for entity SeatEntity['Seat'/699462, l='ServerLevel[world]', x=-843.50, y=67.00, z=-2595.50] as it would cause deadlock
[08Aug2026 00:35:16.172] [Server thread/WARN] [ModernFix/]: Skipped emitting ENTITY_MOUNT game event for entity SeatEntity['Seat'/699500, l='ServerLevel[world]', x=-843.50, y=67.00, z=-2595.50] as it would cause deadlock
[08Aug2026 00:35:16.453] [Server thread/WARN] [ModernFix/]: Skipped emitting ENTITY_MOUNT game event for entity SeatEntity['Seat'/699547, l='ServerLevel[world]', x=-843.50, y=67.00, z=-2595.50] as it would cause deadlock
[08Aug2026 00:35:16.932] [Server thread/WARN] [ModernFix/]: Skipped emitting ENTITY_MOUNT game event for entity SeatEntity['Seat'/699646, l='ServerLevel[world]', x=-843.50, y=67.00, z=-2595.50] as it would cause deadlock
[08Aug2026 00:35:17.656] [Server thread/WARN] [ModernFix/]: Skipped emitting ENTITY_MOUNT game event for entity SeatEntity['Seat'/699747, l='ServerLevel[world]', x=-843.50, y=67.00, z=-2595.50] as it would cause deadlock
[08Aug2026 00:35:18.055] [Server thread/WARN] [ModernFix/]: Skipped emitting ENTITY_MOUNT game event for entity SeatEntity['Seat'/699784, l='ServerLevel[world]', x=-843.50, y=67.00, z=-2595.50] as it would cause deadlock
[08Aug2026 00:35:18.915] [Server thread/WARN] [ModernFix/]: Skipped emitting ENTITY_MOUNT game event for entity SeatEntity['Seat'/699878, l='ServerLevel[world]', x=-843.50, y=67.00, z=-2595.50] as it would cause deadlock
[08Aug2026 00:35:19.154] [Server thread/WARN] [ModernFix/]: Skipped emitting ENTITY_MOUNT game event for entity SeatEntity['Seat'/699921, l='ServerLevel[world]', x=-843.50, y=67.00, z=-2595.50] as it would cause deadlock
[08Aug2026 00:35:20.067] [Server thread/WARN] [ModernFix/]: Skipped emitting ENTITY_MOUNT game event for entity SeatEntity['Seat'/700020, l='ServerLevel[world]', x=-843.50, y=67.00, z=-2595.50] as it would cause deadlock
[08Aug2026 00:35:20.708] [Server thread/WARN] [ModernFix/]: Skipped emitting ENTITY_MOUNT game event for entity SeatEntity['Seat'/700087, l='ServerLevel[world]', x=-843.50, y=67.00, z=-2595.50] as it would cause deadlock
[08Aug2026 00:35:21.214] [Server thread/WARN] [ModernFix/]: Skipped emitting ENTITY_MOUNT game event for entity SeatEntity['Seat'/700226, l='ServerLevel[world]', x=-843.50, y=67.00, z=-2595.50] as it would cause deadlock
[08Aug2026 00:35:22.779] [Server thread/WARN] [ModernFix/]: Skipped emitting ENTITY_MOUNT game event for entity SeatEntity['Seat'/700514, l='ServerLevel[world]', x=-843.50, y=67.00, z=-2595.50] as it would cause deadlock
[08Aug2026 00:35:23.203] [Server thread/WARN] [ModernFix/]: Skipped emitting ENTITY_MOUNT game event for entity SeatEntity['Seat'/700576, l='ServerLevel[world]', x=-843.50, y=67.00, z=-2595.50] as it would cause deadlock
[08Aug2026 00:35:23.958] [Server thread/WARN] [ModernFix/]: Skipped emitting ENTITY_MOUNT game event for entity SeatEntity['Seat'/700706, l='ServerLevel[world]', x=-843.50, y=67.00, z=-2595.50] as it would cause deadlock
[08Aug2026 00:35:24.159] [Server thread/WARN] [ModernFix/]: Skipped emitting ENTITY_MOUNT game event for entity SeatEntity['Seat'/700746, l='ServerLevel[world]', x=-843.50, y=67.00, z=-2595.50] as it would cause deadlock
[08Aug2026 00:35:26.865] [Server thread/WARN] [ModernFix/]: Skipped emitting ENTITY_MOUNT game event for entity SeatEntity['Seat'/701343, l='ServerLevel[world]', x=-843.50, y=67.00, z=-2595.50] as it would cause deadlock
[08Aug2026 00:35:28.453] [Server thread/WARN] [ModernFix/]: Skipped emitting ENTITY_MOUNT game event for entity SeatEntity['Seat'/701735, l='ServerLevel[world]', x=-843.50, y=67.00, z=-2595.50] as it would cause deadlock
[08Aug2026 00:35:30.703] [Server thread/WARN] [ModernFix/]: Skipped emitting ENTITY_MOUNT game event for entity SeatEntity['Seat'/702127, l='ServerLevel[world]', x=-843.50, y=67.00, z=-2595.50] as it would cause deadlock
[08Aug2026 00:35:31.302] [Server thread/WARN] [ModernFix/]: Skipped emitting ENTITY_MOUNT game event for entity SeatEntity['Seat'/702187, l='ServerLevel[world]', x=-843.50, y=67.00, z=-2595.50] as it would cause deadlock
[08Aug2026 00:35:31.562] [Server thread/WARN] [ModernFix/]: Skipped emitting ENTITY_MOUNT game event for entity SeatEntity['Seat'/702299, l='ServerLevel[world]', x=-843.50, y=67.00, z=-2595.50] as it would cause deadlock
[08Aug2026 00:35:31.959] [Server thread/WARN] [ModernFix/]: Skipped emitting ENTITY_MOUNT game event for entity SeatEntity['Seat'/702379, l='ServerLevel[world]', x=-843.50, y=67.00, z=-2595.50] as it would cause deadlock
[08Aug2026 00:35:33.512] [Server thread/WARN] [ModernFix/]: Skipped emitting ENTITY_MOUNT game event for entity SeatEntity['Seat'/702641, l='ServerLevel[world]', x=-843.50, y=67.00, z=-2595.50] as it would cause deadlock
[08Aug2026 00:35:34.694] [Server thread/WARN] [ModernFix/]: Skipped emitting ENTITY_MOUNT game event for entity SeatEntity['Seat'/702891, l='ServerLevel[world]', x=-843.50, y=67.00, z=-2595.50] as it would cause deadlock
[08Aug2026 00:35:37.002] [Server thread/WARN] [ModernFix/]: Skipped emitting ENTITY_MOUNT game event for entity SeatEntity['Seat'/703264, l='ServerLevel[world]', x=-843.50, y=67.00, z=-2595.50] as it would cause deadlock
[08Aug2026 00:35:37.266] [Server thread/WARN] [ModernFix/]: Skipped emitting ENTITY_MOUNT game event for entity SeatEntity['Seat'/703322, l='ServerLevel[world]', x=-843.50, y=67.00, z=-2595.50] as it would cause deadlock
[08Aug2026 00:35:37.506] [Server thread/WARN] [ModernFix/]: Skipped emitting ENTITY_MOUNT game event for entity SeatEntity['Seat'/703344, l='ServerLevel[world]', x=-843.50, y=67.00, z=-2595.50] as it would cause deadlock
[08Aug2026 00:35:37.800] [Server thread/WARN] [ModernFix/]: Skipped emitting ENTITY_MOUNT game event for entity SeatEntity['Seat'/703387, l='ServerLevel[world]', x=-843.50, y=67.00, z=-2595.50] as it would cause deadlock
[08Aug2026 00:35:38.057] [Server thread/WARN] [ModernFix/]: Skipped emitting ENTITY_MOUNT game event for entity SeatEntity['Seat'/703448, l='ServerLevel[world]', x=-843.50, y=67.00, z=-2595.50] as it would cause deadlock
[08Aug2026 00:35:39.913] [Server thread/WARN] [ModernFix/]: Skipped emitting ENTITY_MOUNT game event for entity SeatEntity['Seat'/703845, l='ServerLevel[world]', x=-843.50, y=67.00, z=-2595.50] as it would cause deadlock
[08Aug2026 00:35:41.404] [Server thread/WARN] [ModernFix/]: Skipped emitting ENTITY_MOUNT game event for entity SeatEntity['Seat'/704142, l='ServerLevel[world]', x=-843.50, y=67.00, z=-2595.50] as it would cause deadlock
[08Aug2026 00:35:41.561] [Server thread/WARN] [ModernFix/]: Skipped emitting ENTITY_MOUNT game event for entity SeatEntity['Seat'/704202, l='ServerLevel[world]', x=-843.50, y=67.00, z=-2595.50] as it would cause deadlock
[08Aug2026 00:35:42.604] [Server thread/WARN] [ModernFix/]: Skipped emitting ENTITY_MOUNT game event for entity SeatEntity['Seat'/704473, l='ServerLevel[world]', x=-843.50, y=67.00, z=-2595.50] as it would cause deadlock
[08Aug2026 00:35:43.155] [Server thread/WARN] [ModernFix/]: Skipped emitting ENTITY_MOUNT game event for entity SeatEntity['Seat'/704553, l='ServerLevel[world]', x=-843.50, y=67.00, z=-2595.50] as it would cause deadlock
[08Aug2026 00:35:43.754] [Server thread/WARN] [ModernFix/]: Skipped emitting ENTITY_MOUNT game event for entity SeatEntity['Seat'/704726, l='ServerLevel[world]', x=-843.50, y=67.00, z=-2595.50] as it would cause deadlock
[08Aug2026 00:35:44.452] [Server thread/WARN] [ModernFix/]: Skipped emitting ENTITY_MOUNT game event for entity SeatEntity['Seat'/704926, l='ServerLevel[world]', x=-843.50, y=67.00, z=-2595.50] as it would cause deadlock
[08Aug2026 00:35:45.240] [Server thread/WARN] [ModernFix/]: Skipped emitting ENTITY_MOUNT game event for entity SeatEntity['Seat'/705062, l='ServerLevel[world]', x=-843.50, y=67.00, z=-2595.50] as it would cause deadlock
[08Aug2026 00:35:45.981] [Server thread/WARN] [ModernFix/]: Skipped emitting ENTITY_MOUNT game event for entity SeatEntity['Seat'/705208, l='ServerLevel[world]', x=-843.50, y=67.00, z=-2595.50] as it would cause deadlock
[08Aug2026 00:35:46.279] [Server thread/WARN] [ModernFix/]: Skipped emitting ENTITY_MOUNT game event for entity SeatEntity['Seat'/705212, l='ServerLevel[world]', x=-843.50, y=67.00, z=-2595.50] as it would cause deadlock
[08Aug2026 00:35:47.916] [Server thread/WARN] [ModernFix/]: Skipped emitting ENTITY_MOUNT game event for entity SeatEntity['Seat'/705609, l='ServerLevel[world]', x=-843.50, y=67.00, z=-2595.50] as it would cause deadlock
[08Aug2026 00:35:48.505] [Server thread/WARN] [ModernFix/]: Skipped emitting ENTITY_MOUNT game event for entity SeatEntity['Seat'/705646, l='ServerLevel[world]', x=-843.50, y=67.00, z=-2595.50] as it would cause deadlock
[08Aug2026 00:35:52.655] [Server thread/WARN] [ModernFix/]: Skipped emitting ENTITY_MOUNT game event for entity SeatEntity['Seat'/706539, l='ServerLevel[world]', x=-843.50, y=67.00, z=-2595.50] as it would cause deadlock
[08Aug2026 00:35:53.712] [Server thread/WARN] [ModernFix/]: Skipped emitting ENTITY_MOUNT game event for entity SeatEntity['Seat'/706769, l='ServerLevel[world]', x=-843.50, y=67.00, z=-2595.50] as it would cause deadlock
[08Aug2026 00:35:54.140] [Server thread/WARN] [ModernFix/]: Skipped emitting ENTITY_MOUNT game event for entity SeatEntity['Seat'/706822, l='ServerLevel[world]', x=-843.50, y=67.00, z=-2595.50] as it would cause deadlock
[08Aug2026 00:35:56.013] [Server thread/WARN] [ModernFix/]: Skipped emitting ENTITY_MOUNT game event for entity SeatEntity['Seat'/707263, l='ServerLevel[world]', x=-843.50, y=67.00, z=-2595.50] as it would cause deadlock
[08Aug2026 00:35:56.397] [Server thread/WARN] [ModernFix/]: Skipped emitting ENTITY_MOUNT game event for entity SeatEntity['Seat'/707378, l='ServerLevel[world]', x=-843.50, y=67.00, z=-2595.50] as it would cause deadlock
[08Aug2026 00:35:57.838] [Server thread/WARN] [ModernFix/]: Skipped emitting ENTITY_MOUNT game event for entity SeatEntity['Seat'/707693, l='ServerLevel[world]', x=-843.50, y=67.00, z=-2595.50] as it would cause deadlock
[08Aug2026 00:35:58.372] [Server thread/WARN] [ModernFix/]: Skipped emitting ENTITY_MOUNT game event for entity SeatEntity['Seat'/707758, l='ServerLevel[world]', x=-843.50, y=67.00, z=-2595.50] as it would cause deadlock
[08Aug2026 00:35:59.215] [Server thread/WARN] [ModernFix/]: Skipped emitting ENTITY_MOUNT game event for entity SeatEntity['Seat'/707895, l='ServerLevel[world]', x=-843.50, y=67.00, z=-2595.50] as it would cause deadlock
[08Aug2026 00:35:59.687] [Server thread/WARN] [ModernFix/]: Skipped emitting ENTITY_MOUNT game event for entity SeatEntity['Seat'/708007, l='ServerLevel[world]', x=-843.50, y=67.00, z=-2595.50] as it would cause deadlock
[08Aug2026 00:35:59.973] [Server thread/WARN] [ModernFix/]: Skipped emitting ENTITY_MOUNT game event for entity SeatEntity['Seat'/708073, l='ServerLevel[world]', x=-843.50, y=67.00, z=-2595.50] as it would cause deadlock
[08Aug2026 00:36:00.213] [Server thread/WARN] [ModernFix/]: Skipped emitting ENTITY_MOUNT game event for entity SeatEntity['Seat'/708131, l='ServerLevel[world]', x=-843.50, y=67.00, z=-2595.50] as it would cause deadlock
[08Aug2026 00:36:01.733] [Server thread/WARN] [ModernFix/]: Skipped emitting ENTITY_MOUNT game event for entity SeatEntity['Seat'/708364, l='ServerLevel[world]', x=-843.50, y=67.00, z=-2595.50] as it would cause deadlock
[08Aug2026 00:36:03.207] [Server thread/WARN] [ModernFix/]: Skipped emitting ENTITY_MOUNT game event for entity SeatEntity['Seat'/708573, l='ServerLevel[world]', x=-843.50, y=67.00, z=-2595.50] as it would cause deadlock
[08Aug2026 00:36:03.429] [Server thread/WARN] [ModernFix/]: Skipped emitting ENTITY_MOUNT game event for entity SeatEntity['Seat'/708635, l='ServerLevel[world]', x=-843.50, y=67.00, z=-2595.50] as it would cause deadlock
[08Aug2026 00:36:04.299] [Server thread/WARN] [ModernFix/]: Skipped emitting ENTITY_MOUNT game event for entity SeatEntity['Seat'/708777, l='ServerLevel[world]', x=-843.50, y=67.00, z=-2595.50] as it would cause deadlock
[08Aug2026 00:36:05.173] [Server thread/WARN] [ModernFix/]: Skipped emitting ENTITY_MOUNT game event for entity SeatEntity['Seat'/708960, l='ServerLevel[world]', x=-843.50, y=67.00, z=-2595.50] as it would cause deadlock
[08Aug2026 00:36:05.362] [Server thread/WARN] [ModernFix/]: Skipped emitting ENTITY_MOUNT game event for entity SeatEntity['Seat'/709006, l='ServerLevel[world]', x=-843.50, y=67.00, z=-2595.50] as it would cause deadlock
[08Aug2026 00:36:07.863] [Server thread/WARN] [ModernFix/]: Skipped emitting ENTITY_MOUNT game event for entity SeatEntity['Seat'/709428, l='ServerLevel[world]', x=-843.50, y=67.00, z=-2595.50] as it would cause deadlock
[08Aug2026 00:36:08.239] [Server thread/WARN] [ModernFix/]: Skipped emitting ENTITY_MOUNT game event for entity SeatEntity['Seat'/709563, l='ServerLevel[world]', x=-843.50, y=67.00, z=-2595.50] as it would cause deadlock
[08Aug2026 00:36:09.162] [Server thread/WARN] [ModernFix/]: Skipped emitting ENTITY_MOUNT game event for entity SeatEntity['Seat'/709644, l='ServerLevel[world]', x=-843.50, y=67.00, z=-2595.50] as it would cause deadlock
[08Aug2026 00:36:09.949] [Server thread/WARN] [ModernFix/]: Skipped emitting ENTITY_MOUNT game event for entity SeatEntity['Seat'/709845, l='ServerLevel[world]', x=-843.50, y=67.00, z=-2595.50] as it would cause deadlock
[08Aug2026 00:36:12.114] [Server thread/WARN] [ModernFix/]: Skipped emitting ENTITY_MOUNT game event for entity SeatEntity['Seat'/710206, l='ServerLevel[world]', x=-843.50, y=67.00, z=-2595.50] as it would cause deadlock
[08Aug2026 00:36:12.354] [Server thread/WARN] [ModernFix/]: Skipped emitting ENTITY_MOUNT game event for entity SeatEntity['Seat'/710211, l='ServerLevel[world]', x=-843.50, y=67.00, z=-2595.50] as it would cause deadlock
[08Aug2026 00:36:12.562] [Server thread/WARN] [ModernFix/]: Skipped emitting ENTITY_MOUNT game event for entity SeatEntity['Seat'/710318, l='ServerLevel[world]', x=-843.50, y=67.00, z=-2595.50] as it would cause deadlock
[08Aug2026 00:36:13.604] [Server thread/WARN] [ModernFix/]: Skipped emitting ENTITY_MOUNT game event for entity SeatEntity['Seat'/710475, l='ServerLevel[world]', x=-843.50, y=67.00, z=-2595.50] as it would cause deadlock
[08Aug2026 00:36:13.763] [Server thread/WARN] [ModernFix/]: Skipped emitting ENTITY_MOUNT game event for entity SeatEntity['Seat'/710575, l='ServerLevel[world]', x=-843.50, y=67.00, z=-2595.50] as it would cause deadlock
[08Aug2026 00:36:13.923] [Server thread/WARN] [ModernFix/]: Skipped emitting ENTITY_MOUNT game event for entity SeatEntity['Seat'/710618, l='ServerLevel[world]', x=-843.50, y=67.00, z=-2595.50] as it would cause deadlock
[08Aug2026 00:36:14.855] [Server thread/WARN] [ModernFix/]: Skipped emitting ENTITY_MOUNT game event for entity SeatEntity['Seat'/710741, l='ServerLevel[world]', x=-843.50, y=67.00, z=-2595.50] as it would cause deadlock
[08Aug2026 00:36:15.369] [Server thread/WARN] [ModernFix/]: Skipped emitting ENTITY_MOUNT game event for entity SeatEntity['Seat'/710835, l='ServerLevel[world]', x=-843.50, y=67.00, z=-2595.50] as it would cause deadlock
[08Aug2026 00:36:16.459] [Server thread/WARN] [ModernFix/]: Skipped emitting ENTITY_MOUNT game event for entity SeatEntity['Seat'/711007, l='ServerLevel[world]', x=-843.50, y=67.00, z=-2595.50] as it would cause deadlock
[08Aug2026 00:36:16.654] [Server thread/WARN] [ModernFix/]: Skipped emitting ENTITY_MOUNT game event for entity SeatEntity['Seat'/711100, l='ServerLevel[world]', x=-843.50, y=67.00, z=-2595.50] as it would cause deadlock
[08Aug2026 00:36:17.153] [Server thread/WARN] [ModernFix/]: Skipped emitting ENTITY_MOUNT game event for entity SeatEntity['Seat'/711186, l='ServerLevel[world]', x=-843.50, y=67.00, z=-2595.50] as it would cause deadlock
[08Aug2026 00:36:17.404] [Server thread/WARN] [ModernFix/]: Skipped emitting ENTITY_MOUNT game event for entity SeatEntity['Seat'/711242, l='ServerLevel[world]', x=-843.50, y=67.00, z=-2595.50] as it would cause deadlock
[08Aug2026 00:36:17.681] [Server thread/WARN] [ModernFix/]: Skipped emitting ENTITY_MOUNT game event for entity SeatEntity['Seat'/711299, l='ServerLevel[world]', x=-843.50, y=67.00, z=-2595.50] as it would cause deadlock
[08Aug2026 00:36:19.153] [Server thread/WARN] [ModernFix/]: Skipped emitting ENTITY_MOUNT game event for entity SeatEntity['Seat'/711511, l='ServerLevel[world]', x=-843.50, y=67.00, z=-2595.50] as it would cause deadlock
[08Aug2026 00:36:19.772] [Server thread/WARN] [ModernFix/]: Skipped emitting ENTITY_MOUNT game event for entity SeatEntity['Seat'/711625, l='ServerLevel[world]', x=-843.50, y=67.00, z=-2595.50] as it would cause deadlock
[08Aug2026 00:36:19.966] [Server thread/WARN] [ModernFix/]: Skipped emitting ENTITY_MOUNT game event for entity SeatEntity['Seat'/711684, l='ServerLevel[world]', x=-843.50, y=67.00, z=-2595.50] as it would cause deadlock
[08Aug2026 00:36:20.601] [Server thread/WARN] [ModernFix/]: Skipped emitting ENTITY_MOUNT game event for entity SeatEntity['Seat'/711784, l='ServerLevel[world]', x=-843.50, y=67.00, z=-2595.50] as it would cause deadlock
[08Aug2026 00:36:22.863] [Server thread/WARN] [ModernFix/]: Skipped emitting ENTITY_MOUNT game event for entity SeatEntity['Seat'/712395, l='ServerLevel[world]', x=-843.50, y=67.00, z=-2595.50] as it would cause deadlock
[08Aug2026 00:36:23.208] [Server thread/WARN] [ModernFix/]: Skipped emitting ENTITY_MOUNT game event for entity SeatEntity['Seat'/712470, l='ServerLevel[world]', x=-843.50, y=67.00, z=-2595.50] as it would cause deadlock
[08Aug2026 00:36:25.506] [Server thread/WARN] [ModernFix/]: Skipped emitting ENTITY_MOUNT game event for entity SeatEntity['Seat'/713004, l='ServerLevel[world]', x=-843.50, y=67.00, z=-2595.50] as it would cause deadlock
[08Aug2026 00:36:26.501] [Server thread/WARN] [ModernFix/]: Skipped emitting ENTITY_MOUNT game event for entity SeatEntity['Seat'/713255, l='ServerLevel[world]', x=-843.50, y=67.00, z=-2595.50] as it would cause deadlock
[08Aug2026 00:36:26.854] [Server thread/WARN] [ModernFix/]: Skipped emitting ENTITY_MOUNT game event for entity SeatEntity['Seat'/713274, l='ServerLevel[world]', x=-843.50, y=67.00, z=-2595.50] as it would cause deadlock
[08Aug2026 00:36:27.253] [Server thread/WARN] [ModernFix/]: Skipped emitting ENTITY_MOUNT game event for entity SeatEntity['Seat'/713369, l='ServerLevel[world]', x=-843.50, y=67.00, z=-2595.50] as it would cause deadlock
[08Aug2026 00:37:59.602] [Server thread/INFO] [net.minecraft.server.MinecraftServer/]: xClas06 has made the advancement [Sweet Dreams]
[08Aug2026 00:38:06.361] [Server thread/WARN] [ModernFix/]: Skipped emitting ENTITY_MOUNT game event for entity SeatEntity['Seat'/724490, l='ServerLevel[world]', x=-843.50, y=67.00, z=-2595.50] as it would cause deadlock
[08Aug2026 00:38:06.570] [Server thread/WARN] [ModernFix/]: Skipped emitting ENTITY_MOUNT game event for entity SeatEntity['Seat'/724532, l='ServerLevel[world]', x=-843.50, y=67.00, z=-2595.50] as it would cause deadlock
[08Aug2026 00:38:08.782] [Server thread/WARN] [ModernFix/]: Skipped emitting ENTITY_MOUNT game event for entity SeatEntity['Seat'/724758, l='ServerLevel[world]', x=-843.50, y=67.00, z=-2595.50] as it would cause deadlock
[08Aug2026 00:38:08.971] [Server thread/WARN] [ModernFix/]: Skipped emitting ENTITY_MOUNT game event for entity SeatEntity['Seat'/724786, l='ServerLevel[world]', x=-843.50, y=67.00, z=-2595.50] as it would cause deadlock
[08Aug2026 00:38:09.973] [Server thread/WARN] [ModernFix/]: Skipped emitting ENTITY_MOUNT game event for entity SeatEntity['Seat'/724938, l='ServerLevel[world]', x=-843.50, y=67.00, z=-2595.50] as it would cause deadlock
[08Aug2026 00:38:10.294] [Server thread/WARN] [ModernFix/]: Skipped emitting ENTITY_MOUNT game event for entity SeatEntity['Seat'/724967, l='ServerLevel[world]', x=-843.50, y=67.00, z=-2595.50] as it would cause deadlock
[08Aug2026 00:38:10.768] [Server thread/WARN] [ModernFix/]: Skipped emitting ENTITY_MOUNT game event for entity SeatEntity['Seat'/725015, l='ServerLevel[world]', x=-843.50, y=67.00, z=-2595.50] as it would cause deadlock
[08Aug2026 00:38:10.991] [Server thread/WARN] [ModernFix/]: Skipped emitting ENTITY_MOUNT game event for entity SeatEntity['Seat'/725028, l='ServerLevel[world]', x=-843.50, y=67.00, z=-2595.50] as it would cause deadlock
[08Aug2026 00:38:12.524] [Server thread/WARN] [ModernFix/]: Skipped emitting ENTITY_MOUNT game event for entity SeatEntity['Seat'/725221, l='ServerLevel[world]', x=-843.50, y=67.00, z=-2595.50] as it would cause deadlock
[08Aug2026 00:38:13.076] [Server thread/WARN] [ModernFix/]: Skipped emitting ENTITY_MOUNT game event for entity SeatEntity['Seat'/725256, l='ServerLevel[world]', x=-843.50, y=67.00, z=-2595.50] as it would cause deadlock
[08Aug2026 00:38:13.336] [Server thread/WARN] [ModernFix/]: Skipped emitting ENTITY_MOUNT game event for entity SeatEntity['Seat'/725265, l='ServerLevel[world]', x=-843.50, y=67.00, z=-2595.50] as it would cause deadlock
[08Aug2026 00:38:14.047] [Server thread/WARN] [ModernFix/]: Skipped emitting ENTITY_MOUNT game event for entity SeatEntity['Seat'/725372, l='ServerLevel[world]', x=-843.50, y=67.00, z=-2595.50] as it would cause deadlock
[08Aug2026 00:38:14.440] [Server thread/WARN] [ModernFix/]: Skipped emitting ENTITY_MOUNT game event for entity SeatEntity['Seat'/725379, l='ServerLevel[world]', x=-843.50, y=67.00, z=-2595.50] as it would cause deadlock
[08Aug2026 00:38:17.036] [Server thread/WARN] [ModernFix/]: Skipped emitting ENTITY_MOUNT game event for entity SeatEntity['Seat'/725691, l='ServerLevel[world]', x=-843.50, y=67.00, z=-2595.50] as it would cause deadlock
[08Aug2026 00:38:17.303] [Server thread/WARN] [ModernFix/]: Skipped emitting ENTITY_MOUNT game event for entity SeatEntity['Seat'/725723, l='ServerLevel[world]', x=-843.50, y=67.00, z=-2595.50] as it would cause deadlock
[08Aug2026 00:38:18.790] [Server thread/WARN] [ModernFix/]: Skipped emitting ENTITY_MOUNT game event for entity SeatEntity['Seat'/725840, l='ServerLevel[world]', x=-843.50, y=67.00, z=-2595.50] as it would cause deadlock
[08Aug2026 00:38:19.830] [Server thread/WARN] [ModernFix/]: Skipped emitting ENTITY_MOUNT game event for entity SeatEntity['Seat'/726004, l='ServerLevel[world]', x=-843.50, y=67.00, z=-2595.50] as it would cause deadlock
[08Aug2026 00:38:19.976] [Server thread/WARN] [ModernFix/]: Skipped emitting ENTITY_MOUNT game event for entity SeatEntity['Seat'/726029, l='ServerLevel[world]', x=-843.50, y=67.00, z=-2595.50] as it would cause deadlock
[08Aug2026 00:38:20.215] [Server thread/WARN] [ModernFix/]: Skipped emitting ENTITY_MOUNT game event for entity SeatEntity['Seat'/726036, l='ServerLevel[world]', x=-843.50, y=67.00, z=-2595.50] as it would cause deadlock
[08Aug2026 00:38:21.029] [Server thread/WARN] [ModernFix/]: Skipped emitting ENTITY_MOUNT game event for entity SeatEntity['Seat'/726142, l='ServerLevel[world]', x=-843.50, y=67.00, z=-2595.50] as it would cause deadlock
[08Aug2026 00:38:21.696] [Server thread/WARN] [ModernFix/]: Skipped emitting ENTITY_MOUNT game event for entity SeatEntity['Seat'/726191, l='ServerLevel[world]', x=-843.50, y=67.00, z=-2595.50] as it would cause deadlock
[08Aug2026 00:38:21.886] [Server thread/WARN] [ModernFix/]: Skipped emitting ENTITY_MOUNT game event for entity SeatEntity['Seat'/726242, l='ServerLevel[world]', x=-843.50, y=67.00, z=-2595.50] as it would cause deadlock
[08Aug2026 00:38:22.692] [Server thread/WARN] [ModernFix/]: Skipped emitting ENTITY_MOUNT game event for entity SeatEntity['Seat'/726311, l='ServerLevel[world]', x=-843.50, y=67.00, z=-2595.50] as it would cause deadlock
[08Aug2026 00:38:24.672] [Server thread/WARN] [ModernFix/]: Skipped emitting ENTITY_MOUNT game event for entity SeatEntity['Seat'/726453, l='ServerLevel[world]', x=-843.50, y=67.00, z=-2595.50] as it would cause deadlock
[08Aug2026 00:38:28.233] [Server thread/WARN] [ModernFix/]: Skipped emitting ENTITY_MOUNT game event for entity SeatEntity['Seat'/726910, l='ServerLevel[world]', x=-843.50, y=67.00, z=-2595.50] as it would cause deadlock
[08Aug2026 00:38:29.886] [Server thread/WARN] [ModernFix/]: Skipped emitting ENTITY_MOUNT game event for entity SeatEntity['Seat'/727144, l='ServerLevel[world]', x=-843.50, y=67.00, z=-2595.50] as it would cause deadlock
[08Aug2026 00:38:30.057] [Server thread/WARN] [ModernFix/]: Skipped emitting ENTITY_MOUNT game event for entity SeatEntity['Seat'/727185, l='ServerLevel[world]', x=-843.50, y=67.00, z=-2595.50] as it would cause deadlock
[08Aug2026 00:38:30.458] [Server thread/WARN] [ModernFix/]: Skipped emitting ENTITY_MOUNT game event for entity SeatEntity['Seat'/727242, l='ServerLevel[world]', x=-843.50, y=67.00, z=-2595.50] as it would cause deadlock
[08Aug2026 00:38:30.679] [Server thread/WARN] [ModernFix/]: Skipped emitting ENTITY_MOUNT game event for entity SeatEntity['Seat'/727309, l='ServerLevel[world]', x=-843.50, y=67.00, z=-2595.50] as it would cause deadlock
[08Aug2026 00:38:30.871] [Server thread/WARN] [ModernFix/]: Skipped emitting ENTITY_MOUNT game event for entity SeatEntity['Seat'/727362, l='ServerLevel[world]', x=-843.50, y=67.00, z=-2595.50] as it would cause deadlock
[08Aug2026 00:38:31.787] [Server thread/WARN] [ModernFix/]: Skipped emitting ENTITY_MOUNT game event for entity SeatEntity['Seat'/727437, l='ServerLevel[world]', x=-843.50, y=67.00, z=-2595.50] as it would cause deadlock
[08Aug2026 00:38:32.433] [Server thread/WARN] [ModernFix/]: Skipped emitting ENTITY_MOUNT game event for entity SeatEntity['Seat'/727607, l='ServerLevel[world]', x=-843.50, y=67.00, z=-2595.50] as it would cause deadlock
[08Aug2026 00:38:32.627] [Server thread/WARN] [ModernFix/]: Skipped emitting ENTITY_MOUNT game event for entity SeatEntity['Seat'/727682, l='ServerLevel[world]', x=-843.50, y=67.00, z=-2595.50] as it would cause deadlock
[08Aug2026 00:38:33.298] [Server thread/WARN] [ModernFix/]: Skipped emitting ENTITY_MOUNT game event for entity SeatEntity['Seat'/727772, l='ServerLevel[world]', x=-843.50, y=67.00, z=-2595.50] as it would cause deadlock
[08Aug2026 00:38:33.490] [Server thread/WARN] [ModernFix/]: Skipped emitting ENTITY_MOUNT game event for entity SeatEntity['Seat'/727789, l='ServerLevel[world]', x=-843.50, y=67.00, z=-2595.50] as it would cause deadlock
[08Aug2026 00:38:34.438] [Server thread/WARN] [ModernFix/]: Skipped emitting ENTITY_MOUNT game event for entity SeatEntity['Seat'/727946, l='ServerLevel[world]', x=-843.50, y=67.00, z=-2595.50] as it would cause deadlock
[08Aug2026 00:38:37.542] [Server thread/WARN] [ModernFix/]: Skipped emitting ENTITY_MOUNT game event for entity SeatEntity['Seat'/728497, l='ServerLevel[world]', x=-843.50, y=67.00, z=-2595.50] as it would cause deadlock
[08Aug2026 00:38:38.514] [Server thread/WARN] [ModernFix/]: Skipped emitting ENTITY_MOUNT game event for entity SeatEntity['Seat'/728755, l='ServerLevel[world]', x=-843.50, y=67.00, z=-2595.50] as it would cause deadlock
[08Aug2026 00:38:41.367] [Server thread/WARN] [ModernFix/]: Skipped emitting ENTITY_MOUNT game event for entity SeatEntity['Seat'/729289, l='ServerLevel[world]', x=-843.50, y=67.00, z=-2595.50] as it would cause deadlock
[08Aug2026 00:38:42.849] [Server thread/WARN] [ModernFix/]: Skipped emitting ENTITY_MOUNT game event for entity SeatEntity['Seat'/729585, l='ServerLevel[world]', x=-843.50, y=67.00, z=-2595.50] as it would cause deadlock
[08Aug2026 00:38:44.254] [Server thread/WARN] [ModernFix/]: Skipped emitting ENTITY_MOUNT game event for entity SeatEntity['Seat'/729789, l='ServerLevel[world]', x=-843.50, y=67.00, z=-2595.50] as it would cause deadlock
[08Aug2026 00:38:45.001] [Server thread/WARN] [ModernFix/]: Skipped emitting ENTITY_MOUNT game event for entity SeatEntity['Seat'/729944, l='ServerLevel[world]', x=-843.50, y=67.00, z=-2595.50] as it would cause deadlock
[08Aug2026 00:38:46.039] [Server thread/WARN] [ModernFix/]: Skipped emitting ENTITY_MOUNT game event for entity SeatEntity['Seat'/730166, l='ServerLevel[world]', x=-843.50, y=67.00, z=-2595.50] as it would cause deadlock
[08Aug2026 00:38:47.707] [Server thread/WARN] [ModernFix/]: Skipped emitting ENTITY_MOUNT game event for entity SeatEntity['Seat'/730445, l='ServerLevel[world]', x=-843.50, y=67.00, z=-2595.50] as it would cause deadlock
[08Aug2026 00:38:48.118] [Server thread/WARN] [ModernFix/]: Skipped emitting ENTITY_MOUNT game event for entity SeatEntity['Seat'/730512, l='ServerLevel[world]', x=-843.50, y=67.00, z=-2595.50] as it would cause deadlock
[08Aug2026 00:38:50.736] [Server thread/WARN] [ModernFix/]: Skipped emitting ENTITY_MOUNT game event for entity SeatEntity['Seat'/730926, l='ServerLevel[world]', x=-843.50, y=67.00, z=-2595.50] as it would cause deadlock
[08Aug2026 00:38:51.120] [Server thread/WARN] [ModernFix/]: Skipped emitting ENTITY_MOUNT game event for entity SeatEntity['Seat'/730983, l='ServerLevel[world]', x=-843.50, y=67.00, z=-2595.50] as it would cause deadlock
[08Aug2026 00:38:52.563] [Server thread/WARN] [ModernFix/]: Skipped emitting ENTITY_MOUNT game event for entity SeatEntity['Seat'/731221, l='ServerLevel[world]', x=-843.50, y=67.00, z=-2595.50] as it would cause deadlock
[08Aug2026 00:38:52.762] [Server thread/WARN] [ModernFix/]: Skipped emitting ENTITY_MOUNT game event for entity SeatEntity['Seat'/731278, l='ServerLevel[world]', x=-843.50, y=67.00, z=-2595.50] as it would cause deadlock
[08Aug2026 00:38:52.922] [Server thread/WARN] [ModernFix/]: Skipped emitting ENTITY_MOUNT game event for entity SeatEntity['Seat'/731366, l='ServerLevel[world]', x=-843.50, y=67.00, z=-2595.50] as it would cause deadlock
[08Aug2026 00:38:53.804] [Server thread/WARN] [ModernFix/]: Skipped emitting ENTITY_MOUNT game event for entity SeatEntity['Seat'/731479, l='ServerLevel[world]', x=-843.50, y=67.00, z=-2595.50] as it would cause deadlock
[08Aug2026 00:38:56.665] [Server thread/WARN] [ModernFix/]: Skipped emitting ENTITY_MOUNT game event for entity SeatEntity['Seat'/731907, l='ServerLevel[world]', x=-843.50, y=67.00, z=-2595.50] as it would cause deadlock
[08Aug2026 00:38:58.224] [Server thread/WARN] [ModernFix/]: Skipped emitting ENTITY_MOUNT game event for entity SeatEntity['Seat'/732102, l='ServerLevel[world]', x=-843.50, y=67.00, z=-2595.50] as it would cause deadlock
[08Aug2026 00:38:59.164] [Server thread/WARN] [ModernFix/]: Skipped emitting ENTITY_MOUNT game event for entity SeatEntity['Seat'/732210, l='ServerLevel[world]', x=-843.50, y=67.00, z=-2595.50] as it would cause deadlock
[08Aug2026 00:38:59.239] [Server thread/WARN] [net.minecraft.server.MinecraftServer/]: Can't keep up! Is the server overloaded? Running 2024ms or 40 ticks behind
[08Aug2026 00:38:59.856] [Server thread/WARN] [ModernFix/]: Skipped emitting ENTITY_MOUNT game event for entity SeatEntity['Seat'/732326, l='ServerLevel[world]', x=-843.50, y=67.00, z=-2595.50] as it would cause deadlock
[08Aug2026 00:39:00.732] [Server thread/WARN] [ModernFix/]: Skipped emitting ENTITY_MOUNT game event for entity SeatEntity['Seat'/732472, l='ServerLevel[world]', x=-843.50, y=67.00, z=-2595.50] as it would cause deadlock
[08Aug2026 00:39:01.555] [Server thread/WARN] [ModernFix/]: Skipped emitting ENTITY_MOUNT game event for entity SeatEntity['Seat'/732597, l='ServerLevel[world]', x=-843.50, y=67.00, z=-2595.50] as it would cause deadlock
[08Aug2026 00:39:01.783] [Server thread/WARN] [ModernFix/]: Skipped emitting ENTITY_MOUNT game event for entity SeatEntity['Seat'/732664, l='ServerLevel[world]', x=-843.50, y=67.00, z=-2595.50] as it would cause deadlock
[08Aug2026 00:39:03.101] [Server thread/WARN] [ModernFix/]: Skipped emitting ENTITY_MOUNT game event for entity SeatEntity['Seat'/732834, l='ServerLevel[world]', x=-843.50, y=67.00, z=-2595.50] as it would cause deadlock
[08Aug2026 00:39:03.361] [Server thread/WARN] [ModernFix/]: Skipped emitting ENTITY_MOUNT game event for entity SeatEntity['Seat'/732866, l='ServerLevel[world]', x=-843.50, y=67.00, z=-2595.50] as it would cause deadlock
[08Aug2026 00:39:06.180] [Server thread/WARN] [ModernFix/]: Skipped emitting ENTITY_MOUNT game event for entity SeatEntity['Seat'/733275, l='ServerLevel[world]', x=-843.50, y=67.00, z=-2595.50] as it would cause deadlock
[08Aug2026 00:39:06.564] [Server thread/WARN] [ModernFix/]: Skipped emitting ENTITY_MOUNT game event for entity SeatEntity['Seat'/733340, l='ServerLevel[world]', x=-843.50, y=67.00, z=-2595.50] as it would cause deadlock
[08Aug2026 00:39:06.793] [Server thread/WARN] [ModernFix/]: Skipped emitting ENTITY_MOUNT game event for entity SeatEntity['Seat'/733357, l='ServerLevel[world]', x=-843.50, y=67.00, z=-2595.50] as it would cause deadlock
[08Aug2026 00:39:09.720] [Server thread/WARN] [ModernFix/]: Skipped emitting ENTITY_MOUNT game event for entity SeatEntity['Seat'/733948, l='ServerLevel[world]', x=-843.50, y=67.00, z=-2595.50] as it would cause deadlock
[08Aug2026 00:39:10.766] [Server thread/WARN] [ModernFix/]: Skipped emitting ENTITY_MOUNT game event for entity SeatEntity['Seat'/734187, l='ServerLevel[world]', x=-843.50, y=67.00, z=-2595.50] as it would cause deadlock
[08Aug2026 00:39:10.971] [Server thread/WARN] [ModernFix/]: Skipped emitting ENTITY_MOUNT game event for entity SeatEntity['Seat'/734245, l='ServerLevel[world]', x=-843.50, y=67.00, z=-2595.50] as it would cause deadlock
[08Aug2026 00:39:11.907] [Server thread/WARN] [ModernFix/]: Skipped emitting ENTITY_MOUNT game event for entity SeatEntity['Seat'/734309, l='ServerLevel[world]', x=-843.50, y=67.00, z=-2595.50] as it would cause deadlock
[08Aug2026 00:39:12.141] [Server thread/WARN] [ModernFix/]: Skipped emitting ENTITY_MOUNT game event for entity SeatEntity['Seat'/734398, l='ServerLevel[world]', x=-843.50, y=67.00, z=-2595.50] as it would cause deadlock
[08Aug2026 00:39:12.525] [Server thread/WARN] [ModernFix/]: Skipped emitting ENTITY_MOUNT game event for entity SeatEntity['Seat'/734414, l='ServerLevel[world]', x=-843.50, y=67.00, z=-2595.50] as it would cause deadlock
[08Aug2026 00:39:15.566] [Server thread/WARN] [ModernFix/]: Skipped emitting ENTITY_MOUNT game event for entity SeatEntity['Seat'/735081, l='ServerLevel[world]', x=-843.50, y=67.00, z=-2595.50] as it would cause deadlock
[08Aug2026 00:39:16.044] [Server thread/WARN] [ModernFix/]: Skipped emitting ENTITY_MOUNT game event for entity SeatEntity['Seat'/735218, l='ServerLevel[world]', x=-843.50, y=67.00, z=-2595.50] as it would cause deadlock
[08Aug2026 00:39:16.193] [Server thread/WARN] [ModernFix/]: Skipped emitting ENTITY_MOUNT game event for entity SeatEntity['Seat'/735277, l='ServerLevel[world]', x=-843.50, y=67.00, z=-2595.50] as it would cause deadlock
[08Aug2026 00:39:16.448] [Server thread/WARN] [net.minecraft.server.MinecraftServer/]: Can't keep up! Is the server overloaded? Running 2032ms or 40 ticks behind
[08Aug2026 00:39:17.561] [Server thread/WARN] [ModernFix/]: Skipped emitting ENTITY_MOUNT game event for entity SeatEntity['Seat'/735470, l='ServerLevel[world]', x=-843.50, y=67.00, z=-2595.50] as it would cause deadlock
[08Aug2026 00:39:17.738] [Server thread/WARN] [ModernFix/]: Skipped emitting ENTITY_MOUNT game event for entity SeatEntity['Seat'/735478, l='ServerLevel[world]', x=-843.50, y=67.00, z=-2595.50] as it would cause deadlock
[08Aug2026 00:39:18.023] [Server thread/WARN] [ModernFix/]: Skipped emitting ENTITY_MOUNT game event for entity SeatEntity['Seat'/735530, l='ServerLevel[world]', x=-843.50, y=67.00, z=-2595.50] as it would cause deadlock
[08Aug2026 00:39:18.814] [Server thread/WARN] [ModernFix/]: Skipped emitting ENTITY_MOUNT game event for entity SeatEntity['Seat'/735617, l='ServerLevel[world]', x=-843.50, y=67.00, z=-2595.50] as it would cause deadlock
[08Aug2026 00:39:18.965] [Server thread/WARN] [ModernFix/]: Skipped emitting ENTITY_MOUNT game event for entity SeatEntity['Seat'/735672, l='ServerLevel[world]', x=-843.50, y=67.00, z=-2595.50] as it would cause deadlock
[08Aug2026 00:39:19.214] [Server thread/WARN] [ModernFix/]: Skipped emitting ENTITY_MOUNT game event for entity SeatEntity['Seat'/735720, l='ServerLevel[world]', x=-843.50, y=67.00, z=-2595.50] as it would cause deadlock
[08Aug2026 00:39:19.462] [Server thread/WARN] [ModernFix/]: Skipped emitting ENTITY_MOUNT game event for entity SeatEntity['Seat'/735779, l='ServerLevel[world]', x=-843.50, y=67.00, z=-2595.50] as it would cause deadlock
[08Aug2026 00:39:20.658] [Server thread/WARN] [ModernFix/]: Skipped emitting ENTITY_MOUNT game event for entity SeatEntity['Seat'/736000, l='ServerLevel[world]', x=-843.50, y=67.00, z=-2595.50] as it would cause deadlock
[08Aug2026 00:39:21.209] [Server thread/WARN] [ModernFix/]: Skipped emitting ENTITY_MOUNT game event for entity SeatEntity['Seat'/736166, l='ServerLevel[world]', x=-843.50, y=67.00, z=-2595.50] as it would cause deadlock
[08Aug2026 00:39:22.020] [Server thread/WARN] [ModernFix/]: Skipped emitting ENTITY_MOUNT game event for entity SeatEntity['Seat'/736315, l='ServerLevel[world]', x=-843.50, y=67.00, z=-2595.50] as it would cause deadlock
[08Aug2026 00:39:23.163] [Server thread/WARN] [ModernFix/]: Skipped emitting ENTITY_MOUNT game event for entity SeatEntity['Seat'/736418, l='ServerLevel[world]', x=-843.50, y=67.00, z=-2595.50] as it would cause deadlock
[08Aug2026 00:39:23.714] [Server thread/WARN] [ModernFix/]: Skipped emitting ENTITY_MOUNT game event for entity SeatEntity['Seat'/736496, l='ServerLevel[world]', x=-843.50, y=67.00, z=-2595.50] as it would cause deadlock
[08Aug2026 00:39:24.621] [Server thread/WARN] [ModernFix/]: Skipped emitting ENTITY_MOUNT game event for entity SeatEntity['Seat'/736539, l='ServerLevel[world]', x=-843.50, y=67.00, z=-2595.50] as it would cause deadlock
[08Aug2026 00:39:24.867] [Server thread/WARN] [ModernFix/]: Skipped emitting ENTITY_MOUNT game event for entity SeatEntity['Seat'/736580, l='ServerLevel[world]', x=-843.50, y=67.00, z=-2595.50] as it would cause deadlock
[08Aug2026 00:39:25.115] [Server thread/WARN] [ModernFix/]: Skipped emitting ENTITY_MOUNT game event for entity SeatEntity['Seat'/736664, l='ServerLevel[world]', x=-843.50, y=67.00, z=-2595.50] as it would cause deadlock
[08Aug2026 00:39:25.879] [Server thread/WARN] [ModernFix/]: Skipped emitting ENTITY_MOUNT game event for entity SeatEntity['Seat'/736721, l='ServerLevel[world]', x=-843.50, y=67.00, z=-2595.50] as it would cause deadlock
[08Aug2026 00:39:32.226] [Server thread/WARN] [ModernFix/]: Skipped emitting ENTITY_MOUNT game event for entity SeatEntity['Seat'/737561, l='ServerLevel[world]', x=-843.50, y=67.00, z=-2595.50] as it would cause deadlock
[08Aug2026 00:39:32.851] [Server thread/WARN] [ModernFix/]: Skipped emitting ENTITY_MOUNT game event for entity SeatEntity['Seat'/737675, l='ServerLevel[world]', x=-843.50, y=67.00, z=-2595.50] as it would cause deadlock
[08Aug2026 00:39:33.083] [Server thread/WARN] [ModernFix/]: Skipped emitting ENTITY_MOUNT game event for entity SeatEntity['Seat'/737681, l='ServerLevel[world]', x=-843.50, y=67.00, z=-2595.50] as it would cause deadlock
[08Aug2026 00:39:33.387] [Server thread/WARN] [ModernFix/]: Skipped emitting ENTITY_MOUNT game event for entity SeatEntity['Seat'/737735, l='ServerLevel[world]', x=-843.50, y=67.00, z=-2595.50] as it would cause deadlock
[08Aug2026 00:39:34.379] [Server thread/WARN] [ModernFix/]: Skipped emitting ENTITY_MOUNT game event for entity SeatEntity['Seat'/737900, l='ServerLevel[world]', x=-843.50, y=67.00, z=-2595.50] as it would cause deadlock
[08Aug2026 00:39:35.420] [Server thread/WARN] [ModernFix/]: Skipped emitting ENTITY_MOUNT game event for entity SeatEntity['Seat'/738028, l='ServerLevel[world]', x=-843.50, y=67.00, z=-2595.50] as it would cause deadlock
[08Aug2026 00:39:36.092] [Server thread/WARN] [net.minecraft.server.MinecraftServer/]: Can't keep up! Is the server overloaded? Running 4677ms or 93 ticks behind
[08Aug2026 00:39:37.242] [Server thread/INFO] [net.minecraft.world.entity.npc.Villager/]: Villager Villager['Ronald'/718967, l='ServerLevel[world]', x=-654.66, y=71.00, z=-2445.36] died, message: 'Ronald was chopped to bits by Skirmisher'
[08Aug2026 00:39:37.242] [Server thread/INFO] [net.minecraft.world.entity.LivingEntity/]: Named entity Villager['Ronald'/718967, l='ServerLevel[world]', x=-654.66, y=71.00, z=-2445.36] died: Ronald was chopped to bits by Skirmisher
[08Aug2026 00:39:37.749] [Server thread/WARN] [ModernFix/]: Skipped emitting ENTITY_MOUNT game event for entity SeatEntity['Seat'/738356, l='ServerLevel[world]', x=-843.50, y=67.00, z=-2595.50] as it would cause deadlock
[08Aug2026 00:39:38.030] [Server thread/WARN] [ModernFix/]: Skipped emitting ENTITY_MOUNT game event for entity SeatEntity['Seat'/738448, l='ServerLevel[world]', x=-843.50, y=67.00, z=-2595.50] as it would cause deadlock
[08Aug2026 00:39:40.612] [Server thread/WARN] [ModernFix/]: Skipped emitting ENTITY_MOUNT game event for entity SeatEntity['Seat'/738943, l='ServerLevel[world]', x=-843.50, y=67.00, z=-2595.50] as it would cause deadlock
[08Aug2026 00:39:42.037] [Server thread/WARN] [ModernFix/]: Skipped emitting ENTITY_MOUNT game event for entity SeatEntity['Seat'/739155, l='ServerLevel[world]', x=-843.50, y=67.00, z=-2595.50] as it would cause deadlock
[08Aug2026 00:39:42.477] [Server thread/WARN] [ModernFix/]: Skipped emitting ENTITY_MOUNT game event for entity SeatEntity['Seat'/739212, l='ServerLevel[world]', x=-843.50, y=67.00, z=-2595.50] as it would cause deadlock
[08Aug2026 00:39:44.434] [Server thread/WARN] [ModernFix/]: Skipped emitting ENTITY_MOUNT game event for entity SeatEntity['Seat'/739386, l='ServerLevel[world]', x=-843.50, y=67.00, z=-2595.50] as it would cause deadlock
[08Aug2026 00:39:45.581] [Server thread/WARN] [ModernFix/]: Skipped emitting ENTITY_MOUNT game event for entity SeatEntity['Seat'/739618, l='ServerLevel[world]', x=-843.50, y=67.00, z=-2595.50] as it would cause deadlock
[08Aug2026 00:39:45.976] [Server thread/WARN] [ModernFix/]: Skipped emitting ENTITY_MOUNT game event for entity SeatEntity['Seat'/739710, l='ServerLevel[world]', x=-843.50, y=67.00, z=-2595.50] as it would cause deadlock
[08Aug2026 00:39:46.224] [Server thread/WARN] [ModernFix/]: Skipped emitting ENTITY_MOUNT game event for entity SeatEntity['Seat'/739761, l='ServerLevel[world]', x=-843.50, y=67.00, z=-2595.50] as it would cause deadlock
[08Aug2026 00:39:47.189] [Server thread/WARN] [ModernFix/]: Skipped emitting ENTITY_MOUNT game event for entity SeatEntity['Seat'/739926, l='ServerLevel[world]', x=-843.50, y=67.00, z=-2595.50] as it would cause deadlock
[08Aug2026 00:39:47.501] [Server thread/WARN] [ModernFix/]: Skipped emitting ENTITY_MOUNT game event for entity SeatEntity['Seat'/739974, l='ServerLevel[world]', x=-843.50, y=67.00, z=-2595.50] as it would cause deadlock
[08Aug2026 00:39:48.707] [Server thread/WARN] [ModernFix/]: Skipped emitting ENTITY_MOUNT game event for entity SeatEntity['Seat'/740139, l='ServerLevel[world]', x=-843.50, y=67.00, z=-2595.50] as it would cause deadlock
[08Aug2026 00:39:49.072] [Server thread/WARN] [ModernFix/]: Skipped emitting ENTITY_MOUNT game event for entity SeatEntity['Seat'/740198, l='ServerLevel[world]', x=-843.50, y=67.00, z=-2595.50] as it would cause deadlock
[08Aug2026 00:39:50.045] [Server thread/WARN] [ModernFix/]: Skipped emitting ENTITY_MOUNT game event for entity SeatEntity['Seat'/740283, l='ServerLevel[world]', x=-843.50, y=67.00, z=-2595.50] as it would cause deadlock
[08Aug2026 00:39:50.502] [Server thread/WARN] [ModernFix/]: Skipped emitting ENTITY_MOUNT game event for entity SeatEntity['Seat'/740338, l='ServerLevel[world]', x=-843.50, y=67.00, z=-2595.50] as it would cause deadlock
[08Aug2026 00:39:52.724] [Server thread/WARN] [ModernFix/]: Skipped emitting ENTITY_MOUNT game event for entity SeatEntity['Seat'/740687, l='ServerLevel[world]', x=-843.50, y=67.00, z=-2595.50] as it would cause deadlock
[08Aug2026 00:39:53.072] [Server thread/WARN] [ModernFix/]: Skipped emitting ENTITY_MOUNT game event for entity SeatEntity['Seat'/740740, l='ServerLevel[world]', x=-843.50, y=67.00, z=-2595.50] as it would cause deadlock
[08Aug2026 00:39:53.302] [Server thread/WARN] [ModernFix/]: Skipped emitting ENTITY_MOUNT game event for entity SeatEntity['Seat'/740790, l='ServerLevel[world]', x=-843.50, y=67.00, z=-2595.50] as it would cause deadlock
[08Aug2026 00:39:53.861] [Server thread/WARN] [ModernFix/]: Skipped emitting ENTITY_MOUNT game event for entity SeatEntity['Seat'/740866, l='ServerLevel[world]', x=-843.50, y=67.00, z=-2595.50] as it would cause deadlock
[08Aug2026 00:39:54.813] [Server thread/WARN] [net.minecraft.server.MinecraftServer/]: Can't keep up! Is the server overloaded? Running 3747ms or 74 ticks behind
[08Aug2026 00:39:54.970] [Server thread/WARN] [ModernFix/]: Skipped emitting ENTITY_MOUNT game event for entity SeatEntity['Seat'/741093, l='ServerLevel[world]', x=-843.50, y=67.00, z=-2595.50] as it would cause deadlock
[08Aug2026 00:39:55.975] [Server thread/WARN] [ModernFix/]: Skipped emitting ENTITY_MOUNT game event for entity SeatEntity['Seat'/741248, l='ServerLevel[world]', x=-843.50, y=67.00, z=-2595.50] as it would cause deadlock
[08Aug2026 00:39:57.821] [Server thread/WARN] [ModernFix/]: Skipped emitting ENTITY_MOUNT game event for entity SeatEntity['Seat'/741539, l='ServerLevel[world]', x=-843.50, y=67.00, z=-2595.50] as it would cause deadlock
[08Aug2026 00:39:58.028] [Server thread/WARN] [ModernFix/]: Skipped emitting ENTITY_MOUNT game event for entity SeatEntity['Seat'/741592, l='ServerLevel[world]', x=-843.50, y=67.00, z=-2595.50] as it would cause deadlock
[08Aug2026 00:39:58.791] [Server thread/WARN] [ModernFix/]: Skipped emitting ENTITY_MOUNT game event for entity SeatEntity['Seat'/741765, l='ServerLevel[world]', x=-843.50, y=67.00, z=-2595.50] as it would cause deadlock
[08Aug2026 00:40:00.029] [Server thread/WARN] [ModernFix/]: Skipped emitting ENTITY_MOUNT game event for entity SeatEntity['Seat'/741959, l='ServerLevel[world]', x=-843.50, y=67.00, z=-2595.50] as it would cause deadlock
[08Aug2026 00:40:01.043] [Server thread/WARN] [ModernFix/]: Skipped emitting ENTITY_MOUNT game event for entity SeatEntity['Seat'/742104, l='ServerLevel[world]', x=-843.50, y=67.00, z=-2595.50] as it would cause deadlock
[08Aug2026 00:40:01.746] [Server thread/WARN] [ModernFix/]: Skipped emitting ENTITY_MOUNT game event for entity SeatEntity['Seat'/742252, l='ServerLevel[world]', x=-843.50, y=67.00, z=-2595.50] as it would cause deadlock
[08Aug2026 00:40:03.023] [Server thread/WARN] [ModernFix/]: Skipped emitting ENTITY_MOUNT game event for entity SeatEntity['Seat'/742428, l='ServerLevel[world]', x=-843.50, y=67.00, z=-2595.50] as it would cause deadlock
[08Aug2026 00:40:04.365] [Server thread/WARN] [ModernFix/]: Skipped emitting ENTITY_MOUNT game event for entity SeatEntity['Seat'/742612, l='ServerLevel[world]', x=-843.50, y=67.00, z=-2595.50] as it would cause deadlock
[08Aug2026 00:40:04.916] [Server thread/WARN] [ModernFix/]: Skipped emitting ENTITY_MOUNT game event for entity SeatEntity['Seat'/742725, l='ServerLevel[world]', x=-843.50, y=67.00, z=-2595.50] as it would cause deadlock
[08Aug2026 00:40:05.580] [Server thread/WARN] [ModernFix/]: Skipped emitting ENTITY_MOUNT game event for entity SeatEntity['Seat'/742860, l='ServerLevel[world]', x=-843.50, y=67.00, z=-2595.50] as it would cause deadlock
[08Aug2026 00:40:06.332] [Server thread/WARN] [ModernFix/]: Skipped emitting ENTITY_MOUNT game event for entity SeatEntity['Seat'/742947, l='ServerLevel[world]', x=-843.50, y=67.00, z=-2595.50] as it would cause deadlock
[08Aug2026 00:40:06.540] [Server thread/WARN] [ModernFix/]: Skipped emitting ENTITY_MOUNT game event for entity SeatEntity['Seat'/742989, l='ServerLevel[world]', x=-843.50, y=67.00, z=-2595.50] as it would cause deadlock
[08Aug2026 00:40:07.480] [Server thread/WARN] [ModernFix/]: Skipped emitting ENTITY_MOUNT game event for entity SeatEntity['Seat'/743123, l='ServerLevel[world]', x=-843.50, y=67.00, z=-2595.50] as it would cause deadlock
[08Aug2026 00:40:07.682] [Server thread/WARN] [ModernFix/]: Skipped emitting ENTITY_MOUNT game event for entity SeatEntity['Seat'/743174, l='ServerLevel[world]', x=-843.50, y=67.00, z=-2595.50] as it would cause deadlock
[08Aug2026 00:40:07.887] [Server thread/WARN] [ModernFix/]: Skipped emitting ENTITY_MOUNT game event for entity SeatEntity['Seat'/743179, l='ServerLevel[world]', x=-843.50, y=67.00, z=-2595.50] as it would cause deadlock
[08Aug2026 00:40:08.335] [Server thread/WARN] [ModernFix/]: Skipped emitting ENTITY_MOUNT game event for entity SeatEntity['Seat'/743274, l='ServerLevel[world]', x=-843.50, y=67.00, z=-2595.50] as it would cause deadlock
[08Aug2026 00:40:08.551] [Server thread/WARN] [ModernFix/]: Skipped emitting ENTITY_MOUNT game event for entity SeatEntity['Seat'/743286, l='ServerLevel[world]', x=-843.50, y=67.00, z=-2595.50] as it would cause deadlock
[08Aug2026 00:40:09.013] [Server thread/WARN] [ModernFix/]: Skipped emitting ENTITY_MOUNT game event for entity SeatEntity['Seat'/743372, l='ServerLevel[world]', x=-843.50, y=67.00, z=-2595.50] as it would cause deadlock
[08Aug2026 00:40:09.551] [Server thread/WARN] [ModernFix/]: Skipped emitting ENTITY_MOUNT game event for entity SeatEntity['Seat'/743508, l='ServerLevel[world]', x=-843.50, y=67.00, z=-2595.50] as it would cause deadlock
[08Aug2026 00:40:09.869] [Server thread/WARN] [ModernFix/]: Skipped emitting ENTITY_MOUNT game event for entity SeatEntity['Seat'/743518, l='ServerLevel[world]', x=-843.50, y=67.00, z=-2595.50] as it would cause deadlock
[08Aug2026 00:40:10.291] [Server thread/WARN] [ModernFix/]: Skipped emitting ENTITY_MOUNT game event for entity SeatEntity['Seat'/743565, l='ServerLevel[world]', x=-843.50, y=67.00, z=-2595.50] as it would cause deadlock
[08Aug2026 00:40:10.696] [Server thread/WARN] [ModernFix/]: Skipped emitting ENTITY_MOUNT game event for entity SeatEntity['Seat'/743677, l='ServerLevel[world]', x=-843.50, y=67.00, z=-2595.50] as it would cause deadlock
[08Aug2026 00:40:11.421] [Server thread/WARN] [ModernFix/]: Skipped emitting ENTITY_MOUNT game event for entity SeatEntity['Seat'/743796, l='ServerLevel[world]', x=-843.50, y=67.00, z=-2595.50] as it would cause deadlock
[08Aug2026 00:40:12.233] [Server thread/WARN] [ModernFix/]: Skipped emitting ENTITY_MOUNT game event for entity SeatEntity['Seat'/743917, l='ServerLevel[world]', x=-843.50, y=67.00, z=-2595.50] as it would cause deadlock
[08Aug2026 00:40:13.030] [Server thread/WARN] [ModernFix/]: Skipped emitting ENTITY_MOUNT game event for entity SeatEntity['Seat'/744170, l='ServerLevel[world]', x=-843.50, y=67.00, z=-2595.50] as it would cause deadlock
[08Aug2026 00:40:14.024] [Server thread/WARN] [ModernFix/]: Skipped emitting ENTITY_MOUNT game event for entity SeatEntity['Seat'/744322, l='ServerLevel[world]', x=-843.50, y=67.00, z=-2595.50] as it would cause deadlock
[08Aug2026 00:40:14.726] [Server thread/WARN] [ModernFix/]: Skipped emitting ENTITY_MOUNT game event for entity SeatEntity['Seat'/744395, l='ServerLevel[world]', x=-843.50, y=67.00, z=-2595.50] as it would cause deadlock
[08Aug2026 00:40:15.003] [Server thread/WARN] [ModernFix/]: Skipped emitting ENTITY_MOUNT game event for entity SeatEntity['Seat'/744462, l='ServerLevel[world]', x=-843.50, y=67.00, z=-2595.50] as it would cause deadlock
[08Aug2026 00:40:15.210] [Server thread/WARN] [ModernFix/]: Skipped emitting ENTITY_MOUNT game event for entity SeatEntity['Seat'/744484, l='ServerLevel[world]', x=-843.50, y=67.00, z=-2595.50] as it would cause deadlock
[08Aug2026 00:40:15.452] [Server thread/WARN] [ModernFix/]: Skipped emitting ENTITY_MOUNT game event for entity SeatEntity['Seat'/744525, l='ServerLevel[world]', x=-843.50, y=67.00, z=-2595.50] as it would cause deadlock
[08Aug2026 00:40:16.586] [Server thread/WARN] [ModernFix/]: Skipped emitting ENTITY_MOUNT game event for entity SeatEntity['Seat'/744786, l='ServerLevel[world]', x=-843.50, y=67.00, z=-2595.50] as it would cause deadlock
[08Aug2026 00:40:17.318] [Server thread/WARN] [ModernFix/]: Skipped emitting ENTITY_MOUNT game event for entity SeatEntity['Seat'/744891, l='ServerLevel[world]', x=-843.50, y=67.00, z=-2595.50] as it would cause deadlock
[08Aug2026 00:40:17.925] [Server thread/WARN] [ModernFix/]: Skipped emitting ENTITY_MOUNT game event for entity SeatEntity['Seat'/744999, l='ServerLevel[world]', x=-843.50, y=67.00, z=-2595.50] as it would cause deadlock
[08Aug2026 00:40:18.341] [Server thread/WARN] [ModernFix/]: Skipped emitting ENTITY_MOUNT game event for entity SeatEntity['Seat'/745075, l='ServerLevel[world]', x=-843.50, y=67.00, z=-2595.50] as it would cause deadlock
[08Aug2026 00:40:18.981] [Server thread/WARN] [net.minecraft.server.MinecraftServer/]: Can't keep up! Is the server overloaded? Running 2016ms or 40 ticks behind
[08Aug2026 00:40:19.184] [Server thread/WARN] [ModernFix/]: Skipped emitting ENTITY_MOUNT game event for entity SeatEntity['Seat'/745204, l='ServerLevel[world]', x=-843.50, y=67.00, z=-2595.50] as it would cause deadlock
[08Aug2026 00:40:19.579] [Server thread/WARN] [ModernFix/]: Skipped emitting ENTITY_MOUNT game event for entity SeatEntity['Seat'/745320, l='ServerLevel[world]', x=-843.50, y=67.00, z=-2595.50] as it would cause deadlock
[08Aug2026 00:40:19.887] [Server thread/WARN] [ModernFix/]: Skipped emitting ENTITY_MOUNT game event for entity SeatEntity['Seat'/745327, l='ServerLevel[world]', x=-843.50, y=67.00, z=-2595.50] as it would cause deadlock
[08Aug2026 00:40:20.101] [Server thread/WARN] [ModernFix/]: Skipped emitting ENTITY_MOUNT game event for entity SeatEntity['Seat'/745446, l='ServerLevel[world]', x=-843.50, y=67.00, z=-2595.50] as it would cause deadlock
[08Aug2026 00:40:22.109] [Server thread/WARN] [ModernFix/]: Skipped emitting ENTITY_MOUNT game event for entity SeatEntity['Seat'/745730, l='ServerLevel[world]', x=-843.50, y=67.00, z=-2595.50] as it would cause deadlock
[08Aug2026 00:40:22.544] [Server thread/WARN] [ModernFix/]: Skipped emitting ENTITY_MOUNT game event for entity SeatEntity['Seat'/745773, l='ServerLevel[world]', x=-843.50, y=67.00, z=-2595.50] as it would cause deadlock
[08Aug2026 00:40:23.312] [Server thread/WARN] [ModernFix/]: Skipped emitting ENTITY_MOUNT game event for entity SeatEntity['Seat'/745956, l='ServerLevel[world]', x=-843.50, y=67.00, z=-2595.50] as it would cause deadlock
[08Aug2026 00:40:23.864] [Server thread/WARN] [ModernFix/]: Skipped emitting ENTITY_MOUNT game event for entity SeatEntity['Seat'/746041, l='ServerLevel[world]', x=-843.50, y=67.00, z=-2595.50] as it would cause deadlock
[08Aug2026 00:40:24.339] [Server thread/WARN] [ModernFix/]: Skipped emitting ENTITY_MOUNT game event for entity SeatEntity['Seat'/746164, l='ServerLevel[world]', x=-843.50, y=67.00, z=-2595.50] as it would cause deadlock
[08Aug2026 00:40:24.512] [Server thread/WARN] [ModernFix/]: Skipped emitting ENTITY_MOUNT game event for entity SeatEntity['Seat'/746244, l='ServerLevel[world]', x=-843.50, y=67.00, z=-2595.50] as it would cause deadlock
[08Aug2026 00:40:25.207] [Server thread/WARN] [ModernFix/]: Skipped emitting ENTITY_MOUNT game event for entity SeatEntity['Seat'/746334, l='ServerLevel[world]', x=-843.50, y=67.00, z=-2595.50] as it would cause deadlock
[08Aug2026 00:40:27.980] [Server thread/WARN] [ModernFix/]: Skipped emitting ENTITY_MOUNT game event for entity SeatEntity['Seat'/746775, l='ServerLevel[world]', x=-843.50, y=67.00, z=-2595.50] as it would cause deadlock
[08Aug2026 00:40:29.866] [Server thread/WARN] [ModernFix/]: Skipped emitting ENTITY_MOUNT game event for entity SeatEntity['Seat'/747075, l='ServerLevel[world]', x=-843.50, y=67.00, z=-2595.50] as it would cause deadlock
[08Aug2026 00:40:30.031] [Server thread/WARN] [ModernFix/]: Skipped emitting ENTITY_MOUNT game event for entity SeatEntity['Seat'/747132, l='ServerLevel[world]', x=-843.50, y=67.00, z=-2595.50] as it would cause deadlock
[08Aug2026 00:40:30.229] [Server thread/WARN] [ModernFix/]: Skipped emitting ENTITY_MOUNT game event for entity SeatEntity['Seat'/747191, l='ServerLevel[world]', x=-843.50, y=67.00, z=-2595.50] as it would cause deadlock
[08Aug2026 00:40:31.281] [Server thread/WARN] [ModernFix/]: Skipped emitting ENTITY_MOUNT game event for entity SeatEntity['Seat'/747314, l='ServerLevel[world]', x=-843.50, y=67.00, z=-2595.50] as it would cause deadlock
[08Aug2026 00:40:32.201] [Server thread/WARN] [ModernFix/]: Skipped emitting ENTITY_MOUNT game event for entity SeatEntity['Seat'/747535, l='ServerLevel[world]', x=-843.50, y=67.00, z=-2595.50] as it would cause deadlock
[08Aug2026 00:40:32.603] [Server thread/WARN] [ModernFix/]: Skipped emitting ENTITY_MOUNT game event for entity SeatEntity['Seat'/747548, l='ServerLevel[world]', x=-843.50, y=67.00, z=-2595.50] as it would cause deadlock
[08Aug2026 00:40:36.832] [Server thread/WARN] [ModernFix/]: Skipped emitting ENTITY_MOUNT game event for entity SeatEntity['Seat'/748331, l='ServerLevel[world]', x=-843.50, y=67.00, z=-2595.50] as it would cause deadlock
[08Aug2026 00:40:38.169] [Server thread/WARN] [ModernFix/]: Skipped emitting ENTITY_MOUNT game event for entity SeatEntity['Seat'/748521, l='ServerLevel[world]', x=-843.50, y=67.00, z=-2595.50] as it would cause deadlock
[08Aug2026 00:40:38.428] [Server thread/WARN] [ModernFix/]: Skipped emitting ENTITY_MOUNT game event for entity SeatEntity['Seat'/748578, l='ServerLevel[world]', x=-843.50, y=67.00, z=-2595.50] as it would cause deadlock
[08Aug2026 00:40:39.718] [Server thread/WARN] [ModernFix/]: Skipped emitting ENTITY_MOUNT game event for entity SeatEntity['Seat'/748787, l='ServerLevel[world]', x=-843.50, y=67.00, z=-2595.50] as it would cause deadlock
[08Aug2026 00:40:41.200] [Server thread/WARN] [ModernFix/]: Skipped emitting ENTITY_MOUNT game event for entity SeatEntity['Seat'/749098, l='ServerLevel[world]', x=-843.50, y=67.00, z=-2595.50] as it would cause deadlock
[08Aug2026 00:40:42.419] [Server thread/WARN] [ModernFix/]: Skipped emitting ENTITY_MOUNT game event for entity SeatEntity['Seat'/749288, l='ServerLevel[world]', x=-843.50, y=67.00, z=-2595.50] as it would cause deadlock
[08Aug2026 00:40:42.841] [Server thread/WARN] [ModernFix/]: Skipped emitting ENTITY_MOUNT game event for entity SeatEntity['Seat'/749373, l='ServerLevel[world]', x=-843.50, y=67.00, z=-2595.50] as it would cause deadlock
[08Aug2026 00:40:43.508] [Server thread/WARN] [ModernFix/]: Skipped emitting ENTITY_MOUNT game event for entity SeatEntity['Seat'/749503, l='ServerLevel[world]', x=-843.50, y=67.00, z=-2595.50] as it would cause deadlock
[08Aug2026 00:40:44.385] [Server thread/WARN] [ModernFix/]: Skipped emitting ENTITY_MOUNT game event for entity SeatEntity['Seat'/749674, l='ServerLevel[world]', x=-843.50, y=67.00, z=-2595.50] as it would cause deadlock
[08Aug2026 00:40:44.832] [Server thread/WARN] [ModernFix/]: Skipped emitting ENTITY_MOUNT game event for entity SeatEntity['Seat'/749749, l='ServerLevel[world]', x=-843.50, y=67.00, z=-2595.50] as it would cause deadlock
[08Aug2026 00:40:45.042] [Server thread/WARN] [ModernFix/]: Skipped emitting ENTITY_MOUNT game event for entity SeatEntity['Seat'/749814, l='ServerLevel[world]', x=-843.50, y=67.00, z=-2595.50] as it would cause deadlock
[08Aug2026 00:40:45.873] [Server thread/WARN] [ModernFix/]: Skipped emitting ENTITY_MOUNT game event for entity SeatEntity['Seat'/749904, l='ServerLevel[world]', x=-843.50, y=67.00, z=-2595.50] as it would cause deadlock
[08Aug2026 00:40:46.396] [Server thread/WARN] [ModernFix/]: Skipped emitting ENTITY_MOUNT game event for entity SeatEntity['Seat'/750002, l='ServerLevel[world]', x=-843.50, y=67.00, z=-2595.50] as it would cause deadlock
[08Aug2026 00:40:47.038] [Server thread/WARN] [ModernFix/]: Skipped emitting ENTITY_MOUNT game event for entity SeatEntity['Seat'/750142, l='ServerLevel[world]', x=-843.50, y=67.00, z=-2595.50] as it would cause deadlock
[08Aug2026 00:40:47.524] [Server thread/WARN] [net.minecraft.server.MinecraftServer/]: Can't keep up! Is the server overloaded? Running 2009ms or 40 ticks behind
[08Aug2026 00:40:49.478] [Server thread/WARN] [ModernFix/]: Skipped emitting ENTITY_MOUNT game event for entity SeatEntity['Seat'/750466, l='ServerLevel[world]', x=-843.50, y=67.00, z=-2595.50] as it would cause deadlock
[08Aug2026 00:40:49.942] [Server thread/WARN] [ModernFix/]: Skipped emitting ENTITY_MOUNT game event for entity SeatEntity['Seat'/750559, l='ServerLevel[world]', x=-843.50, y=67.00, z=-2595.50] as it would cause deadlock
[08Aug2026 00:40:51.439] [Server thread/WARN] [ModernFix/]: Skipped emitting ENTITY_MOUNT game event for entity SeatEntity['Seat'/750666, l='ServerLevel[world]', x=-843.50, y=67.00, z=-2595.50] as it would cause deadlock
[08Aug2026 00:40:52.629] [Server thread/INFO] [AllTheLeaks/]: Listing events...
[08Aug2026 00:40:52.629] [Server thread/INFO] [AllTheLeaks/]: Server Player Clone: 15
[08Aug2026 00:40:52.629] [Server thread/INFO] [AllTheLeaks/]:   Invalid Cloned Players: 15
[08Aug2026 00:40:52.629] [Server thread/INFO] [AllTheLeaks/]: Server Player Logout: 9
[08Aug2026 00:40:52.629] [Server thread/INFO] [AllTheLeaks/]: Listing memory leaks so far...
[08Aug2026 00:40:52.630] [Server thread/INFO] [AllTheLeaks/]: B: 1815MB / C: 3181MB / Diff: +1366MB
[08Aug2026 00:40:52.630] [Server thread/INFO] [AllTheLeaks/]: Memory Leaks detected: (/atl force_refresh to update)
[08Aug2026 00:40:52.630] [Server thread/INFO] [AllTheLeaks/]: | Player:
[08Aug2026 00:40:52.630] [Server thread/INFO] [AllTheLeaks/]: |- ServerPlayer (minecraft): 21
[08Aug2026 00:40:52.630] [Server thread/INFO] [AllTheLeaks/]: | ChunkAccess:
[08Aug2026 00:40:52.630] [Server thread/INFO] [AllTheLeaks/]: |- LevelChunk (minecraft): 109
[08Aug2026 00:40:52.962] [Server thread/WARN] [ModernFix/]: Skipped emitting ENTITY_MOUNT game event for entity SeatEntity['Seat'/750864, l='ServerLevel[world]', x=-843.50, y=67.00, z=-2595.50] as it would cause deadlock
[08Aug2026 00:40:53.414] [Server thread/WARN] [ModernFix/]: Skipped emitting ENTITY_MOUNT game event for entity SeatEntity['Seat'/750940, l='ServerLevel[world]', x=-843.50, y=67.00, z=-2595.50] as it would cause deadlock
[08Aug2026 00:40:55.659] [Server thread/WARN] [ModernFix/]: Skipped emitting ENTITY_MOUNT game event for entity SeatEntity['Seat'/751283, l='ServerLevel[world]', x=-843.50, y=67.00, z=-2595.50] as it would cause deadlock
[08Aug2026 00:40:55.926] [Server thread/WARN] [ModernFix/]: Skipped emitting ENTITY_MOUNT game event for entity SeatEntity['Seat'/751300, l='ServerLevel[world]', x=-843.50, y=67.00, z=-2595.50] as it would cause deadlock
[08Aug2026 00:40:57.144] [Server thread/WARN] [ModernFix/]: Skipped emitting ENTITY_MOUNT game event for entity SeatEntity['Seat'/751543, l='ServerLevel[world]', x=-843.50, y=67.00, z=-2595.50] as it would cause deadlock
[08Aug2026 00:40:57.470] [Server thread/WARN] [ModernFix/]: Skipped emitting ENTITY_MOUNT game event for entity SeatEntity['Seat'/751601, l='ServerLevel[world]', x=-843.50, y=67.00, z=-2595.50] as it would cause deadlock
[08Aug2026 00:40:59.336] [Server thread/WARN] [ModernFix/]: Skipped emitting ENTITY_MOUNT game event for entity SeatEntity['Seat'/751887, l='ServerLevel[world]', x=-843.50, y=67.00, z=-2595.50] as it would cause deadlock
[08Aug2026 00:41:01.239] [Server thread/WARN] [ModernFix/]: Skipped emitting ENTITY_MOUNT game event for entity SeatEntity['Seat'/752189, l='ServerLevel[world]', x=-843.50, y=67.00, z=-2595.50] as it would cause deadlock
[08Aug2026 00:41:01.863] [Server thread/WARN] [ModernFix/]: Skipped emitting ENTITY_MOUNT game event for entity SeatEntity['Seat'/752412, l='ServerLevel[world]', x=-843.50, y=67.00, z=-2595.50] as it would cause deadlock
[08Aug2026 00:41:02.205] [Server thread/WARN] [ModernFix/]: Skipped emitting ENTITY_MOUNT game event for entity SeatEntity['Seat'/752444, l='ServerLevel[world]', x=-843.50, y=67.00, z=-2595.50] as it would cause deadlock
[08Aug2026 00:41:02.669] [Server thread/WARN] [ModernFix/]: Skipped emitting ENTITY_MOUNT game event for entity SeatEntity['Seat'/752543, l='ServerLevel[world]', x=-843.50, y=67.00, z=-2595.50] as it would cause deadlock
[08Aug2026 00:41:03.755] [Server thread/WARN] [ModernFix/]: Skipped emitting ENTITY_MOUNT game event for entity SeatEntity['Seat'/752749, l='ServerLevel[world]', x=-843.50, y=67.00, z=-2595.50] as it would cause deadlock
[08Aug2026 00:41:04.664] [Server thread/WARN] [ModernFix/]: Skipped emitting ENTITY_MOUNT game event for entity SeatEntity['Seat'/752844, l='ServerLevel[world]', x=-843.50, y=67.00, z=-2595.50] as it would cause deadlock
[08Aug2026 00:41:04.909] [Server thread/WARN] [ModernFix/]: Skipped emitting ENTITY_MOUNT game event for entity SeatEntity['Seat'/752856, l='ServerLevel[world]', x=-843.50, y=67.00, z=-2595.50] as it would cause deadlock
[08Aug2026 00:41:05.495] [Server thread/WARN] [ModernFix/]: Skipped emitting ENTITY_MOUNT game event for entity SeatEntity['Seat'/752912, l='ServerLevel[world]', x=-843.50, y=67.00, z=-2595.50] as it would cause deadlock
[08Aug2026 00:41:06.359] [Server thread/WARN] [net.minecraft.server.MinecraftServer/]: Can't keep up! Is the server overloaded? Running 3844ms or 76 ticks behind
[08Aug2026 00:41:06.426] [Server thread/WARN] [ModernFix/]: Skipped emitting ENTITY_MOUNT game event for entity SeatEntity['Seat'/753104, l='ServerLevel[world]', x=-843.50, y=67.00, z=-2595.50] as it would cause deadlock
[08Aug2026 00:41:09.948] [Server thread/WARN] [ModernFix/]: Skipped emitting ENTITY_MOUNT game event for entity SeatEntity['Seat'/753639, l='ServerLevel[world]', x=-843.50, y=67.00, z=-2595.50] as it would cause deadlock
[08Aug2026 00:41:10.688] [Server thread/WARN] [ModernFix/]: Skipped emitting ENTITY_MOUNT game event for entity SeatEntity['Seat'/753757, l='ServerLevel[world]', x=-843.50, y=67.00, z=-2595.50] as it would cause deadlock
[08Aug2026 00:41:11.325] [Server thread/WARN] [ModernFix/]: Skipped emitting ENTITY_MOUNT game event for entity SeatEntity['Seat'/753863, l='ServerLevel[world]', x=-843.50, y=67.00, z=-2595.50] as it would cause deadlock
[08Aug2026 00:41:12.307] [Server thread/WARN] [ModernFix/]: Skipped emitting ENTITY_MOUNT game event for entity SeatEntity['Seat'/753976, l='ServerLevel[world]', x=-843.50, y=67.00, z=-2595.50] as it would cause deadlock
[08Aug2026 00:41:14.578] [Server thread/WARN] [ModernFix/]: Skipped emitting ENTITY_MOUNT game event for entity SeatEntity['Seat'/754377, l='ServerLevel[world]', x=-843.50, y=67.00, z=-2595.50] as it would cause deadlock
[08Aug2026 00:41:15.121] [Server thread/WARN] [ModernFix/]: Skipped emitting ENTITY_MOUNT game event for entity SeatEntity['Seat'/754440, l='ServerLevel[world]', x=-843.50, y=67.00, z=-2595.50] as it would cause deadlock
[08Aug2026 00:41:15.989] [Server thread/WARN] [ModernFix/]: Skipped emitting ENTITY_MOUNT game event for entity SeatEntity['Seat'/754583, l='ServerLevel[world]', x=-843.50, y=67.00, z=-2595.50] as it would cause deadlock
[08Aug2026 00:41:16.158] [Server thread/WARN] [ModernFix/]: Skipped emitting ENTITY_MOUNT game event for entity SeatEntity['Seat'/754639, l='ServerLevel[world]', x=-843.50, y=67.00, z=-2595.50] as it would cause deadlock
[08Aug2026 00:41:16.779] [Server thread/WARN] [ModernFix/]: Skipped emitting ENTITY_MOUNT game event for entity SeatEntity['Seat'/754784, l='ServerLevel[world]', x=-843.50, y=67.00, z=-2595.50] as it would cause deadlock
[08Aug2026 00:41:17.721] [Server thread/WARN] [ModernFix/]: Skipped emitting ENTITY_MOUNT game event for entity SeatEntity['Seat'/754964, l='ServerLevel[world]', x=-843.50, y=67.00, z=-2595.50] as it would cause deadlock
[08Aug2026 00:41:19.879] [Server thread/WARN] [ModernFix/]: Skipped emitting ENTITY_MOUNT game event for entity SeatEntity['Seat'/755363, l='ServerLevel[world]', x=-843.50, y=67.00, z=-2595.50] as it would cause deadlock
[08Aug2026 00:41:20.496] [Server thread/WARN] [ModernFix/]: Skipped emitting ENTITY_MOUNT game event for entity SeatEntity['Seat'/755512, l='ServerLevel[world]', x=-843.50, y=67.00, z=-2595.50] as it would cause deadlock
[08Aug2026 00:41:21.105] [Server thread/WARN] [ModernFix/]: Skipped emitting ENTITY_MOUNT game event for entity SeatEntity['Seat'/755561, l='ServerLevel[world]', x=-843.50, y=67.00, z=-2595.50] as it would cause deadlock
[08Aug2026 00:41:21.997] [Server thread/WARN] [ModernFix/]: Skipped emitting ENTITY_MOUNT game event for entity SeatEntity['Seat'/755786, l='ServerLevel[world]', x=-843.50, y=67.00, z=-2595.50] as it would cause deadlock
[08Aug2026 00:41:22.545] [Server thread/WARN] [ModernFix/]: Skipped emitting ENTITY_MOUNT game event for entity SeatEntity['Seat'/755848, l='ServerLevel[world]', x=-843.50, y=67.00, z=-2595.50] as it would cause deadlock
[08Aug2026 00:41:23.250] [Server thread/WARN] [ModernFix/]: Skipped emitting ENTITY_MOUNT game event for entity SeatEntity['Seat'/755913, l='ServerLevel[world]', x=-843.50, y=67.00, z=-2595.50] as it would cause deadlock
[08Aug2026 00:41:23.664] [Server thread/WARN] [ModernFix/]: Skipped emitting ENTITY_MOUNT game event for entity SeatEntity['Seat'/756020, l='ServerLevel[world]', x=-843.50, y=67.00, z=-2595.50] as it would cause deadlock
[08Aug2026 00:41:24.539] [Server thread/WARN] [ModernFix/]: Skipped emitting ENTITY_MOUNT game event for entity SeatEntity['Seat'/756187, l='ServerLevel[world]', x=-843.50, y=67.00, z=-2595.50] as it would cause deadlock
[08Aug2026 00:41:25.410] [Server thread/WARN] [ModernFix/]: Skipped emitting ENTITY_MOUNT game event for entity SeatEntity['Seat'/756262, l='ServerLevel[world]', x=-843.50, y=67.00, z=-2595.50] as it would cause deadlock
[08Aug2026 00:41:26.146] [Server thread/WARN] [ModernFix/]: Skipped emitting ENTITY_MOUNT game event for entity SeatEntity['Seat'/756329, l='ServerLevel[world]', x=-843.50, y=67.00, z=-2595.50] as it would cause deadlock
[08Aug2026 00:41:30.772] [Server thread/WARN] [ModernFix/]: Skipped emitting ENTITY_MOUNT game event for entity SeatEntity['Seat'/757143, l='ServerLevel[world]', x=-843.50, y=67.00, z=-2595.50] as it would cause deadlock
[08Aug2026 00:41:31.035] [Server thread/WARN] [net.minecraft.server.MinecraftServer/]: Can't keep up! Is the server overloaded? Running 2020ms or 40 ticks behind
[08Aug2026 00:41:31.466] [Server thread/WARN] [ModernFix/]: Skipped emitting ENTITY_MOUNT game event for entity SeatEntity['Seat'/757242, l='ServerLevel[world]', x=-843.50, y=67.00, z=-2595.50] as it would cause deadlock
[08Aug2026 00:41:33.342] [Server thread/WARN] [ModernFix/]: Skipped emitting ENTITY_MOUNT game event for entity SeatEntity['Seat'/757605, l='ServerLevel[world]', x=-843.50, y=67.00, z=-2595.50] as it would cause deadlock
[08Aug2026 00:41:34.164] [Server thread/WARN] [ModernFix/]: Skipped emitting ENTITY_MOUNT game event for entity SeatEntity['Seat'/757684, l='ServerLevel[world]', x=-843.50, y=67.00, z=-2595.50] as it would cause deadlock
[08Aug2026 00:41:34.437] [Server thread/WARN] [ModernFix/]: Skipped emitting ENTITY_MOUNT game event for entity SeatEntity['Seat'/757788, l='ServerLevel[world]', x=-843.50, y=67.00, z=-2595.50] as it would cause deadlock
[08Aug2026 00:41:35.458] [Server thread/WARN] [ModernFix/]: Skipped emitting ENTITY_MOUNT game event for entity SeatEntity['Seat'/758025, l='ServerLevel[world]', x=-843.50, y=67.00, z=-2595.50] as it would cause deadlock
[08Aug2026 00:41:35.824] [Server thread/WARN] [ModernFix/]: Skipped emitting ENTITY_MOUNT game event for entity SeatEntity['Seat'/758076, l='ServerLevel[world]', x=-843.50, y=67.00, z=-2595.50] as it would cause deadlock
[08Aug2026 00:41:36.616] [Server thread/WARN] [ModernFix/]: Skipped emitting ENTITY_MOUNT game event for entity SeatEntity['Seat'/758165, l='ServerLevel[world]', x=-843.50, y=67.00, z=-2595.50] as it would cause deadlock
[08Aug2026 00:41:37.006] [Server thread/WARN] [ModernFix/]: Skipped emitting ENTITY_MOUNT game event for entity SeatEntity['Seat'/758243, l='ServerLevel[world]', x=-843.50, y=67.00, z=-2595.50] as it would cause deadlock
[08Aug2026 00:41:37.548] [Server thread/WARN] [ModernFix/]: Skipped emitting ENTITY_MOUNT game event for entity SeatEntity['Seat'/758326, l='ServerLevel[world]', x=-843.50, y=67.00, z=-2595.50] as it would cause deadlock
[08Aug2026 00:41:37.727] [Server thread/WARN] [ModernFix/]: Skipped emitting ENTITY_MOUNT game event for entity SeatEntity['Seat'/758382, l='ServerLevel[world]', x=-843.50, y=67.00, z=-2595.50] as it would cause deadlock
[08Aug2026 00:41:38.359] [Server thread/WARN] [ModernFix/]: Skipped emitting ENTITY_MOUNT game event for entity SeatEntity['Seat'/758475, l='ServerLevel[world]', x=-843.50, y=67.00, z=-2595.50] as it would cause deadlock
[08Aug2026 00:41:38.865] [Server thread/WARN] [ModernFix/]: Skipped emitting ENTITY_MOUNT game event for entity SeatEntity['Seat'/758597, l='ServerLevel[world]', x=-843.50, y=67.00, z=-2595.50] as it would cause deadlock
[08Aug2026 00:41:39.726] [Server thread/WARN] [ModernFix/]: Skipped emitting ENTITY_MOUNT game event for entity SeatEntity['Seat'/758738, l='ServerLevel[world]', x=-843.50, y=67.00, z=-2595.50] as it would cause deadlock
[08Aug2026 00:41:39.940] [Server thread/WARN] [ModernFix/]: Skipped emitting ENTITY_MOUNT game event for entity SeatEntity['Seat'/758742, l='ServerLevel[world]', x=-843.50, y=67.00, z=-2595.50] as it would cause deadlock
[08Aug2026 00:41:41.359] [Server thread/WARN] [ModernFix/]: Skipped emitting ENTITY_MOUNT game event for entity SeatEntity['Seat'/758998, l='ServerLevel[world]', x=-843.50, y=67.00, z=-2595.50] as it would cause deadlock
[08Aug2026 00:41:41.781] [Server thread/WARN] [ModernFix/]: Skipped emitting ENTITY_MOUNT game event for entity SeatEntity['Seat'/759124, l='ServerLevel[world]', x=-843.50, y=67.00, z=-2595.50] as it would cause deadlock
[08Aug2026 00:41:42.183] [Server thread/WARN] [ModernFix/]: Skipped emitting ENTITY_MOUNT game event for entity SeatEntity['Seat'/759183, l='ServerLevel[world]', x=-843.50, y=67.00, z=-2595.50] as it would cause deadlock
[08Aug2026 00:41:42.355] [Server thread/WARN] [ModernFix/]: Skipped emitting ENTITY_MOUNT game event for entity SeatEntity['Seat'/759259, l='ServerLevel[world]', x=-843.50, y=67.00, z=-2595.50] as it would cause deadlock
[08Aug2026 00:41:43.728] [Server thread/WARN] [ModernFix/]: Skipped emitting ENTITY_MOUNT game event for entity SeatEntity['Seat'/759529, l='ServerLevel[world]', x=-843.50, y=67.00, z=-2595.50] as it would cause deadlock
[08Aug2026 00:41:45.055] [Server thread/WARN] [ModernFix/]: Skipped emitting ENTITY_MOUNT game event for entity SeatEntity['Seat'/759770, l='ServerLevel[world]', x=-843.50, y=67.00, z=-2595.50] as it would cause deadlock
[08Aug2026 00:41:46.595] [Server thread/WARN] [ModernFix/]: Skipped emitting ENTITY_MOUNT game event for entity SeatEntity['Seat'/760065, l='ServerLevel[world]', x=-843.50, y=67.00, z=-2595.50] as it would cause deadlock
[08Aug2026 00:41:47.673] [Server thread/WARN] [ModernFix/]: Skipped emitting ENTITY_MOUNT game event for entity SeatEntity['Seat'/760269, l='ServerLevel[world]', x=-843.50, y=67.00, z=-2595.50] as it would cause deadlock
[08Aug2026 00:41:48.531] [Server thread/WARN] [ModernFix/]: Skipped emitting ENTITY_MOUNT game event for entity SeatEntity['Seat'/760424, l='ServerLevel[world]', x=-843.50, y=67.00, z=-2595.50] as it would cause deadlock
[08Aug2026 00:41:49.186] [Server thread/WARN] [ModernFix/]: Skipped emitting ENTITY_MOUNT game event for entity SeatEntity['Seat'/760585, l='ServerLevel[world]', x=-843.50, y=67.00, z=-2595.50] as it would cause deadlock
[08Aug2026 00:41:50.889] [Server thread/WARN] [ModernFix/]: Skipped emitting ENTITY_MOUNT game event for entity SeatEntity['Seat'/760752, l='ServerLevel[world]', x=-843.50, y=67.00, z=-2595.50] as it would cause deadlock
[08Aug2026 00:41:51.063] [Server thread/WARN] [ModernFix/]: Skipped emitting ENTITY_MOUNT game event for entity SeatEntity['Seat'/760807, l='ServerLevel[world]', x=-843.50, y=67.00, z=-2595.50] as it would cause deadlock
[08Aug2026 00:41:51.996] [Server thread/WARN] [ModernFix/]: Skipped emitting ENTITY_MOUNT game event for entity SeatEntity['Seat'/760901, l='ServerLevel[world]', x=-843.50, y=67.00, z=-2595.50] as it would cause deadlock
[08Aug2026 00:41:52.427] [Server thread/WARN] [net.minecraft.server.MinecraftServer/]: Can't keep up! Is the server overloaded? Running 2012ms or 40 ticks behind
[08Aug2026 00:41:54.831] [Server thread/WARN] [ModernFix/]: Skipped emitting ENTITY_MOUNT game event for entity SeatEntity['Seat'/761340, l='ServerLevel[world]', x=-843.50, y=67.00, z=-2595.50] as it would cause deadlock
[08Aug2026 00:41:55.058] [Server thread/WARN] [ModernFix/]: Skipped emitting ENTITY_MOUNT game event for entity SeatEntity['Seat'/761388, l='ServerLevel[world]', x=-843.50, y=67.00, z=-2595.50] as it would cause deadlock
[08Aug2026 00:41:55.437] [Server thread/WARN] [ModernFix/]: Skipped emitting ENTITY_MOUNT game event for entity SeatEntity['Seat'/761404, l='ServerLevel[world]', x=-843.50, y=67.00, z=-2595.50] as it would cause deadlock
[08Aug2026 00:41:57.021] [Server thread/WARN] [ModernFix/]: Skipped emitting ENTITY_MOUNT game event for entity SeatEntity['Seat'/761638, l='ServerLevel[world]', x=-843.50, y=67.00, z=-2595.50] as it would cause deadlock
[08Aug2026 00:41:57.766] [Server thread/WARN] [ModernFix/]: Skipped emitting ENTITY_MOUNT game event for entity SeatEntity['Seat'/761759, l='ServerLevel[world]', x=-843.50, y=67.00, z=-2595.50] as it would cause deadlock
[08Aug2026 00:41:58.118] [Server thread/WARN] [ModernFix/]: Skipped emitting ENTITY_MOUNT game event for entity SeatEntity['Seat'/761824, l='ServerLevel[world]', x=-843.50, y=67.00, z=-2595.50] as it would cause deadlock
[08Aug2026 00:42:00.263] [Server thread/WARN] [ModernFix/]: Skipped emitting ENTITY_MOUNT game event for entity SeatEntity['Seat'/762161, l='ServerLevel[world]', x=-843.50, y=67.00, z=-2595.50] as it would cause deadlock
[08Aug2026 00:42:00.864] [Server thread/WARN] [ModernFix/]: Skipped emitting ENTITY_MOUNT game event for entity SeatEntity['Seat'/762326, l='ServerLevel[world]', x=-843.50, y=67.00, z=-2595.50] as it would cause deadlock
[08Aug2026 00:42:01.352] [Server thread/WARN] [ModernFix/]: Skipped emitting ENTITY_MOUNT game event for entity SeatEntity['Seat'/762381, l='ServerLevel[world]', x=-843.50, y=67.00, z=-2595.50] as it would cause deadlock
[08Aug2026 00:42:01.584] [Server thread/WARN] [ModernFix/]: Skipped emitting ENTITY_MOUNT game event for entity SeatEntity['Seat'/762440, l='ServerLevel[world]', x=-843.50, y=67.00, z=-2595.50] as it would cause deadlock
[08Aug2026 00:42:02.835] [Server thread/WARN] [ModernFix/]: Skipped emitting ENTITY_MOUNT game event for entity SeatEntity['Seat'/762640, l='ServerLevel[world]', x=-843.50, y=67.00, z=-2595.50] as it would cause deadlock
[08Aug2026 00:42:04.287] [Server thread/WARN] [ModernFix/]: Skipped emitting ENTITY_MOUNT game event for entity SeatEntity['Seat'/762834, l='ServerLevel[world]', x=-843.50, y=67.00, z=-2595.50] as it would cause deadlock
[08Aug2026 00:42:06.763] [Server thread/WARN] [ModernFix/]: Skipped emitting ENTITY_MOUNT game event for entity SeatEntity['Seat'/763220, l='ServerLevel[world]', x=-843.50, y=67.00, z=-2595.50] as it would cause deadlock
[08Aug2026 00:42:07.747] [Server thread/WARN] [ModernFix/]: Skipped emitting ENTITY_MOUNT game event for entity SeatEntity['Seat'/763391, l='ServerLevel[world]', x=-843.50, y=67.00, z=-2595.50] as it would cause deadlock
[08Aug2026 00:42:08.409] [Server thread/WARN] [ModernFix/]: Skipped emitting ENTITY_MOUNT game event for entity SeatEntity['Seat'/763506, l='ServerLevel[world]', x=-843.50, y=67.00, z=-2595.50] as it would cause deadlock
[08Aug2026 00:42:09.707] [Server thread/WARN] [ModernFix/]: Skipped emitting ENTITY_MOUNT game event for entity SeatEntity['Seat'/763704, l='ServerLevel[world]', x=-843.50, y=67.00, z=-2595.50] as it would cause deadlock
[08Aug2026 00:42:10.058] [Server thread/WARN] [net.minecraft.server.MinecraftServer/]: Can't keep up! Is the server overloaded? Running 2642ms or 52 ticks behind
[08Aug2026 00:42:11.349] [Server thread/WARN] [ModernFix/]: Skipped emitting ENTITY_MOUNT game event for entity SeatEntity['Seat'/764025, l='ServerLevel[world]', x=-843.50, y=67.00, z=-2595.50] as it would cause deadlock
[08Aug2026 00:42:11.511] [Server thread/WARN] [ModernFix/]: Skipped emitting ENTITY_MOUNT game event for entity SeatEntity['Seat'/764100, l='ServerLevel[world]', x=-843.50, y=67.00, z=-2595.50] as it would cause deadlock
[08Aug2026 00:42:12.437] [Server thread/WARN] [ModernFix/]: Skipped emitting ENTITY_MOUNT game event for entity SeatEntity['Seat'/764245, l='ServerLevel[world]', x=-843.50, y=67.00, z=-2595.50] as it would cause deadlock
[08Aug2026 00:42:13.363] [Server thread/WARN] [ModernFix/]: Skipped emitting ENTITY_MOUNT game event for entity SeatEntity['Seat'/764491, l='ServerLevel[world]', x=-843.50, y=67.00, z=-2595.50] as it would cause deadlock
[08Aug2026 00:42:13.607] [Server thread/WARN] [ModernFix/]: Skipped emitting ENTITY_MOUNT game event for entity SeatEntity['Seat'/764547, l='ServerLevel[world]', x=-843.50, y=67.00, z=-2595.50] as it would cause deadlock
[08Aug2026 00:42:14.304] [Server thread/WARN] [ModernFix/]: Skipped emitting ENTITY_MOUNT game event for entity SeatEntity['Seat'/764610, l='ServerLevel[world]', x=-843.50, y=67.00, z=-2595.50] as it would cause deadlock
[08Aug2026 00:42:14.546] [Server thread/WARN] [ModernFix/]: Skipped emitting ENTITY_MOUNT game event for entity SeatEntity['Seat'/764615, l='ServerLevel[world]', x=-843.50, y=67.00, z=-2595.50] as it would cause deadlock
[08Aug2026 00:42:15.411] [Server thread/WARN] [ModernFix/]: Skipped emitting ENTITY_MOUNT game event for entity SeatEntity['Seat'/764820, l='ServerLevel[world]', x=-843.50, y=67.00, z=-2595.50] as it would cause deadlock
[08Aug2026 00:42:18.154] [Server thread/WARN] [ModernFix/]: Skipped emitting ENTITY_MOUNT game event for entity SeatEntity['Seat'/765397, l='ServerLevel[world]', x=-843.50, y=67.00, z=-2595.50] as it would cause deadlock
[08Aug2026 00:42:19.445] [Server thread/WARN] [ModernFix/]: Skipped emitting ENTITY_MOUNT game event for entity SeatEntity['Seat'/765657, l='ServerLevel[world]', x=-843.50, y=67.00, z=-2595.50] as it would cause deadlock
[08Aug2026 00:42:19.893] [Server thread/WARN] [ModernFix/]: Skipped emitting ENTITY_MOUNT game event for entity SeatEntity['Seat'/765810, l='ServerLevel[world]', x=-843.50, y=67.00, z=-2595.50] as it would cause deadlock
[08Aug2026 00:42:21.493] [Server thread/WARN] [ModernFix/]: Skipped emitting ENTITY_MOUNT game event for entity SeatEntity['Seat'/766128, l='ServerLevel[world]', x=-843.50, y=67.00, z=-2595.50] as it would cause deadlock
[08Aug2026 00:42:22.765] [Server thread/WARN] [ModernFix/]: Skipped emitting ENTITY_MOUNT game event for entity SeatEntity['Seat'/766482, l='ServerLevel[world]', x=-843.50, y=67.00, z=-2595.50] as it would cause deadlock
[08Aug2026 00:42:24.220] [Server thread/WARN] [ModernFix/]: Skipped emitting ENTITY_MOUNT game event for entity SeatEntity['Seat'/766736, l='ServerLevel[world]', x=-843.50, y=67.00, z=-2595.50] as it would cause deadlock
[08Aug2026 00:42:25.019] [Server thread/WARN] [ModernFix/]: Skipped emitting ENTITY_MOUNT game event for entity SeatEntity['Seat'/766931, l='ServerLevel[world]', x=-843.50, y=67.00, z=-2595.50] as it would cause deadlock
[08Aug2026 00:42:26.217] [Server thread/WARN] [ModernFix/]: Skipped emitting ENTITY_MOUNT game event for entity SeatEntity['Seat'/767165, l='ServerLevel[world]', x=-843.50, y=67.00, z=-2595.50] as it would cause deadlock
[08Aug2026 00:42:26.897] [Server thread/WARN] [ModernFix/]: Skipped emitting ENTITY_MOUNT game event for entity SeatEntity['Seat'/767339, l='ServerLevel[world]', x=-843.50, y=67.00, z=-2595.50] as it would cause deadlock
[08Aug2026 00:42:27.203] [Server thread/WARN] [ModernFix/]: Skipped emitting ENTITY_MOUNT game event for entity SeatEntity['Seat'/767393, l='ServerLevel[world]', x=-843.50, y=67.00, z=-2595.50] as it would cause deadlock
[08Aug2026 00:42:27.429] [Server thread/WARN] [ModernFix/]: Skipped emitting ENTITY_MOUNT game event for entity SeatEntity['Seat'/767396, l='ServerLevel[world]', x=-843.50, y=67.00, z=-2595.50] as it would cause deadlock
[08Aug2026 00:42:29.831] [Server thread/WARN] [ModernFix/]: Skipped emitting ENTITY_MOUNT game event for entity SeatEntity['Seat'/767840, l='ServerLevel[world]', x=-843.50, y=67.00, z=-2595.50] as it would cause deadlock
[08Aug2026 00:42:30.052] [Server thread/WARN] [ModernFix/]: Skipped emitting ENTITY_MOUNT game event for entity SeatEntity['Seat'/767881, l='ServerLevel[world]', x=-843.50, y=67.00, z=-2595.50] as it would cause deadlock
[08Aug2026 00:42:30.889] [Server thread/WARN] [ModernFix/]: Skipped emitting ENTITY_MOUNT game event for entity SeatEntity['Seat'/767992, l='ServerLevel[world]', x=-843.50, y=67.00, z=-2595.50] as it would cause deadlock
[08Aug2026 00:42:31.439] [Server thread/WARN] [ModernFix/]: Skipped emitting ENTITY_MOUNT game event for entity SeatEntity['Seat'/768121, l='ServerLevel[world]', x=-843.50, y=67.00, z=-2595.50] as it would cause deadlock
[08Aug2026 00:42:32.190] [Server thread/WARN] [ModernFix/]: Skipped emitting ENTITY_MOUNT game event for entity SeatEntity['Seat'/768282, l='ServerLevel[world]', x=-843.50, y=67.00, z=-2595.50] as it would cause deadlock
[08Aug2026 00:42:34.332] [Server thread/WARN] [ModernFix/]: Skipped emitting ENTITY_MOUNT game event for entity SeatEntity['Seat'/768522, l='ServerLevel[world]', x=-843.50, y=67.00, z=-2595.50] as it would cause deadlock
[08Aug2026 00:42:36.345] [Server thread/WARN] [ModernFix/]: Skipped emitting ENTITY_MOUNT game event for entity SeatEntity['Seat'/768855, l='ServerLevel[world]', x=-843.50, y=67.00, z=-2595.50] as it would cause deadlock
[08Aug2026 00:42:37.736] [Server thread/WARN] [ModernFix/]: Skipped emitting ENTITY_MOUNT game event for entity SeatEntity['Seat'/769058, l='ServerLevel[world]', x=-843.50, y=67.00, z=-2595.50] as it would cause deadlock
[08Aug2026 00:42:38.031] [Server thread/WARN] [ModernFix/]: Skipped emitting ENTITY_MOUNT game event for entity SeatEntity['Seat'/769109, l='ServerLevel[world]', x=-843.50, y=67.00, z=-2595.50] as it would cause deadlock
[08Aug2026 00:42:38.335] [Server thread/WARN] [ModernFix/]: Skipped emitting ENTITY_MOUNT game event for entity SeatEntity['Seat'/769141, l='ServerLevel[world]', x=-843.50, y=67.00, z=-2595.50] as it would cause deadlock
[08Aug2026 00:42:38.808] [Server thread/WARN] [ModernFix/]: Skipped emitting ENTITY_MOUNT game event for entity SeatEntity['Seat'/769290, l='ServerLevel[world]', x=-843.50, y=67.00, z=-2595.50] as it would cause deadlock
[08Aug2026 00:42:39.189] [Server thread/WARN] [ModernFix/]: Skipped emitting ENTITY_MOUNT game event for entity SeatEntity['Seat'/769364, l='ServerLevel[world]', x=-843.50, y=67.00, z=-2595.50] as it would cause deadlock
[08Aug2026 00:42:39.423] [Server thread/WARN] [ModernFix/]: Skipped emitting ENTITY_MOUNT game event for entity SeatEntity['Seat'/769400, l='ServerLevel[world]', x=-843.50, y=67.00, z=-2595.50] as it would cause deadlock
[08Aug2026 00:42:40.398] [Server thread/WARN] [ModernFix/]: Skipped emitting ENTITY_MOUNT game event for entity SeatEntity['Seat'/769509, l='ServerLevel[world]', x=-843.50, y=67.00, z=-2595.50] as it would cause deadlock
[08Aug2026 00:42:41.648] [Server thread/WARN] [ModernFix/]: Skipped emitting ENTITY_MOUNT game event for entity SeatEntity['Seat'/769752, l='ServerLevel[world]', x=-843.50, y=67.00, z=-2595.50] as it would cause deadlock
[08Aug2026 00:42:42.433] [Server thread/WARN] [ModernFix/]: Skipped emitting ENTITY_MOUNT game event for entity SeatEntity['Seat'/769833, l='ServerLevel[world]', x=-843.50, y=67.00, z=-2595.50] as it would cause deadlock
[08Aug2026 00:42:42.801] [Server thread/WARN] [ModernFix/]: Skipped emitting ENTITY_MOUNT game event for entity SeatEntity['Seat'/769839, l='ServerLevel[world]', x=-843.50, y=67.00, z=-2595.50] as it would cause deadlock
[08Aug2026 00:42:43.349] [Server thread/WARN] [ModernFix/]: Skipped emitting ENTITY_MOUNT game event for entity SeatEntity['Seat'/769973, l='ServerLevel[world]', x=-843.50, y=67.00, z=-2595.50] as it would cause deadlock
[08Aug2026 00:42:44.629] [Server thread/WARN] [ModernFix/]: Skipped emitting ENTITY_MOUNT game event for entity SeatEntity['Seat'/770195, l='ServerLevel[world]', x=-843.50, y=67.00, z=-2595.50] as it would cause deadlock
[08Aug2026 00:42:46.162] [Server thread/WARN] [ModernFix/]: Skipped emitting ENTITY_MOUNT game event for entity SeatEntity['Seat'/770423, l='ServerLevel[world]', x=-843.50, y=67.00, z=-2595.50] as it would cause deadlock
[08Aug2026 00:42:46.908] [Server thread/WARN] [ModernFix/]: Skipped emitting ENTITY_MOUNT game event for entity SeatEntity['Seat'/770603, l='ServerLevel[world]', x=-843.50, y=67.00, z=-2595.50] as it would cause deadlock
[08Aug2026 00:42:48.292] [Server thread/WARN] [ModernFix/]: Skipped emitting ENTITY_MOUNT game event for entity SeatEntity['Seat'/770818, l='ServerLevel[world]', x=-843.50, y=67.00, z=-2595.50] as it would cause deadlock
[08Aug2026 00:42:48.906] [Server thread/WARN] [ModernFix/]: Skipped emitting ENTITY_MOUNT game event for entity SeatEntity['Seat'/770892, l='ServerLevel[world]', x=-843.50, y=67.00, z=-2595.50] as it would cause deadlock
[08Aug2026 00:42:49.927] [Server thread/WARN] [ModernFix/]: Skipped emitting ENTITY_MOUNT game event for entity SeatEntity['Seat'/771051, l='ServerLevel[world]', x=-843.50, y=67.00, z=-2595.50] as it would cause deadlock
[08Aug2026 00:42:50.831] [Server thread/WARN] [net.minecraft.server.MinecraftServer/]: Can't keep up! Is the server overloaded? Running 2016ms or 40 ticks behind
[08Aug2026 00:42:51.064] [Server thread/WARN] [ModernFix/]: Skipped emitting ENTITY_MOUNT game event for entity SeatEntity['Seat'/771228, l='ServerLevel[world]', x=-843.50, y=67.00, z=-2595.50] as it would cause deadlock
[08Aug2026 00:42:52.209] [Server thread/WARN] [ModernFix/]: Skipped emitting ENTITY_MOUNT game event for entity SeatEntity['Seat'/771388, l='ServerLevel[world]', x=-843.50, y=67.00, z=-2595.50] as it would cause deadlock
[08Aug2026 00:42:52.433] [Server thread/WARN] [ModernFix/]: Skipped emitting ENTITY_MOUNT game event for entity SeatEntity['Seat'/771461, l='ServerLevel[world]', x=-843.50, y=67.00, z=-2595.50] as it would cause deadlock
[08Aug2026 00:42:54.255] [Server thread/WARN] [ModernFix/]: Skipped emitting ENTITY_MOUNT game event for entity SeatEntity['Seat'/771819, l='ServerLevel[world]', x=-843.50, y=67.00, z=-2595.50] as it would cause deadlock
[08Aug2026 00:42:54.628] [Server thread/WARN] [ModernFix/]: Skipped emitting ENTITY_MOUNT game event for entity SeatEntity['Seat'/771920, l='ServerLevel[world]', x=-843.50, y=67.00, z=-2595.50] as it would cause deadlock
[08Aug2026 00:42:55.144] [Server thread/WARN] [ModernFix/]: Skipped emitting ENTITY_MOUNT game event for entity SeatEntity['Seat'/772014, l='ServerLevel[world]', x=-843.50, y=67.00, z=-2595.50] as it would cause deadlock
[08Aug2026 00:42:57.073] [Server thread/WARN] [ModernFix/]: Skipped emitting ENTITY_MOUNT game event for entity SeatEntity['Seat'/772362, l='ServerLevel[world]', x=-843.50, y=67.00, z=-2595.50] as it would cause deadlock
[08Aug2026 00:42:57.889] [Server thread/WARN] [ModernFix/]: Skipped emitting ENTITY_MOUNT game event for entity SeatEntity['Seat'/772474, l='ServerLevel[world]', x=-843.50, y=67.00, z=-2595.50] as it would cause deadlock
[08Aug2026 00:42:58.335] [Server thread/WARN] [ModernFix/]: Skipped emitting ENTITY_MOUNT game event for entity SeatEntity['Seat'/772562, l='ServerLevel[world]', x=-843.50, y=67.00, z=-2595.50] as it would cause deadlock
[08Aug2026 00:42:58.915] [Server thread/WARN] [ModernFix/]: Skipped emitting ENTITY_MOUNT game event for entity SeatEntity['Seat'/772679, l='ServerLevel[world]', x=-843.50, y=67.00, z=-2595.50] as it would cause deadlock
[08Aug2026 00:42:59.249] [Server thread/WARN] [ModernFix/]: Skipped emitting ENTITY_MOUNT game event for entity SeatEntity['Seat'/772736, l='ServerLevel[world]', x=-843.50, y=67.00, z=-2595.50] as it would cause deadlock
[08Aug2026 00:42:59.931] [Server thread/WARN] [ModernFix/]: Skipped emitting ENTITY_MOUNT game event for entity SeatEntity['Seat'/772796, l='ServerLevel[world]', x=-843.50, y=67.00, z=-2595.50] as it would cause deadlock
[08Aug2026 00:43:00.478] [Server thread/WARN] [ModernFix/]: Skipped emitting ENTITY_MOUNT game event for entity SeatEntity['Seat'/772861, l='ServerLevel[world]', x=-843.50, y=67.00, z=-2595.50] as it would cause deadlock
[08Aug2026 00:43:00.785] [Server thread/WARN] [ModernFix/]: Skipped emitting ENTITY_MOUNT game event for entity SeatEntity['Seat'/772918, l='ServerLevel[world]', x=-843.50, y=67.00, z=-2595.50] as it would cause deadlock
[08Aug2026 00:43:01.221] [Server thread/WARN] [ModernFix/]: Skipped emitting ENTITY_MOUNT game event for entity SeatEntity['Seat'/772967, l='ServerLevel[world]', x=-843.50, y=67.00, z=-2595.50] as it would cause deadlock
[08Aug2026 00:43:01.654] [Server thread/WARN] [ModernFix/]: Skipped emitting ENTITY_MOUNT game event for entity SeatEntity['Seat'/773069, l='ServerLevel[world]', x=-843.50, y=67.00, z=-2595.50] as it would cause deadlock
[08Aug2026 00:43:02.056] [Server thread/WARN] [ModernFix/]: Skipped emitting ENTITY_MOUNT game event for entity SeatEntity['Seat'/773094, l='ServerLevel[world]', x=-843.50, y=67.00, z=-2595.50] as it would cause deadlock
[08Aug2026 00:43:03.189] [Server thread/WARN] [ModernFix/]: Skipped emitting ENTITY_MOUNT game event for entity SeatEntity['Seat'/773284, l='ServerLevel[world]', x=-843.50, y=67.00, z=-2595.50] as it would cause deadlock
[08Aug2026 00:43:03.995] [Server thread/WARN] [ModernFix/]: Skipped emitting ENTITY_MOUNT game event for entity SeatEntity['Seat'/773397, l='ServerLevel[world]', x=-843.50, y=67.00, z=-2595.50] as it would cause deadlock
[08Aug2026 00:43:05.187] [Server thread/WARN] [ModernFix/]: Skipped emitting ENTITY_MOUNT game event for entity SeatEntity['Seat'/773665, l='ServerLevel[world]', x=-843.50, y=67.00, z=-2595.50] as it would cause deadlock
[08Aug2026 00:43:06.541] [Server thread/WARN] [ModernFix/]: Skipped emitting ENTITY_MOUNT game event for entity SeatEntity['Seat'/773930, l='ServerLevel[world]', x=-843.50, y=67.00, z=-2595.50] as it would cause deadlock
[08Aug2026 00:43:06.749] [Server thread/WARN] [ModernFix/]: Skipped emitting ENTITY_MOUNT game event for entity SeatEntity['Seat'/773935, l='ServerLevel[world]', x=-843.50, y=67.00, z=-2595.50] as it would cause deadlock
[08Aug2026 00:43:08.002] [Server thread/WARN] [net.minecraft.server.MinecraftServer/]: Can't keep up! Is the server overloaded? Running 2187ms or 43 ticks behind
[08Aug2026 00:43:08.054] [Server thread/WARN] [ModernFix/]: Skipped emitting ENTITY_MOUNT game event for entity SeatEntity['Seat'/774205, l='ServerLevel[world]', x=-843.50, y=67.00, z=-2595.50] as it would cause deadlock
[08Aug2026 00:43:08.448] [Server thread/WARN] [ModernFix/]: Skipped emitting ENTITY_MOUNT game event for entity SeatEntity['Seat'/774214, l='ServerLevel[world]', x=-843.50, y=67.00, z=-2595.50] as it would cause deadlock
[08Aug2026 00:43:08.714] [Server thread/WARN] [ModernFix/]: Skipped emitting ENTITY_MOUNT game event for entity SeatEntity['Seat'/774288, l='ServerLevel[world]', x=-843.50, y=67.00, z=-2595.50] as it would cause deadlock
[08Aug2026 00:43:09.516] [Server thread/WARN] [ModernFix/]: Skipped emitting ENTITY_MOUNT game event for entity SeatEntity['Seat'/774454, l='ServerLevel[world]', x=-843.50, y=67.00, z=-2595.50] as it would cause deadlock
[08Aug2026 00:43:09.748] [Server thread/WARN] [ModernFix/]: Skipped emitting ENTITY_MOUNT game event for entity SeatEntity['Seat'/774507, l='ServerLevel[world]', x=-843.50, y=67.00, z=-2595.50] as it would cause deadlock
[08Aug2026 00:43:11.130] [Server thread/WARN] [ModernFix/]: Skipped emitting ENTITY_MOUNT game event for entity SeatEntity['Seat'/774742, l='ServerLevel[world]', x=-843.50, y=67.00, z=-2595.50] as it would cause deadlock
[08Aug2026 00:43:13.543] [Server thread/WARN] [ModernFix/]: Skipped emitting ENTITY_MOUNT game event for entity SeatEntity['Seat'/775109, l='ServerLevel[world]', x=-843.50, y=67.00, z=-2595.50] as it would cause deadlock
[08Aug2026 00:43:13.754] [Server thread/WARN] [ModernFix/]: Skipped emitting ENTITY_MOUNT game event for entity SeatEntity['Seat'/775115, l='ServerLevel[world]', x=-843.50, y=67.00, z=-2595.50] as it would cause deadlock
[08Aug2026 00:43:14.438] [Server thread/WARN] [ModernFix/]: Skipped emitting ENTITY_MOUNT game event for entity SeatEntity['Seat'/775186, l='ServerLevel[world]', x=-843.50, y=67.00, z=-2595.50] as it would cause deadlock
[08Aug2026 00:43:14.665] [Server thread/WARN] [ModernFix/]: Skipped emitting ENTITY_MOUNT game event for entity SeatEntity['Seat'/775202, l='ServerLevel[world]', x=-843.50, y=67.00, z=-2595.50] as it would cause deadlock
[08Aug2026 00:43:15.480] [Server thread/WARN] [ModernFix/]: Skipped emitting ENTITY_MOUNT game event for entity SeatEntity['Seat'/775337, l='ServerLevel[world]', x=-843.50, y=67.00, z=-2595.50] as it would cause deadlock
[08Aug2026 00:43:18.877] [Server thread/WARN] [ModernFix/]: Skipped emitting ENTITY_MOUNT game event for entity SeatEntity['Seat'/775808, l='ServerLevel[world]', x=-843.50, y=67.00, z=-2595.50] as it would cause deadlock
[08Aug2026 00:43:19.479] [Server thread/WARN] [ModernFix/]: Skipped emitting ENTITY_MOUNT game event for entity SeatEntity['Seat'/775911, l='ServerLevel[world]', x=-843.50, y=67.00, z=-2595.50] as it would cause deadlock
[08Aug2026 00:43:19.876] [Server thread/WARN] [ModernFix/]: Skipped emitting ENTITY_MOUNT game event for entity SeatEntity['Seat'/775988, l='ServerLevel[world]', x=-843.50, y=67.00, z=-2595.50] as it would cause deadlock
[08Aug2026 00:43:20.547] [Server thread/WARN] [ModernFix/]: Skipped emitting ENTITY_MOUNT game event for entity SeatEntity['Seat'/776080, l='ServerLevel[world]', x=-843.50, y=67.00, z=-2595.50] as it would cause deadlock
[08Aug2026 00:43:20.990] [Server thread/WARN] [ModernFix/]: Skipped emitting ENTITY_MOUNT game event for entity SeatEntity['Seat'/776140, l='ServerLevel[world]', x=-843.50, y=67.00, z=-2595.50] as it would cause deadlock
[08Aug2026 00:43:21.274] [Server thread/WARN] [ModernFix/]: Skipped emitting ENTITY_MOUNT game event for entity SeatEntity['Seat'/776256, l='ServerLevel[world]', x=-843.50, y=67.00, z=-2595.50] as it would cause deadlock
[08Aug2026 00:43:21.477] [Server thread/WARN] [ModernFix/]: Skipped emitting ENTITY_MOUNT game event for entity SeatEntity['Seat'/776308, l='ServerLevel[world]', x=-843.50, y=67.00, z=-2595.50] as it would cause deadlock
[08Aug2026 00:43:21.872] [Server thread/WARN] [ModernFix/]: Skipped emitting ENTITY_MOUNT game event for entity SeatEntity['Seat'/776317, l='ServerLevel[world]', x=-843.50, y=67.00, z=-2595.50] as it would cause deadlock
[08Aug2026 00:43:22.993] [Server thread/WARN] [ModernFix/]: Skipped emitting ENTITY_MOUNT game event for entity SeatEntity['Seat'/776503, l='ServerLevel[world]', x=-843.50, y=67.00, z=-2595.50] as it would cause deadlock
[08Aug2026 00:43:23.144] [Server thread/WARN] [ModernFix/]: Skipped emitting ENTITY_MOUNT game event for entity SeatEntity['Seat'/776534, l='ServerLevel[world]', x=-843.50, y=67.00, z=-2595.50] as it would cause deadlock
[08Aug2026 00:43:25.279] [Server thread/WARN] [net.minecraft.server.MinecraftServer/]: Can't keep up! Is the server overloaded? Running 2313ms or 46 ticks behind
[08Aug2026 00:43:25.900] [Server thread/WARN] [ModernFix/]: Skipped emitting ENTITY_MOUNT game event for entity SeatEntity['Seat'/776954, l='ServerLevel[world]', x=-843.50, y=67.00, z=-2595.50] as it would cause deadlock
[08Aug2026 00:43:26.106] [Server thread/WARN] [ModernFix/]: Skipped emitting ENTITY_MOUNT game event for entity SeatEntity['Seat'/776996, l='ServerLevel[world]', x=-843.50, y=67.00, z=-2595.50] as it would cause deadlock
[08Aug2026 00:43:26.998] [Server thread/WARN] [ModernFix/]: Skipped emitting ENTITY_MOUNT game event for entity SeatEntity['Seat'/777142, l='ServerLevel[world]', x=-843.50, y=67.00, z=-2595.50] as it would cause deadlock
[08Aug2026 00:43:28.191] [Server thread/WARN] [ModernFix/]: Skipped emitting ENTITY_MOUNT game event for entity SeatEntity['Seat'/777324, l='ServerLevel[world]', x=-843.50, y=67.00, z=-2595.50] as it would cause deadlock
[08Aug2026 00:43:30.004] [Server thread/WARN] [ModernFix/]: Skipped emitting ENTITY_MOUNT game event for entity SeatEntity['Seat'/777625, l='ServerLevel[world]', x=-843.50, y=67.00, z=-2595.50] as it would cause deadlock
[08Aug2026 00:43:30.527] [Server thread/WARN] [ModernFix/]: Skipped emitting ENTITY_MOUNT game event for entity SeatEntity['Seat'/777719, l='ServerLevel[world]', x=-843.50, y=67.00, z=-2595.50] as it would cause deadlock
[08Aug2026 00:43:30.921] [Server thread/WARN] [ModernFix/]: Skipped emitting ENTITY_MOUNT game event for entity SeatEntity['Seat'/777774, l='ServerLevel[world]', x=-843.50, y=67.00, z=-2595.50] as it would cause deadlock
[08Aug2026 00:43:33.487] [Server thread/WARN] [ModernFix/]: Skipped emitting ENTITY_MOUNT game event for entity SeatEntity['Seat'/778164, l='ServerLevel[world]', x=-843.50, y=67.00, z=-2595.50] as it would cause deadlock
[08Aug2026 00:43:33.640] [Server thread/WARN] [ModernFix/]: Skipped emitting ENTITY_MOUNT game event for entity SeatEntity['Seat'/778170, l='ServerLevel[world]', x=-843.50, y=67.00, z=-2595.50] as it would cause deadlock
[08Aug2026 00:43:36.050] [Server thread/WARN] [ModernFix/]: Skipped emitting ENTITY_MOUNT game event for entity SeatEntity['Seat'/778630, l='ServerLevel[world]', x=-843.50, y=67.00, z=-2595.50] as it would cause deadlock
[08Aug2026 00:43:36.461] [Server thread/WARN] [ModernFix/]: Skipped emitting ENTITY_MOUNT game event for entity SeatEntity['Seat'/778714, l='ServerLevel[world]', x=-843.50, y=67.00, z=-2595.50] as it would cause deadlock
[08Aug2026 00:43:36.833] [Server thread/WARN] [ModernFix/]: Skipped emitting ENTITY_MOUNT game event for entity SeatEntity['Seat'/778719, l='ServerLevel[world]', x=-843.50, y=67.00, z=-2595.50] as it would cause deadlock
[08Aug2026 00:43:39.696] [Server thread/WARN] [ModernFix/]: Skipped emitting ENTITY_MOUNT game event for entity SeatEntity['Seat'/779148, l='ServerLevel[world]', x=-843.50, y=67.00, z=-2595.50] as it would cause deadlock
[08Aug2026 00:43:39.850] [Server thread/WARN] [ModernFix/]: Skipped emitting ENTITY_MOUNT game event for entity SeatEntity['Seat'/779155, l='ServerLevel[world]', x=-843.50, y=67.00, z=-2595.50] as it would cause deadlock
[08Aug2026 00:43:40.465] [Server thread/WARN] [ModernFix/]: Skipped emitting ENTITY_MOUNT game event for entity SeatEntity['Seat'/779259, l='ServerLevel[world]', x=-843.50, y=67.00, z=-2595.50] as it would cause deadlock
[08Aug2026 00:43:41.508] [Server thread/WARN] [ModernFix/]: Skipped emitting ENTITY_MOUNT game event for entity SeatEntity['Seat'/779368, l='ServerLevel[world]', x=-843.50, y=67.00, z=-2595.50] as it would cause deadlock
[08Aug2026 00:43:42.004] [Server thread/WARN] [ModernFix/]: Skipped emitting ENTITY_MOUNT game event for entity SeatEntity['Seat'/779501, l='ServerLevel[world]', x=-843.50, y=67.00, z=-2595.50] as it would cause deadlock
[08Aug2026 00:43:42.370] [Server thread/WARN] [net.minecraft.server.MinecraftServer/]: Can't keep up! Is the server overloaded? Running 2104ms or 42 ticks behind
[08Aug2026 00:43:43.310] [Server thread/WARN] [ModernFix/]: Skipped emitting ENTITY_MOUNT game event for entity SeatEntity['Seat'/779715, l='ServerLevel[world]', x=-843.50, y=67.00, z=-2595.50] as it would cause deadlock
[08Aug2026 00:43:44.643] [Server thread/WARN] [ModernFix/]: Skipped emitting ENTITY_MOUNT game event for entity SeatEntity['Seat'/779941, l='ServerLevel[world]', x=-843.50, y=67.00, z=-2595.50] as it would cause deadlock
[08Aug2026 00:43:45.642] [Server thread/WARN] [ModernFix/]: Skipped emitting ENTITY_MOUNT game event for entity SeatEntity['Seat'/780109, l='ServerLevel[world]', x=-843.50, y=67.00, z=-2595.50] as it would cause deadlock
[08Aug2026 00:43:46.493] [Server thread/WARN] [ModernFix/]: Skipped emitting ENTITY_MOUNT game event for entity SeatEntity['Seat'/780192, l='ServerLevel[world]', x=-843.50, y=67.00, z=-2595.50] as it would cause deadlock
[08Aug2026 00:43:46.636] [Server thread/INFO] [net.minecraft.server.MinecraftServer/]: Megatuber06 has made the advancement [The Andesite Age]
[08Aug2026 00:43:47.500] [Server thread/WARN] [ModernFix/]: Skipped emitting ENTITY_MOUNT game event for entity SeatEntity['Seat'/780410, l='ServerLevel[world]', x=-843.50, y=67.00, z=-2595.50] as it would cause deadlock
[08Aug2026 00:43:47.885] [Server thread/WARN] [ModernFix/]: Skipped emitting ENTITY_MOUNT game event for entity SeatEntity['Seat'/780558, l='ServerLevel[world]', x=-843.50, y=67.00, z=-2595.50] as it would cause deadlock
[08Aug2026 00:43:48.873] [Server thread/WARN] [ModernFix/]: Skipped emitting ENTITY_MOUNT game event for entity SeatEntity['Seat'/780713, l='ServerLevel[world]', x=-843.50, y=67.00, z=-2595.50] as it would cause deadlock
[08Aug2026 00:43:50.167] [Server thread/WARN] [ModernFix/]: Skipped emitting ENTITY_MOUNT game event for entity SeatEntity['Seat'/780907, l='ServerLevel[world]', x=-843.50, y=67.00, z=-2595.50] as it would cause deadlock
[08Aug2026 00:43:50.736] [Server thread/WARN] [ModernFix/]: Skipped emitting ENTITY_MOUNT game event for entity SeatEntity['Seat'/781056, l='ServerLevel[world]', x=-843.50, y=67.00, z=-2595.50] as it would cause deadlock
[08Aug2026 00:43:51.104] [Server thread/WARN] [ModernFix/]: Skipped emitting ENTITY_MOUNT game event for entity SeatEntity['Seat'/781114, l='ServerLevel[world]', x=-843.50, y=67.00, z=-2595.50] as it would cause deadlock
[08Aug2026 00:43:51.772] [Server thread/WARN] [ModernFix/]: Skipped emitting ENTITY_MOUNT game event for entity SeatEntity['Seat'/781253, l='ServerLevel[world]', x=-843.50, y=67.00, z=-2595.50] as it would cause deadlock
[08Aug2026 00:43:52.399] [Server thread/WARN] [ModernFix/]: Skipped emitting ENTITY_MOUNT game event for entity SeatEntity['Seat'/781370, l='ServerLevel[world]', x=-843.50, y=67.00, z=-2595.50] as it would cause deadlock
[08Aug2026 00:43:53.644] [Server thread/WARN] [ModernFix/]: Skipped emitting ENTITY_MOUNT game event for entity SeatEntity['Seat'/781640, l='ServerLevel[world]', x=-843.50, y=67.00, z=-2595.50] as it would cause deadlock
[08Aug2026 00:43:54.175] [Server thread/WARN] [ModernFix/]: Skipped emitting ENTITY_MOUNT game event for entity SeatEntity['Seat'/781733, l='ServerLevel[world]', x=-843.50, y=67.00, z=-2595.50] as it would cause deadlock
[08Aug2026 00:43:55.218] [Server thread/WARN] [ModernFix/]: Skipped emitting ENTITY_MOUNT game event for entity SeatEntity['Seat'/781992, l='ServerLevel[world]', x=-843.50, y=67.00, z=-2595.50] as it would cause deadlock
[08Aug2026 00:43:55.638] [Server thread/WARN] [ModernFix/]: Skipped emitting ENTITY_MOUNT game event for entity SeatEntity['Seat'/782037, l='ServerLevel[world]', x=-843.50, y=67.00, z=-2595.50] as it would cause deadlock
[08Aug2026 00:43:55.838] [Server thread/WARN] [ModernFix/]: Skipped emitting ENTITY_MOUNT game event for entity SeatEntity['Seat'/782088, l='ServerLevel[world]', x=-843.50, y=67.00, z=-2595.50] as it would cause deadlock
[08Aug2026 00:43:56.002] [Server thread/WARN] [ModernFix/]: Skipped emitting ENTITY_MOUNT game event for entity SeatEntity['Seat'/782107, l='ServerLevel[world]', x=-843.50, y=67.00, z=-2595.50] as it would cause deadlock
[08Aug2026 00:43:56.381] [Server thread/WARN] [ModernFix/]: Skipped emitting ENTITY_MOUNT game event for entity SeatEntity['Seat'/782217, l='ServerLevel[world]', x=-843.50, y=67.00, z=-2595.50] as it would cause deadlock
[08Aug2026 00:43:56.528] [Server thread/WARN] [ModernFix/]: Skipped emitting ENTITY_MOUNT game event for entity SeatEntity['Seat'/782239, l='ServerLevel[world]', x=-843.50, y=67.00, z=-2595.50] as it would cause deadlock
[08Aug2026 00:43:57.097] [Server thread/WARN] [ModernFix/]: Skipped emitting ENTITY_MOUNT game event for entity SeatEntity['Seat'/782347, l='ServerLevel[world]', x=-843.50, y=67.00, z=-2595.50] as it would cause deadlock
[08Aug2026 00:43:57.557] [Server thread/WARN] [ModernFix/]: Skipped emitting ENTITY_MOUNT game event for entity SeatEntity['Seat'/782407, l='ServerLevel[world]', x=-843.50, y=67.00, z=-2595.50] as it would cause deadlock
[08Aug2026 00:43:57.769] [Server thread/WARN] [ModernFix/]: Skipped emitting ENTITY_MOUNT game event for entity SeatEntity['Seat'/782411, l='ServerLevel[world]', x=-843.50, y=67.00, z=-2595.50] as it would cause deadlock
[08Aug2026 00:43:57.982] [Server thread/WARN] [ModernFix/]: Skipped emitting ENTITY_MOUNT game event for entity SeatEntity['Seat'/782501, l='ServerLevel[world]', x=-843.50, y=67.00, z=-2595.50] as it would cause deadlock
[08Aug2026 00:43:59.085] [Server thread/WARN] [ModernFix/]: Skipped emitting ENTITY_MOUNT game event for entity SeatEntity['Seat'/782722, l='ServerLevel[world]', x=-843.50, y=67.00, z=-2595.50] as it would cause deadlock
[08Aug2026 00:43:59.613] [Server thread/WARN] [ModernFix/]: Skipped emitting ENTITY_MOUNT game event for entity SeatEntity['Seat'/782782, l='ServerLevel[world]', x=-843.50, y=67.00, z=-2595.50] as it would cause deadlock
[08Aug2026 00:44:01.584] [Server thread/WARN] [ModernFix/]: Skipped emitting ENTITY_MOUNT game event for entity SeatEntity['Seat'/783130, l='ServerLevel[world]', x=-843.50, y=67.00, z=-2595.50] as it would cause deadlock
[08Aug2026 00:44:02.961] [Server thread/WARN] [ModernFix/]: Skipped emitting ENTITY_MOUNT game event for entity SeatEntity['Seat'/783417, l='ServerLevel[world]', x=-843.50, y=67.00, z=-2595.50] as it would cause deadlock
[08Aug2026 00:44:04.294] [Server thread/WARN] [ModernFix/]: Skipped emitting ENTITY_MOUNT game event for entity SeatEntity['Seat'/783731, l='ServerLevel[world]', x=-843.50, y=67.00, z=-2595.50] as it would cause deadlock
[08Aug2026 00:44:04.943] [Server thread/WARN] [ModernFix/]: Skipped emitting ENTITY_MOUNT game event for entity SeatEntity['Seat'/783791, l='ServerLevel[world]', x=-843.50, y=67.00, z=-2595.50] as it would cause deadlock
[08Aug2026 00:44:05.551] [Server thread/WARN] [ModernFix/]: Skipped emitting ENTITY_MOUNT game event for entity SeatEntity['Seat'/783941, l='ServerLevel[world]', x=-843.50, y=67.00, z=-2595.50] as it would cause deadlock
[08Aug2026 00:44:06.131] [Server thread/WARN] [ModernFix/]: Skipped emitting ENTITY_MOUNT game event for entity SeatEntity['Seat'/784092, l='ServerLevel[world]', x=-843.50, y=67.00, z=-2595.50] as it would cause deadlock
[08Aug2026 00:44:07.657] [Server thread/WARN] [ModernFix/]: Skipped emitting ENTITY_MOUNT game event for entity SeatEntity['Seat'/784444, l='ServerLevel[world]', x=-843.50, y=67.00, z=-2595.50] as it would cause deadlock
[08Aug2026 00:44:07.817] [Server thread/WARN] [ModernFix/]: Skipped emitting ENTITY_MOUNT game event for entity SeatEntity['Seat'/784448, l='ServerLevel[world]', x=-843.50, y=67.00, z=-2595.50] as it would cause deadlock
[08Aug2026 00:44:08.029] [Server thread/WARN] [ModernFix/]: Skipped emitting ENTITY_MOUNT game event for entity SeatEntity['Seat'/784516, l='ServerLevel[world]', x=-843.50, y=67.00, z=-2595.50] as it would cause deadlock
[08Aug2026 00:44:08.226] [Server thread/WARN] [ModernFix/]: Skipped emitting ENTITY_MOUNT game event for entity SeatEntity['Seat'/784541, l='ServerLevel[world]', x=-843.50, y=67.00, z=-2595.50] as it would cause deadlock
[08Aug2026 00:44:09.171] [Server thread/WARN] [ModernFix/]: Skipped emitting ENTITY_MOUNT game event for entity SeatEntity['Seat'/784770, l='ServerLevel[world]', x=-843.50, y=67.00, z=-2595.50] as it would cause deadlock
[08Aug2026 00:44:09.357] [Server thread/WARN] [ModernFix/]: Skipped emitting ENTITY_MOUNT game event for entity SeatEntity['Seat'/784830, l='ServerLevel[world]', x=-843.50, y=67.00, z=-2595.50] as it would cause deadlock
[08Aug2026 00:44:09.957] [Server thread/WARN] [ModernFix/]: Skipped emitting ENTITY_MOUNT game event for entity SeatEntity['Seat'/784979, l='ServerLevel[world]', x=-843.50, y=67.00, z=-2595.50] as it would cause deadlock
[08Aug2026 00:44:10.391] [Server thread/WARN] [ModernFix/]: Skipped emitting ENTITY_MOUNT game event for entity SeatEntity['Seat'/785050, l='ServerLevel[world]', x=-843.50, y=67.00, z=-2595.50] as it would cause deadlock
[08Aug2026 00:44:10.770] [Server thread/WARN] [ModernFix/]: Skipped emitting ENTITY_MOUNT game event for entity SeatEntity['Seat'/785139, l='ServerLevel[world]', x=-843.50, y=67.00, z=-2595.50] as it would cause deadlock
[08Aug2026 00:44:12.944] [Server thread/WARN] [ModernFix/]: Skipped emitting ENTITY_MOUNT game event for entity SeatEntity['Seat'/785511, l='ServerLevel[world]', x=-843.50, y=67.00, z=-2595.50] as it would cause deadlock
[08Aug2026 00:44:14.095] [Server thread/WARN] [ModernFix/]: Skipped emitting ENTITY_MOUNT game event for entity SeatEntity['Seat'/785730, l='ServerLevel[world]', x=-843.50, y=67.00, z=-2595.50] as it would cause deadlock
[08Aug2026 00:44:14.276] [Server thread/WARN] [ModernFix/]: Skipped emitting ENTITY_MOUNT game event for entity SeatEntity['Seat'/785756, l='ServerLevel[world]', x=-843.50, y=67.00, z=-2595.50] as it would cause deadlock
[08Aug2026 00:44:14.865] [Server thread/WARN] [ModernFix/]: Skipped emitting ENTITY_MOUNT game event for entity SeatEntity['Seat'/785869, l='ServerLevel[world]', x=-843.50, y=67.00, z=-2595.50] as it would cause deadlock
[08Aug2026 00:44:15.612] [Server thread/WARN] [ModernFix/]: Skipped emitting ENTITY_MOUNT game event for entity SeatEntity['Seat'/786054, l='ServerLevel[world]', x=-843.50, y=67.00, z=-2595.50] as it would cause deadlock
[08Aug2026 00:44:16.565] [Server thread/WARN] [ModernFix/]: Skipped emitting ENTITY_MOUNT game event for entity SeatEntity['Seat'/786202, l='ServerLevel[world]', x=-843.50, y=67.00, z=-2595.50] as it would cause deadlock
[08Aug2026 00:44:16.766] [Server thread/WARN] [ModernFix/]: Skipped emitting ENTITY_MOUNT game event for entity SeatEntity['Seat'/786311, l='ServerLevel[world]', x=-843.50, y=67.00, z=-2595.50] as it would cause deadlock
[08Aug2026 00:44:16.973] [Server thread/WARN] [ModernFix/]: Skipped emitting ENTITY_MOUNT game event for entity SeatEntity['Seat'/786367, l='ServerLevel[world]', x=-843.50, y=67.00, z=-2595.50] as it would cause deadlock
[08Aug2026 00:44:17.161] [Server thread/WARN] [ModernFix/]: Skipped emitting ENTITY_MOUNT game event for entity SeatEntity['Seat'/786395, l='ServerLevel[world]', x=-843.50, y=67.00, z=-2595.50] as it would cause deadlock
[08Aug2026 00:44:19.507] [Server thread/WARN] [ModernFix/]: Skipped emitting ENTITY_MOUNT game event for entity SeatEntity['Seat'/786880, l='ServerLevel[world]', x=-843.50, y=67.00, z=-2595.50] as it would cause deadlock
[08Aug2026 00:44:20.409] [Server thread/WARN] [ModernFix/]: Skipped emitting ENTITY_MOUNT game event for entity SeatEntity['Seat'/787041, l='ServerLevel[world]', x=-843.50, y=67.00, z=-2595.50] as it would cause deadlock
[08Aug2026 00:44:21.219] [Server thread/WARN] [ModernFix/]: Skipped emitting ENTITY_MOUNT game event for entity SeatEntity['Seat'/787245, l='ServerLevel[world]', x=-843.50, y=67.00, z=-2595.50] as it would cause deadlock
[08Aug2026 00:44:21.605] [Server thread/WARN] [ModernFix/]: Skipped emitting ENTITY_MOUNT game event for entity SeatEntity['Seat'/787317, l='ServerLevel[world]', x=-843.50, y=67.00, z=-2595.50] as it would cause deadlock
[08Aug2026 00:44:22.314] [Server thread/WARN] [ModernFix/]: Skipped emitting ENTITY_MOUNT game event for entity SeatEntity['Seat'/787477, l='ServerLevel[world]', x=-843.50, y=67.00, z=-2595.50] as it would cause deadlock
[08Aug2026 00:44:23.717] [Server thread/WARN] [ModernFix/]: Skipped emitting ENTITY_MOUNT game event for entity SeatEntity['Seat'/787744, l='ServerLevel[world]', x=-843.50, y=67.00, z=-2595.50] as it would cause deadlock
[08Aug2026 00:44:23.858] [Server thread/WARN] [ModernFix/]: Skipped emitting ENTITY_MOUNT game event for entity SeatEntity['Seat'/787835, l='ServerLevel[world]', x=-843.50, y=67.00, z=-2595.50] as it would cause deadlock
[08Aug2026 00:44:24.061] [Server thread/WARN] [ModernFix/]: Skipped emitting ENTITY_MOUNT game event for entity SeatEntity['Seat'/787842, l='ServerLevel[world]', x=-843.50, y=67.00, z=-2595.50] as it would cause deadlock
[08Aug2026 00:44:25.580] [Server thread/WARN] [ModernFix/]: Skipped emitting ENTITY_MOUNT game event for entity SeatEntity['Seat'/788116, l='ServerLevel[world]', x=-843.50, y=67.00, z=-2595.50] as it would cause deadlock
[08Aug2026 00:44:25.761] [Server thread/WARN] [ModernFix/]: Skipped emitting ENTITY_MOUNT game event for entity SeatEntity['Seat'/788175, l='ServerLevel[world]', x=-843.50, y=67.00, z=-2595.50] as it would cause deadlock
[08Aug2026 00:44:25.982] [Server thread/WARN] [ModernFix/]: Skipped emitting ENTITY_MOUNT game event for entity SeatEntity['Seat'/788230, l='ServerLevel[world]', x=-843.50, y=67.00, z=-2595.50] as it would cause deadlock
[08Aug2026 00:44:26.385] [Server thread/WARN] [ModernFix/]: Skipped emitting ENTITY_MOUNT game event for entity SeatEntity['Seat'/788307, l='ServerLevel[world]', x=-843.50, y=67.00, z=-2595.50] as it would cause deadlock
[08Aug2026 00:44:26.917] [Server thread/WARN] [ModernFix/]: Skipped emitting ENTITY_MOUNT game event for entity SeatEntity['Seat'/788404, l='ServerLevel[world]', x=-843.50, y=67.00, z=-2595.50] as it would cause deadlock
[08Aug2026 00:44:27.310] [Server thread/WARN] [ModernFix/]: Skipped emitting ENTITY_MOUNT game event for entity SeatEntity['Seat'/788414, l='ServerLevel[world]', x=-843.50, y=67.00, z=-2595.50] as it would cause deadlock
[08Aug2026 00:44:28.131] [Server thread/WARN] [ModernFix/]: Skipped emitting ENTITY_MOUNT game event for entity SeatEntity['Seat'/788630, l='ServerLevel[world]', x=-843.50, y=67.00, z=-2595.50] as it would cause deadlock
[08Aug2026 00:44:28.517] [Server thread/WARN] [ModernFix/]: Skipped emitting ENTITY_MOUNT game event for entity SeatEntity['Seat'/788683, l='ServerLevel[world]', x=-843.50, y=67.00, z=-2595.50] as it would cause deadlock
[08Aug2026 00:44:29.010] [Server thread/WARN] [ModernFix/]: Skipped emitting ENTITY_MOUNT game event for entity SeatEntity['Seat'/788762, l='ServerLevel[world]', x=-843.50, y=67.00, z=-2595.50] as it would cause deadlock
[08Aug2026 00:44:29.567] [Server thread/WARN] [ModernFix/]: Skipped emitting ENTITY_MOUNT game event for entity SeatEntity['Seat'/788853, l='ServerLevel[world]', x=-843.50, y=67.00, z=-2595.50] as it would cause deadlock
[08Aug2026 00:44:30.161] [Server thread/WARN] [ModernFix/]: Skipped emitting ENTITY_MOUNT game event for entity SeatEntity['Seat'/788975, l='ServerLevel[world]', x=-843.50, y=67.00, z=-2595.50] as it would cause deadlock
[08Aug2026 00:44:31.129] [Server thread/WARN] [ModernFix/]: Skipped emitting ENTITY_MOUNT game event for entity SeatEntity['Seat'/789147, l='ServerLevel[world]', x=-843.50, y=67.00, z=-2595.50] as it would cause deadlock
[08Aug2026 00:44:32.062] [Server thread/WARN] [ModernFix/]: Skipped emitting ENTITY_MOUNT game event for entity SeatEntity['Seat'/789301, l='ServerLevel[world]', x=-843.50, y=67.00, z=-2595.50] as it would cause deadlock
[08Aug2026 00:44:32.665] [Server thread/WARN] [ModernFix/]: Skipped emitting ENTITY_MOUNT game event for entity SeatEntity['Seat'/789361, l='ServerLevel[world]', x=-843.50, y=67.00, z=-2595.50] as it would cause deadlock
[08Aug2026 00:44:33.063] [Server thread/WARN] [ModernFix/]: Skipped emitting ENTITY_MOUNT game event for entity SeatEntity['Seat'/789499, l='ServerLevel[world]', x=-843.50, y=67.00, z=-2595.50] as it would cause deadlock
[08Aug2026 00:44:33.805] [Server thread/WARN] [ModernFix/]: Skipped emitting ENTITY_MOUNT game event for entity SeatEntity['Seat'/789661, l='ServerLevel[world]', x=-843.50, y=67.00, z=-2595.50] as it would cause deadlock
[08Aug2026 00:44:34.183] [Server thread/WARN] [ModernFix/]: Skipped emitting ENTITY_MOUNT game event for entity SeatEntity['Seat'/789749, l='ServerLevel[world]', x=-843.50, y=67.00, z=-2595.50] as it would cause deadlock
[08Aug2026 00:44:34.551] [Server thread/WARN] [ModernFix/]: Skipped emitting ENTITY_MOUNT game event for entity SeatEntity['Seat'/789791, l='ServerLevel[world]', x=-843.50, y=67.00, z=-2595.50] as it would cause deadlock
[08Aug2026 00:44:35.780] [Server thread/WARN] [ModernFix/]: Skipped emitting ENTITY_MOUNT game event for entity SeatEntity['Seat'/790086, l='ServerLevel[world]', x=-843.50, y=67.00, z=-2595.50] as it would cause deadlock
[08Aug2026 00:44:36.909] [Server thread/WARN] [ModernFix/]: Skipped emitting ENTITY_MOUNT game event for entity SeatEntity['Seat'/790336, l='ServerLevel[world]', x=-843.50, y=67.00, z=-2595.50] as it would cause deadlock
[08Aug2026 00:44:37.990] [Server thread/WARN] [ModernFix/]: Skipped emitting ENTITY_MOUNT game event for entity SeatEntity['Seat'/790580, l='ServerLevel[world]', x=-843.50, y=67.00, z=-2595.50] as it would cause deadlock
[08Aug2026 00:44:38.125] [Server thread/WARN] [ModernFix/]: Skipped emitting ENTITY_MOUNT game event for entity SeatEntity['Seat'/790585, l='ServerLevel[world]', x=-843.50, y=67.00, z=-2595.50] as it would cause deadlock
[08Aug2026 00:44:38.331] [Server thread/WARN] [ModernFix/]: Skipped emitting ENTITY_MOUNT game event for entity SeatEntity['Seat'/790644, l='ServerLevel[world]', x=-843.50, y=67.00, z=-2595.50] as it would cause deadlock
[08Aug2026 00:44:38.666] [Server thread/WARN] [ModernFix/]: Skipped emitting ENTITY_MOUNT game event for entity SeatEntity['Seat'/790705, l='ServerLevel[world]', x=-843.50, y=67.00, z=-2595.50] as it would cause deadlock
[08Aug2026 00:44:39.069] [Server thread/WARN] [ModernFix/]: Skipped emitting ENTITY_MOUNT game event for entity SeatEntity['Seat'/790841, l='ServerLevel[world]', x=-843.50, y=67.00, z=-2595.50] as it would cause deadlock
[08Aug2026 00:44:39.661] [Server thread/WARN] [ModernFix/]: Skipped emitting ENTITY_MOUNT game event for entity SeatEntity['Seat'/790910, l='ServerLevel[world]', x=-843.50, y=67.00, z=-2595.50] as it would cause deadlock
[08Aug2026 00:44:40.036] [Server thread/WARN] [ModernFix/]: Skipped emitting ENTITY_MOUNT game event for entity SeatEntity['Seat'/791002, l='ServerLevel[world]', x=-843.50, y=67.00, z=-2595.50] as it would cause deadlock
[08Aug2026 00:44:40.381] [Server thread/WARN] [ModernFix/]: Skipped emitting ENTITY_MOUNT game event for entity SeatEntity['Seat'/791112, l='ServerLevel[world]', x=-843.50, y=67.00, z=-2595.50] as it would cause deadlock
[08Aug2026 00:44:40.556] [Server thread/WARN] [ModernFix/]: Skipped emitting ENTITY_MOUNT game event for entity SeatEntity['Seat'/791149, l='ServerLevel[world]', x=-843.50, y=67.00, z=-2595.50] as it would cause deadlock
[08Aug2026 00:44:42.619] [Server thread/WARN] [ModernFix/]: Skipped emitting ENTITY_MOUNT game event for entity SeatEntity['Seat'/791458, l='ServerLevel[world]', x=-843.50, y=67.00, z=-2595.50] as it would cause deadlock
[08Aug2026 00:44:42.861] [Server thread/WARN] [ModernFix/]: Skipped emitting ENTITY_MOUNT game event for entity SeatEntity['Seat'/791486, l='ServerLevel[world]', x=-843.50, y=67.00, z=-2595.50] as it would cause deadlock
[08Aug2026 00:44:43.370] [Server thread/WARN] [ModernFix/]: Skipped emitting ENTITY_MOUNT game event for entity SeatEntity['Seat'/791605, l='ServerLevel[world]', x=-843.50, y=67.00, z=-2595.50] as it would cause deadlock
[08Aug2026 00:44:43.580] [Server thread/WARN] [ModernFix/]: Skipped emitting ENTITY_MOUNT game event for entity SeatEntity['Seat'/791614, l='ServerLevel[world]', x=-843.50, y=67.00, z=-2595.50] as it would cause deadlock
[08Aug2026 00:44:44.069] [Server thread/WARN] [ModernFix/]: Skipped emitting ENTITY_MOUNT game event for entity SeatEntity['Seat'/791665, l='ServerLevel[world]', x=-843.50, y=67.00, z=-2595.50] as it would cause deadlock
[08Aug2026 00:44:44.246] [Server thread/WARN] [ModernFix/]: Skipped emitting ENTITY_MOUNT game event for entity SeatEntity['Seat'/791743, l='ServerLevel[world]', x=-843.50, y=67.00, z=-2595.50] as it would cause deadlock
[08Aug2026 00:44:45.382] [Server thread/WARN] [ModernFix/]: Skipped emitting ENTITY_MOUNT game event for entity SeatEntity['Seat'/791901, l='ServerLevel[world]', x=-843.50, y=67.00, z=-2595.50] as it would cause deadlock
[08Aug2026 00:44:45.906] [Server thread/WARN] [ModernFix/]: Skipped emitting ENTITY_MOUNT game event for entity SeatEntity['Seat'/791964, l='ServerLevel[world]', x=-843.50, y=67.00, z=-2595.50] as it would cause deadlock
[08Aug2026 00:44:46.527] [Server thread/WARN] [ModernFix/]: Skipped emitting ENTITY_MOUNT game event for entity SeatEntity['Seat'/792095, l='ServerLevel[world]', x=-843.50, y=67.00, z=-2595.50] as it would cause deadlock
[08Aug2026 00:44:46.895] [Server thread/WARN] [ModernFix/]: Skipped emitting ENTITY_MOUNT game event for entity SeatEntity['Seat'/792152, l='ServerLevel[world]', x=-843.50, y=67.00, z=-2595.50] as it would cause deadlock
[08Aug2026 00:44:47.099] [Server thread/WARN] [ModernFix/]: Skipped emitting ENTITY_MOUNT game event for entity SeatEntity['Seat'/792186, l='ServerLevel[world]', x=-843.50, y=67.00, z=-2595.50] as it would cause deadlock
[08Aug2026 00:44:47.897] [Server thread/WARN] [ModernFix/]: Skipped emitting ENTITY_MOUNT game event for entity SeatEntity['Seat'/792332, l='ServerLevel[world]', x=-843.50, y=67.00, z=-2595.50] as it would cause deadlock
[08Aug2026 00:44:48.637] [Server thread/WARN] [ModernFix/]: Skipped emitting ENTITY_MOUNT game event for entity SeatEntity['Seat'/792559, l='ServerLevel[world]', x=-843.50, y=67.00, z=-2595.50] as it would cause deadlock
[08Aug2026 00:44:51.872] [Server thread/WARN] [ModernFix/]: Skipped emitting ENTITY_MOUNT game event for entity SeatEntity['Seat'/793146, l='ServerLevel[world]', x=-843.50, y=67.00, z=-2595.50] as it would cause deadlock
[08Aug2026 00:44:52.524] [Server thread/WARN] [ModernFix/]: Skipped emitting ENTITY_MOUNT game event for entity SeatEntity['Seat'/793275, l='ServerLevel[world]', x=-843.50, y=67.00, z=-2595.50] as it would cause deadlock
[08Aug2026 00:44:53.316] [Server thread/WARN] [ModernFix/]: Skipped emitting ENTITY_MOUNT game event for entity SeatEntity['Seat'/793415, l='ServerLevel[world]', x=-843.50, y=67.00, z=-2595.50] as it would cause deadlock
[08Aug2026 00:44:54.867] [Server thread/WARN] [ModernFix/]: Skipped emitting ENTITY_MOUNT game event for entity SeatEntity['Seat'/793713, l='ServerLevel[world]', x=-843.50, y=67.00, z=-2595.50] as it would cause deadlock
[08Aug2026 00:44:56.454] [Server thread/WARN] [ModernFix/]: Skipped emitting ENTITY_MOUNT game event for entity SeatEntity['Seat'/793941, l='ServerLevel[world]', x=-843.50, y=67.00, z=-2595.50] as it would cause deadlock
[08Aug2026 00:44:56.639] [Server thread/WARN] [ModernFix/]: Skipped emitting ENTITY_MOUNT game event for entity SeatEntity['Seat'/793997, l='ServerLevel[world]', x=-843.50, y=67.00, z=-2595.50] as it would cause deadlock
[08Aug2026 00:44:57.018] [Server thread/WARN] [ModernFix/]: Skipped emitting ENTITY_MOUNT game event for entity SeatEntity['Seat'/794061, l='ServerLevel[world]', x=-843.50, y=67.00, z=-2595.50] as it would cause deadlock
[08Aug2026 00:44:57.444] [Server thread/WARN] [ModernFix/]: Skipped emitting ENTITY_MOUNT game event for entity SeatEntity['Seat'/794109, l='ServerLevel[world]', x=-843.50, y=67.00, z=-2595.50] as it would cause deadlock
[08Aug2026 00:44:58.229] [Server thread/WARN] [ModernFix/]: Skipped emitting ENTITY_MOUNT game event for entity SeatEntity['Seat'/794272, l='ServerLevel[world]', x=-843.50, y=67.00, z=-2595.50] as it would cause deadlock
[08Aug2026 00:44:58.831] [Server thread/WARN] [ModernFix/]: Skipped emitting ENTITY_MOUNT game event for entity SeatEntity['Seat'/794470, l='ServerLevel[world]', x=-843.50, y=67.00, z=-2595.50] as it would cause deadlock
[08Aug2026 00:44:59.183] [Server thread/WARN] [ModernFix/]: Skipped emitting ENTITY_MOUNT game event for entity SeatEntity['Seat'/794503, l='ServerLevel[world]', x=-843.50, y=67.00, z=-2595.50] as it would cause deadlock
[08Aug2026 00:45:00.063] [Server thread/WARN] [ModernFix/]: Skipped emitting ENTITY_MOUNT game event for entity SeatEntity['Seat'/794683, l='ServerLevel[world]', x=-843.50, y=67.00, z=-2595.50] as it would cause deadlock
[08Aug2026 00:45:03.165] [Server thread/WARN] [ModernFix/]: Skipped emitting ENTITY_MOUNT game event for entity SeatEntity['Seat'/795169, l='ServerLevel[world]', x=-843.50, y=67.00, z=-2595.50] as it would cause deadlock
[08Aug2026 00:45:03.545] [Server thread/WARN] [ModernFix/]: Skipped emitting ENTITY_MOUNT game event for entity SeatEntity['Seat'/795213, l='ServerLevel[world]', x=-843.50, y=67.00, z=-2595.50] as it would cause deadlock
[08Aug2026 00:45:04.152] [Server thread/WARN] [ModernFix/]: Skipped emitting ENTITY_MOUNT game event for entity SeatEntity['Seat'/795296, l='ServerLevel[world]', x=-843.50, y=67.00, z=-2595.50] as it would cause deadlock
[08Aug2026 00:45:04.666] [Server thread/WARN] [ModernFix/]: Skipped emitting ENTITY_MOUNT game event for entity SeatEntity['Seat'/795351, l='ServerLevel[world]', x=-843.50, y=67.00, z=-2595.50] as it would cause deadlock
[08Aug2026 00:45:04.826] [Server thread/WARN] [ModernFix/]: Skipped emitting ENTITY_MOUNT game event for entity SeatEntity['Seat'/795418, l='ServerLevel[world]', x=-843.50, y=67.00, z=-2595.50] as it would cause deadlock
[08Aug2026 00:45:05.188] [Server thread/WARN] [ModernFix/]: Skipped emitting ENTITY_MOUNT game event for entity SeatEntity['Seat'/795458, l='ServerLevel[world]', x=-843.50, y=67.00, z=-2595.50] as it would cause deadlock
[08Aug2026 00:45:05.780] [Server thread/WARN] [ModernFix/]: Skipped emitting ENTITY_MOUNT game event for entity SeatEntity['Seat'/795605, l='ServerLevel[world]', x=-843.50, y=67.00, z=-2595.50] as it would cause deadlock
[08Aug2026 00:45:06.788] [Server thread/WARN] [ModernFix/]: Skipped emitting ENTITY_MOUNT game event for entity SeatEntity['Seat'/795784, l='ServerLevel[world]', x=-843.50, y=67.00, z=-2595.50] as it would cause deadlock
[08Aug2026 00:45:07.158] [Server thread/WARN] [ModernFix/]: Skipped emitting ENTITY_MOUNT game event for entity SeatEntity['Seat'/795908, l='ServerLevel[world]', x=-843.50, y=67.00, z=-2595.50] as it would cause deadlock
[08Aug2026 00:45:07.539] [Server thread/WARN] [ModernFix/]: Skipped emitting ENTITY_MOUNT game event for entity SeatEntity['Seat'/795917, l='ServerLevel[world]', x=-843.50, y=67.00, z=-2595.50] as it would cause deadlock
[08Aug2026 00:45:08.751] [Server thread/WARN] [ModernFix/]: Skipped emitting ENTITY_MOUNT game event for entity SeatEntity['Seat'/796150, l='ServerLevel[world]', x=-843.50, y=67.00, z=-2595.50] as it would cause deadlock
[08Aug2026 00:45:08.945] [Server thread/WARN] [ModernFix/]: Skipped emitting ENTITY_MOUNT game event for entity SeatEntity['Seat'/796157, l='ServerLevel[world]', x=-843.50, y=67.00, z=-2595.50] as it would cause deadlock
[08Aug2026 00:45:09.128] [Server thread/WARN] [ModernFix/]: Skipped emitting ENTITY_MOUNT game event for entity SeatEntity['Seat'/796210, l='ServerLevel[world]', x=-843.50, y=67.00, z=-2595.50] as it would cause deadlock
[08Aug2026 00:45:09.533] [Server thread/WARN] [ModernFix/]: Skipped emitting ENTITY_MOUNT game event for entity SeatEntity['Seat'/796266, l='ServerLevel[world]', x=-843.50, y=67.00, z=-2595.50] as it would cause deadlock
[08Aug2026 00:45:09.916] [Server thread/WARN] [ModernFix/]: Skipped emitting ENTITY_MOUNT game event for entity SeatEntity['Seat'/796333, l='ServerLevel[world]', x=-843.50, y=67.00, z=-2595.50] as it would cause deadlock
[08Aug2026 00:45:10.347] [Server thread/WARN] [ModernFix/]: Skipped emitting ENTITY_MOUNT game event for entity SeatEntity['Seat'/796383, l='ServerLevel[world]', x=-843.50, y=67.00, z=-2595.50] as it would cause deadlock
[08Aug2026 00:45:11.084] [Server thread/WARN] [ModernFix/]: Skipped emitting ENTITY_MOUNT game event for entity SeatEntity['Seat'/796553, l='ServerLevel[world]', x=-843.50, y=67.00, z=-2595.50] as it would cause deadlock
[08Aug2026 00:45:12.495] [Server thread/WARN] [ModernFix/]: Skipped emitting ENTITY_MOUNT game event for entity SeatEntity['Seat'/796746, l='ServerLevel[world]', x=-843.50, y=67.00, z=-2595.50] as it would cause deadlock
[08Aug2026 00:45:13.335] [Server thread/WARN] [ModernFix/]: Skipped emitting ENTITY_MOUNT game event for entity SeatEntity['Seat'/796862, l='ServerLevel[world]', x=-843.50, y=67.00, z=-2595.50] as it would cause deadlock
[08Aug2026 00:45:13.743] [Server thread/WARN] [ModernFix/]: Skipped emitting ENTITY_MOUNT game event for entity SeatEntity['Seat'/796985, l='ServerLevel[world]', x=-843.50, y=67.00, z=-2595.50] as it would cause deadlock
[08Aug2026 00:45:14.152] [Server thread/WARN] [ModernFix/]: Skipped emitting ENTITY_MOUNT game event for entity SeatEntity['Seat'/797085, l='ServerLevel[world]', x=-843.50, y=67.00, z=-2595.50] as it would cause deadlock
[08Aug2026 00:45:14.409] [Server thread/WARN] [ModernFix/]: Skipped emitting ENTITY_MOUNT game event for entity SeatEntity['Seat'/797127, l='ServerLevel[world]', x=-843.50, y=67.00, z=-2595.50] as it would cause deadlock
[08Aug2026 00:45:15.272] [Server thread/WARN] [ModernFix/]: Skipped emitting ENTITY_MOUNT game event for entity SeatEntity['Seat'/797261, l='ServerLevel[world]', x=-843.50, y=67.00, z=-2595.50] as it would cause deadlock
[08Aug2026 00:45:15.467] [Server thread/WARN] [ModernFix/]: Skipped emitting ENTITY_MOUNT game event for entity SeatEntity['Seat'/797297, l='ServerLevel[world]', x=-843.50, y=67.00, z=-2595.50] as it would cause deadlock
[08Aug2026 00:45:16.119] [Server thread/WARN] [ModernFix/]: Skipped emitting ENTITY_MOUNT game event for entity SeatEntity['Seat'/797400, l='ServerLevel[world]', x=-843.50, y=67.00, z=-2595.50] as it would cause deadlock
[08Aug2026 00:45:16.713] [Server thread/WARN] [ModernFix/]: Skipped emitting ENTITY_MOUNT game event for entity SeatEntity['Seat'/797489, l='ServerLevel[world]', x=-843.50, y=67.00, z=-2595.50] as it would cause deadlock
[08Aug2026 00:45:17.273] [Server thread/WARN] [ModernFix/]: Skipped emitting ENTITY_MOUNT game event for entity SeatEntity['Seat'/797577, l='ServerLevel[world]', x=-843.50, y=67.00, z=-2595.50] as it would cause deadlock
[08Aug2026 00:45:17.460] [Server thread/WARN] [ModernFix/]: Skipped emitting ENTITY_MOUNT game event for entity SeatEntity['Seat'/797640, l='ServerLevel[world]', x=-843.50, y=67.00, z=-2595.50] as it would cause deadlock
[08Aug2026 00:45:17.880] [Server thread/WARN] [ModernFix/]: Skipped emitting ENTITY_MOUNT game event for entity SeatEntity['Seat'/797695, l='ServerLevel[world]', x=-843.50, y=67.00, z=-2595.50] as it would cause deadlock
[08Aug2026 00:45:19.279] [Server thread/WARN] [ModernFix/]: Skipped emitting ENTITY_MOUNT game event for entity SeatEntity['Seat'/798006, l='ServerLevel[world]', x=-843.50, y=67.00, z=-2595.50] as it would cause deadlock
[08Aug2026 00:45:19.719] [Server thread/WARN] [ModernFix/]: Skipped emitting ENTITY_MOUNT game event for entity SeatEntity['Seat'/798080, l='ServerLevel[world]', x=-843.50, y=67.00, z=-2595.50] as it would cause deadlock
[08Aug2026 00:45:19.908] [Server thread/WARN] [ModernFix/]: Skipped emitting ENTITY_MOUNT game event for entity SeatEntity['Seat'/798154, l='ServerLevel[world]', x=-843.50, y=67.00, z=-2595.50] as it would cause deadlock
[08Aug2026 00:45:20.126] [Server thread/WARN] [ModernFix/]: Skipped emitting ENTITY_MOUNT game event for entity SeatEntity['Seat'/798195, l='ServerLevel[world]', x=-843.50, y=67.00, z=-2595.50] as it would cause deadlock
[08Aug2026 00:45:20.375] [Server thread/WARN] [ModernFix/]: Skipped emitting ENTITY_MOUNT game event for entity SeatEntity['Seat'/798202, l='ServerLevel[world]', x=-843.50, y=67.00, z=-2595.50] as it would cause deadlock
[08Aug2026 00:45:20.553] [Server thread/WARN] [ModernFix/]: Skipped emitting ENTITY_MOUNT game event for entity SeatEntity['Seat'/798300, l='ServerLevel[world]', x=-843.50, y=67.00, z=-2595.50] as it would cause deadlock
[08Aug2026 00:45:21.335] [Server thread/WARN] [ModernFix/]: Skipped emitting ENTITY_MOUNT game event for entity SeatEntity['Seat'/798421, l='ServerLevel[world]', x=-843.50, y=67.00, z=-2595.50] as it would cause deadlock
[08Aug2026 00:45:24.612] [Server thread/WARN] [ModernFix/]: Skipped emitting ENTITY_MOUNT game event for entity SeatEntity['Seat'/798818, l='ServerLevel[world]', x=-843.50, y=67.00, z=-2595.50] as it would cause deadlock
[08Aug2026 00:45:25.153] [Server thread/WARN] [ModernFix/]: Skipped emitting ENTITY_MOUNT game event for entity SeatEntity['Seat'/798822, l='ServerLevel[world]', x=-843.50, y=67.00, z=-2595.50] as it would cause deadlock
[08Aug2026 00:45:25.962] [Server thread/WARN] [ModernFix/]: Skipped emitting ENTITY_MOUNT game event for entity SeatEntity['Seat'/798947, l='ServerLevel[world]', x=-843.50, y=67.00, z=-2595.50] as it would cause deadlock
[08Aug2026 00:45:26.358] [Server thread/WARN] [ModernFix/]: Skipped emitting ENTITY_MOUNT game event for entity SeatEntity['Seat'/799050, l='ServerLevel[world]', x=-843.50, y=67.00, z=-2595.50] as it would cause deadlock
[08Aug2026 00:45:26.640] [Server thread/WARN] [ModernFix/]: Skipped emitting ENTITY_MOUNT game event for entity SeatEntity['Seat'/799093, l='ServerLevel[world]', x=-843.50, y=67.00, z=-2595.50] as it would cause deadlock
[08Aug2026 00:45:27.031] [Server thread/WARN] [ModernFix/]: Skipped emitting ENTITY_MOUNT game event for entity SeatEntity['Seat'/799144, l='ServerLevel[world]', x=-843.50, y=67.00, z=-2595.50] as it would cause deadlock
[08Aug2026 00:45:28.176] [Server thread/WARN] [ModernFix/]: Skipped emitting ENTITY_MOUNT game event for entity SeatEntity['Seat'/799409, l='ServerLevel[world]', x=-843.50, y=67.00, z=-2595.50] as it would cause deadlock
[08Aug2026 00:45:30.064] [Server thread/WARN] [ModernFix/]: Skipped emitting ENTITY_MOUNT game event for entity SeatEntity['Seat'/799775, l='ServerLevel[world]', x=-843.50, y=67.00, z=-2595.50] as it would cause deadlock
[08Aug2026 00:45:31.565] [Server thread/WARN] [ModernFix/]: Skipped emitting ENTITY_MOUNT game event for entity SeatEntity['Seat'/800074, l='ServerLevel[world]', x=-843.50, y=67.00, z=-2595.50] as it would cause deadlock
[08Aug2026 00:45:31.793] [Server thread/WARN] [ModernFix/]: Skipped emitting ENTITY_MOUNT game event for entity SeatEntity['Seat'/800086, l='ServerLevel[world]', x=-843.50, y=67.00, z=-2595.50] as it would cause deadlock
[08Aug2026 00:45:32.178] [Server thread/WARN] [ModernFix/]: Skipped emitting ENTITY_MOUNT game event for entity SeatEntity['Seat'/800128, l='ServerLevel[world]', x=-843.50, y=67.00, z=-2595.50] as it would cause deadlock
[08Aug2026 00:45:32.401] [Server thread/WARN] [ModernFix/]: Skipped emitting ENTITY_MOUNT game event for entity SeatEntity['Seat'/800190, l='ServerLevel[world]', x=-843.50, y=67.00, z=-2595.50] as it would cause deadlock
[08Aug2026 00:45:32.816] [Server thread/WARN] [ModernFix/]: Skipped emitting ENTITY_MOUNT game event for entity SeatEntity['Seat'/800287, l='ServerLevel[world]', x=-843.50, y=67.00, z=-2595.50] as it would cause deadlock
[08Aug2026 00:45:33.011] [Server thread/WARN] [ModernFix/]: Skipped emitting ENTITY_MOUNT game event for entity SeatEntity['Seat'/800290, l='ServerLevel[world]', x=-843.50, y=67.00, z=-2595.50] as it would cause deadlock
[08Aug2026 00:45:33.217] [Server thread/WARN] [ModernFix/]: Skipped emitting ENTITY_MOUNT game event for entity SeatEntity['Seat'/800343, l='ServerLevel[world]', x=-843.50, y=67.00, z=-2595.50] as it would cause deadlock
[08Aug2026 00:45:33.860] [Server thread/WARN] [ModernFix/]: Skipped emitting ENTITY_MOUNT game event for entity SeatEntity['Seat'/800430, l='ServerLevel[world]', x=-843.50, y=67.00, z=-2595.50] as it would cause deadlock
[08Aug2026 00:45:35.021] [Server thread/WARN] [ModernFix/]: Skipped emitting ENTITY_MOUNT game event for entity SeatEntity['Seat'/800655, l='ServerLevel[world]', x=-843.50, y=67.00, z=-2595.50] as it would cause deadlock
[08Aug2026 00:45:35.466] [Server thread/WARN] [ModernFix/]: Skipped emitting ENTITY_MOUNT game event for entity SeatEntity['Seat'/800710, l='ServerLevel[world]', x=-843.50, y=67.00, z=-2595.50] as it would cause deadlock
[08Aug2026 00:45:35.672] [Server thread/WARN] [ModernFix/]: Skipped emitting ENTITY_MOUNT game event for entity SeatEntity['Seat'/800761, l='ServerLevel[world]', x=-843.50, y=67.00, z=-2595.50] as it would cause deadlock
[08Aug2026 00:45:36.038] [Server thread/WARN] [ModernFix/]: Skipped emitting ENTITY_MOUNT game event for entity SeatEntity['Seat'/800817, l='ServerLevel[world]', x=-843.50, y=67.00, z=-2595.50] as it would cause deadlock
[08Aug2026 00:45:37.659] [Server thread/WARN] [ModernFix/]: Skipped emitting ENTITY_MOUNT game event for entity SeatEntity['Seat'/801141, l='ServerLevel[world]', x=-843.50, y=67.00, z=-2595.50] as it would cause deadlock
[08Aug2026 00:45:38.488] [Server thread/WARN] [ModernFix/]: Skipped emitting ENTITY_MOUNT game event for entity SeatEntity['Seat'/801272, l='ServerLevel[world]', x=-843.50, y=67.00, z=-2595.50] as it would cause deadlock
[08Aug2026 00:45:38.917] [Server thread/WARN] [ModernFix/]: Skipped emitting ENTITY_MOUNT game event for entity SeatEntity['Seat'/801345, l='ServerLevel[world]', x=-843.50, y=67.00, z=-2595.50] as it would cause deadlock
[08Aug2026 00:45:40.587] [Server thread/WARN] [ModernFix/]: Skipped emitting ENTITY_MOUNT game event for entity SeatEntity['Seat'/801590, l='ServerLevel[world]', x=-843.50, y=67.00, z=-2595.50] as it would cause deadlock
[08Aug2026 00:45:40.735] [Server thread/WARN] [ModernFix/]: Skipped emitting ENTITY_MOUNT game event for entity SeatEntity['Seat'/801641, l='ServerLevel[world]', x=-843.50, y=67.00, z=-2595.50] as it would cause deadlock
[08Aug2026 00:45:41.128] [Server thread/WARN] [ModernFix/]: Skipped emitting ENTITY_MOUNT game event for entity SeatEntity['Seat'/801653, l='ServerLevel[world]', x=-843.50, y=67.00, z=-2595.50] as it would cause deadlock
[08Aug2026 00:45:41.474] [Server thread/WARN] [net.minecraft.server.MinecraftServer/]: Can't keep up! Is the server overloaded? Running 2008ms or 40 ticks behind
[08Aug2026 00:45:41.934] [Server thread/WARN] [ModernFix/]: Skipped emitting ENTITY_MOUNT game event for entity SeatEntity['Seat'/801813, l='ServerLevel[world]', x=-843.50, y=67.00, z=-2595.50] as it would cause deadlock
[08Aug2026 00:45:42.269] [Server thread/WARN] [ModernFix/]: Skipped emitting ENTITY_MOUNT game event for entity SeatEntity['Seat'/801830, l='ServerLevel[world]', x=-843.50, y=67.00, z=-2595.50] as it would cause deadlock
[08Aug2026 00:45:43.630] [Server thread/WARN] [ModernFix/]: Skipped emitting ENTITY_MOUNT game event for entity SeatEntity['Seat'/802045, l='ServerLevel[world]', x=-843.50, y=67.00, z=-2595.50] as it would cause deadlock
[08Aug2026 00:45:44.461] [Server thread/WARN] [ModernFix/]: Skipped emitting ENTITY_MOUNT game event for entity SeatEntity['Seat'/802162, l='ServerLevel[world]', x=-843.50, y=67.00, z=-2595.50] as it would cause deadlock
[08Aug2026 00:45:45.345] [Server thread/WARN] [ModernFix/]: Skipped emitting ENTITY_MOUNT game event for entity SeatEntity['Seat'/802293, l='ServerLevel[world]', x=-843.50, y=67.00, z=-2595.50] as it would cause deadlock
[08Aug2026 00:45:45.539] [Server thread/WARN] [ModernFix/]: Skipped emitting ENTITY_MOUNT game event for entity SeatEntity['Seat'/802347, l='ServerLevel[world]', x=-843.50, y=67.00, z=-2595.50] as it would cause deadlock
[08Aug2026 00:45:45.928] [Server thread/WARN] [ModernFix/]: Skipped emitting ENTITY_MOUNT game event for entity SeatEntity['Seat'/802453, l='ServerLevel[world]', x=-843.50, y=67.00, z=-2595.50] as it would cause deadlock
[08Aug2026 00:45:46.186] [Server thread/WARN] [ModernFix/]: Skipped emitting ENTITY_MOUNT game event for entity SeatEntity['Seat'/802493, l='ServerLevel[world]', x=-843.50, y=67.00, z=-2595.50] as it would cause deadlock
[08Aug2026 00:45:46.778] [Server thread/WARN] [ModernFix/]: Skipped emitting ENTITY_MOUNT game event for entity SeatEntity['Seat'/802620, l='ServerLevel[world]', x=-843.50, y=67.00, z=-2595.50] as it would cause deadlock
[08Aug2026 00:45:47.599] [Server thread/WARN] [ModernFix/]: Skipped emitting ENTITY_MOUNT game event for entity SeatEntity['Seat'/802750, l='ServerLevel[world]', x=-843.50, y=67.00, z=-2595.50] as it would cause deadlock
[08Aug2026 00:45:47.742] [Server thread/WARN] [ModernFix/]: Skipped emitting ENTITY_MOUNT game event for entity SeatEntity['Seat'/802755, l='ServerLevel[world]', x=-843.50, y=67.00, z=-2595.50] as it would cause deadlock
[08Aug2026 00:45:48.326] [Server thread/WARN] [ModernFix/]: Skipped emitting ENTITY_MOUNT game event for entity SeatEntity['Seat'/802892, l='ServerLevel[world]', x=-843.50, y=67.00, z=-2595.50] as it would cause deadlock
[08Aug2026 00:45:49.496] [Server thread/WARN] [ModernFix/]: Skipped emitting ENTITY_MOUNT game event for entity SeatEntity['Seat'/803121, l='ServerLevel[world]', x=-843.50, y=67.00, z=-2595.50] as it would cause deadlock
[08Aug2026 00:45:50.569] [Server thread/WARN] [ModernFix/]: Skipped emitting ENTITY_MOUNT game event for entity SeatEntity['Seat'/803302, l='ServerLevel[world]', x=-843.50, y=67.00, z=-2595.50] as it would cause deadlock
[08Aug2026 00:45:51.096] [Server thread/WARN] [ModernFix/]: Skipped emitting ENTITY_MOUNT game event for entity SeatEntity['Seat'/803381, l='ServerLevel[world]', x=-843.50, y=67.00, z=-2595.50] as it would cause deadlock
[08Aug2026 00:45:52.123] [Server thread/WARN] [ModernFix/]: Skipped emitting ENTITY_MOUNT game event for entity SeatEntity['Seat'/803567, l='ServerLevel[world]', x=-843.50, y=67.00, z=-2595.50] as it would cause deadlock
[08Aug2026 00:45:52.953] [Server thread/WARN] [ModernFix/]: Skipped emitting ENTITY_MOUNT game event for entity SeatEntity['Seat'/803758, l='ServerLevel[world]', x=-843.50, y=67.00, z=-2595.50] as it would cause deadlock
[08Aug2026 00:45:55.289] [Server thread/WARN] [ModernFix/]: Skipped emitting ENTITY_MOUNT game event for entity SeatEntity['Seat'/804145, l='ServerLevel[world]', x=-843.50, y=67.00, z=-2595.50] as it would cause deadlock
[08Aug2026 00:45:55.566] [Server thread/WARN] [ModernFix/]: Skipped emitting ENTITY_MOUNT game event for entity SeatEntity['Seat'/804198, l='ServerLevel[world]', x=-843.50, y=67.00, z=-2595.50] as it would cause deadlock
[08Aug2026 00:45:55.835] [Server thread/WARN] [ModernFix/]: Skipped emitting ENTITY_MOUNT game event for entity SeatEntity['Seat'/804230, l='ServerLevel[world]', x=-843.50, y=67.00, z=-2595.50] as it would cause deadlock
[08Aug2026 00:45:58.957] [Server thread/WARN] [ModernFix/]: Skipped emitting ENTITY_MOUNT game event for entity SeatEntity['Seat'/804750, l='ServerLevel[world]', x=-843.50, y=67.00, z=-2595.50] as it would cause deadlock
[08Aug2026 00:45:59.285] [Server thread/WARN] [ModernFix/]: Skipped emitting ENTITY_MOUNT game event for entity SeatEntity['Seat'/804877, l='ServerLevel[world]', x=-843.50, y=67.00, z=-2595.50] as it would cause deadlock
[08Aug2026 00:45:59.793] [Server thread/WARN] [ModernFix/]: Skipped emitting ENTITY_MOUNT game event for entity SeatEntity['Seat'/804979, l='ServerLevel[world]', x=-843.50, y=67.00, z=-2595.50] as it would cause deadlock
[08Aug2026 00:46:00.111] [Server thread/WARN] [ModernFix/]: Skipped emitting ENTITY_MOUNT game event for entity SeatEntity['Seat'/804985, l='ServerLevel[world]', x=-843.50, y=67.00, z=-2595.50] as it would cause deadlock
[08Aug2026 00:46:00.891] [Server thread/WARN] [ModernFix/]: Skipped emitting ENTITY_MOUNT game event for entity SeatEntity['Seat'/805161, l='ServerLevel[world]', x=-843.50, y=67.00, z=-2595.50] as it would cause deadlock
[08Aug2026 00:46:01.698] [Server thread/WARN] [ModernFix/]: Skipped emitting ENTITY_MOUNT game event for entity SeatEntity['Seat'/805258, l='ServerLevel[world]', x=-843.50, y=67.00, z=-2595.50] as it would cause deadlock
[08Aug2026 00:46:03.361] [Server thread/WARN] [ModernFix/]: Skipped emitting ENTITY_MOUNT game event for entity SeatEntity['Seat'/805555, l='ServerLevel[world]', x=-843.50, y=67.00, z=-2595.50] as it would cause deadlock
[08Aug2026 00:46:06.035] [Server thread/WARN] [ModernFix/]: Skipped emitting ENTITY_MOUNT game event for entity SeatEntity['Seat'/805946, l='ServerLevel[world]', x=-843.50, y=67.00, z=-2595.50] as it would cause deadlock
[08Aug2026 00:46:06.682] [Server thread/WARN] [ModernFix/]: Skipped emitting ENTITY_MOUNT game event for entity SeatEntity['Seat'/806062, l='ServerLevel[world]', x=-843.50, y=67.00, z=-2595.50] as it would cause deadlock
[08Aug2026 00:46:06.964] [Server thread/WARN] [ModernFix/]: Skipped emitting ENTITY_MOUNT game event for entity SeatEntity['Seat'/806116, l='ServerLevel[world]', x=-843.50, y=67.00, z=-2595.50] as it would cause deadlock
[08Aug2026 00:46:08.522] [Server thread/WARN] [ModernFix/]: Skipped emitting ENTITY_MOUNT game event for entity SeatEntity['Seat'/806313, l='ServerLevel[world]', x=-843.50, y=67.00, z=-2595.50] as it would cause deadlock
[08Aug2026 00:46:09.813] [Server thread/WARN] [ModernFix/]: Skipped emitting ENTITY_MOUNT game event for entity SeatEntity['Seat'/806512, l='ServerLevel[world]', x=-843.50, y=67.00, z=-2595.50] as it would cause deadlock
[08Aug2026 00:46:10.075] [Server thread/WARN] [net.minecraft.server.MinecraftServer/]: Can't keep up! Is the server overloaded? Running 2010ms or 40 ticks behind
[08Aug2026 00:46:10.145] [Server thread/WARN] [ModernFix/]: Skipped emitting ENTITY_MOUNT game event for entity SeatEntity['Seat'/806519, l='ServerLevel[world]', x=-843.50, y=67.00, z=-2595.50] as it would cause deadlock
[08Aug2026 00:46:11.681] [Server thread/WARN] [ModernFix/]: Skipped emitting ENTITY_MOUNT game event for entity SeatEntity['Seat'/806707, l='ServerLevel[world]', x=-843.50, y=67.00, z=-2595.50] as it would cause deadlock
[08Aug2026 00:46:12.063] [Server thread/WARN] [ModernFix/]: Skipped emitting ENTITY_MOUNT game event for entity SeatEntity['Seat'/806731, l='ServerLevel[world]', x=-843.50, y=67.00, z=-2595.50] as it would cause deadlock
[08Aug2026 00:46:12.544] [Server thread/WARN] [ModernFix/]: Skipped emitting ENTITY_MOUNT game event for entity SeatEntity['Seat'/806819, l='ServerLevel[world]', x=-843.50, y=67.00, z=-2595.50] as it would cause deadlock
[08Aug2026 00:46:13.790] [Server thread/WARN] [ModernFix/]: Skipped emitting ENTITY_MOUNT game event for entity SeatEntity['Seat'/806943, l='ServerLevel[world]', x=-843.50, y=67.00, z=-2595.50] as it would cause deadlock
[08Aug2026 00:46:14.457] [Server thread/WARN] [ModernFix/]: Skipped emitting ENTITY_MOUNT game event for entity SeatEntity['Seat'/807037, l='ServerLevel[world]', x=-843.50, y=67.00, z=-2595.50] as it would cause deadlock
[08Aug2026 00:46:16.285] [Server thread/WARN] [ModernFix/]: Skipped emitting ENTITY_MOUNT game event for entity SeatEntity['Seat'/807254, l='ServerLevel[world]', x=-843.50, y=67.00, z=-2595.50] as it would cause deadlock
[08Aug2026 00:46:16.545] [Server thread/WARN] [ModernFix/]: Skipped emitting ENTITY_MOUNT game event for entity SeatEntity['Seat'/807260, l='ServerLevel[world]', x=-843.50, y=67.00, z=-2595.50] as it would cause deadlock
[08Aug2026 00:46:21.095] [Server thread/WARN] [ModernFix/]: Skipped emitting ENTITY_MOUNT game event for entity SeatEntity['Seat'/808007, l='ServerLevel[world]', x=-843.50, y=67.00, z=-2595.50] as it would cause deadlock
[08Aug2026 00:46:21.254] [Server thread/WARN] [ModernFix/]: Skipped emitting ENTITY_MOUNT game event for entity SeatEntity['Seat'/808059, l='ServerLevel[world]', x=-843.50, y=67.00, z=-2595.50] as it would cause deadlock
[08Aug2026 00:46:21.687] [Server thread/WARN] [ModernFix/]: Skipped emitting ENTITY_MOUNT game event for entity SeatEntity['Seat'/808103, l='ServerLevel[world]', x=-843.50, y=67.00, z=-2595.50] as it would cause deadlock
[08Aug2026 00:46:22.405] [Server thread/WARN] [ModernFix/]: Skipped emitting ENTITY_MOUNT game event for entity SeatEntity['Seat'/808246, l='ServerLevel[world]', x=-843.50, y=67.00, z=-2595.50] as it would cause deadlock
[08Aug2026 00:46:22.721] [Server thread/WARN] [ModernFix/]: Skipped emitting ENTITY_MOUNT game event for entity SeatEntity['Seat'/808299, l='ServerLevel[world]', x=-843.50, y=67.00, z=-2595.50] as it would cause deadlock
[08Aug2026 00:46:23.255] [Server thread/WARN] [ModernFix/]: Skipped emitting ENTITY_MOUNT game event for entity SeatEntity['Seat'/808375, l='ServerLevel[world]', x=-843.50, y=67.00, z=-2595.50] as it would cause deadlock
[08Aug2026 00:46:25.375] [Server thread/WARN] [ModernFix/]: Skipped emitting ENTITY_MOUNT game event for entity SeatEntity['Seat'/808685, l='ServerLevel[world]', x=-843.50, y=67.00, z=-2595.50] as it would cause deadlock
[08Aug2026 00:46:25.628] [Server thread/WARN] [ModernFix/]: Skipped emitting ENTITY_MOUNT game event for entity SeatEntity['Seat'/808737, l='ServerLevel[world]', x=-843.50, y=67.00, z=-2595.50] as it would cause deadlock
[08Aug2026 00:46:26.247] [Server thread/WARN] [ModernFix/]: Skipped emitting ENTITY_MOUNT game event for entity SeatEntity['Seat'/808861, l='ServerLevel[world]', x=-843.50, y=67.00, z=-2595.50] as it would cause deadlock
[08Aug2026 00:46:26.855] [Server thread/WARN] [ModernFix/]: Skipped emitting ENTITY_MOUNT game event for entity SeatEntity['Seat'/808948, l='ServerLevel[world]', x=-843.50, y=67.00, z=-2595.50] as it would cause deadlock
[08Aug2026 00:46:28.299] [Server thread/WARN] [ModernFix/]: Skipped emitting ENTITY_MOUNT game event for entity SeatEntity['Seat'/809260, l='ServerLevel[world]', x=-843.50, y=67.00, z=-2595.50] as it would cause deadlock
[08Aug2026 00:46:28.398] [Server thread/WARN] [net.minecraft.server.MinecraftServer/]: Can't keep up! Is the server overloaded? Running 3333ms or 66 ticks behind
[08Aug2026 00:46:28.491] [Server thread/WARN] [ModernFix/]: Skipped emitting ENTITY_MOUNT game event for entity SeatEntity['Seat'/809282, l='ServerLevel[world]', x=-843.50, y=67.00, z=-2595.50] as it would cause deadlock
[08Aug2026 00:46:29.130] [Server thread/WARN] [ModernFix/]: Skipped emitting ENTITY_MOUNT game event for entity SeatEntity['Seat'/809359, l='ServerLevel[world]', x=-843.50, y=67.00, z=-2595.50] as it would cause deadlock
[08Aug2026 00:46:29.625] [Server thread/WARN] [ModernFix/]: Skipped emitting ENTITY_MOUNT game event for entity SeatEntity['Seat'/809465, l='ServerLevel[world]', x=-843.50, y=67.00, z=-2595.50] as it would cause deadlock
[08Aug2026 00:46:30.943] [Server thread/WARN] [ModernFix/]: Skipped emitting ENTITY_MOUNT game event for entity SeatEntity['Seat'/809681, l='ServerLevel[world]', x=-843.50, y=67.00, z=-2595.50] as it would cause deadlock
[08Aug2026 00:46:31.743] [Server thread/WARN] [ModernFix/]: Skipped emitting ENTITY_MOUNT game event for entity SeatEntity['Seat'/809852, l='ServerLevel[world]', x=-843.50, y=67.00, z=-2595.50] as it would cause deadlock
[08Aug2026 00:46:32.154] [Server thread/WARN] [ModernFix/]: Skipped emitting ENTITY_MOUNT game event for entity SeatEntity['Seat'/809891, l='ServerLevel[world]', x=-843.50, y=67.00, z=-2595.50] as it would cause deadlock
[08Aug2026 00:46:32.942] [Server thread/WARN] [ModernFix/]: Skipped emitting ENTITY_MOUNT game event for entity SeatEntity['Seat'/810026, l='ServerLevel[world]', x=-843.50, y=67.00, z=-2595.50] as it would cause deadlock
[08Aug2026 00:46:33.614] [Server thread/WARN] [ModernFix/]: Skipped emitting ENTITY_MOUNT game event for entity SeatEntity['Seat'/810121, l='ServerLevel[world]', x=-843.50, y=67.00, z=-2595.50] as it would cause deadlock
[08Aug2026 00:46:33.946] [Server thread/WARN] [ModernFix/]: Skipped emitting ENTITY_MOUNT game event for entity SeatEntity['Seat'/810195, l='ServerLevel[world]', x=-843.50, y=67.00, z=-2595.50] as it would cause deadlock
[08Aug2026 00:46:34.187] [Server thread/WARN] [ModernFix/]: Skipped emitting ENTITY_MOUNT game event for entity SeatEntity['Seat'/810249, l='ServerLevel[world]', x=-843.50, y=67.00, z=-2595.50] as it would cause deadlock
[08Aug2026 00:46:34.590] [Server thread/WARN] [ModernFix/]: Skipped emitting ENTITY_MOUNT game event for entity SeatEntity['Seat'/810331, l='ServerLevel[world]', x=-843.50, y=67.00, z=-2595.50] as it would cause deadlock
[08Aug2026 00:46:34.818] [Server thread/WARN] [ModernFix/]: Skipped emitting ENTITY_MOUNT game event for entity SeatEntity['Seat'/810371, l='ServerLevel[world]', x=-843.50, y=67.00, z=-2595.50] as it would cause deadlock
[08Aug2026 00:46:35.049] [Server thread/WARN] [ModernFix/]: Skipped emitting ENTITY_MOUNT game event for entity SeatEntity['Seat'/810423, l='ServerLevel[world]', x=-843.50, y=67.00, z=-2595.50] as it would cause deadlock
[08Aug2026 00:46:35.775] [Server thread/WARN] [ModernFix/]: Skipped emitting ENTITY_MOUNT game event for entity SeatEntity['Seat'/810557, l='ServerLevel[world]', x=-843.50, y=67.00, z=-2595.50] as it would cause deadlock
[08Aug2026 00:46:36.032] [Server thread/WARN] [ModernFix/]: Skipped emitting ENTITY_MOUNT game event for entity SeatEntity['Seat'/810609, l='ServerLevel[world]', x=-843.50, y=67.00, z=-2595.50] as it would cause deadlock
[08Aug2026 00:46:36.220] [Server thread/WARN] [ModernFix/]: Skipped emitting ENTITY_MOUNT game event for entity SeatEntity['Seat'/810660, l='ServerLevel[world]', x=-843.50, y=67.00, z=-2595.50] as it would cause deadlock
[08Aug2026 00:46:36.643] [Server thread/WARN] [ModernFix/]: Skipped emitting ENTITY_MOUNT game event for entity SeatEntity['Seat'/810695, l='ServerLevel[world]', x=-843.50, y=67.00, z=-2595.50] as it would cause deadlock
[08Aug2026 00:46:37.031] [Server thread/WARN] [ModernFix/]: Skipped emitting ENTITY_MOUNT game event for entity SeatEntity['Seat'/810751, l='ServerLevel[world]', x=-843.50, y=67.00, z=-2595.50] as it would cause deadlock
[08Aug2026 00:46:37.460] [Server thread/WARN] [ModernFix/]: Skipped emitting ENTITY_MOUNT game event for entity SeatEntity['Seat'/810814, l='ServerLevel[world]', x=-843.50, y=67.00, z=-2595.50] as it would cause deadlock
[08Aug2026 00:46:38.833] [Server thread/WARN] [ModernFix/]: Skipped emitting ENTITY_MOUNT game event for entity SeatEntity['Seat'/810926, l='ServerLevel[world]', x=-843.50, y=67.00, z=-2595.50] as it would cause deadlock
[08Aug2026 00:46:39.502] [Server thread/WARN] [ModernFix/]: Skipped emitting ENTITY_MOUNT game event for entity SeatEntity['Seat'/811043, l='ServerLevel[world]', x=-843.50, y=67.00, z=-2595.50] as it would cause deadlock
[08Aug2026 00:46:40.136] [Server thread/WARN] [ModernFix/]: Skipped emitting ENTITY_MOUNT game event for entity SeatEntity['Seat'/811207, l='ServerLevel[world]', x=-843.50, y=67.00, z=-2595.50] as it would cause deadlock
[08Aug2026 00:46:41.581] [Server thread/WARN] [ModernFix/]: Skipped emitting ENTITY_MOUNT game event for entity SeatEntity['Seat'/811381, l='ServerLevel[world]', x=-843.50, y=67.00, z=-2595.50] as it would cause deadlock
[08Aug2026 00:46:41.782] [Server thread/WARN] [ModernFix/]: Skipped emitting ENTITY_MOUNT game event for entity SeatEntity['Seat'/811387, l='ServerLevel[world]', x=-843.50, y=67.00, z=-2595.50] as it would cause deadlock
[08Aug2026 00:46:42.671] [Server thread/WARN] [ModernFix/]: Skipped emitting ENTITY_MOUNT game event for entity SeatEntity['Seat'/811523, l='ServerLevel[world]', x=-843.50, y=67.00, z=-2595.50] as it would cause deadlock
[08Aug2026 00:46:43.627] [Server thread/WARN] [ModernFix/]: Skipped emitting ENTITY_MOUNT game event for entity SeatEntity['Seat'/811708, l='ServerLevel[world]', x=-843.50, y=67.00, z=-2595.50] as it would cause deadlock
[08Aug2026 00:46:44.414] [Server thread/WARN] [ModernFix/]: Skipped emitting ENTITY_MOUNT game event for entity SeatEntity['Seat'/811811, l='ServerLevel[world]', x=-843.50, y=67.00, z=-2595.50] as it would cause deadlock
[08Aug2026 00:46:44.668] [Server thread/WARN] [ModernFix/]: Skipped emitting ENTITY_MOUNT game event for entity SeatEntity['Seat'/811867, l='ServerLevel[world]', x=-843.50, y=67.00, z=-2595.50] as it would cause deadlock
[08Aug2026 00:46:44.937] [Server thread/WARN] [ModernFix/]: Skipped emitting ENTITY_MOUNT game event for entity SeatEntity['Seat'/811924, l='ServerLevel[world]', x=-843.50, y=67.00, z=-2595.50] as it would cause deadlock
[08Aug2026 00:46:45.521] [Server thread/WARN] [ModernFix/]: Skipped emitting ENTITY_MOUNT game event for entity SeatEntity['Seat'/812010, l='ServerLevel[world]', x=-843.50, y=67.00, z=-2595.50] as it would cause deadlock
[08Aug2026 00:46:46.180] [Server thread/WARN] [ModernFix/]: Skipped emitting ENTITY_MOUNT game event for entity SeatEntity['Seat'/812108, l='ServerLevel[world]', x=-843.50, y=67.00, z=-2595.50] as it would cause deadlock
[08Aug2026 00:46:46.743] [Server thread/WARN] [ModernFix/]: Skipped emitting ENTITY_MOUNT game event for entity SeatEntity['Seat'/812263, l='ServerLevel[world]', x=-843.50, y=67.00, z=-2595.50] as it would cause deadlock
[08Aug2026 00:46:46.941] [Server thread/WARN] [ModernFix/]: Skipped emitting ENTITY_MOUNT game event for entity SeatEntity['Seat'/812278, l='ServerLevel[world]', x=-843.50, y=67.00, z=-2595.50] as it would cause deadlock
[08Aug2026 00:46:47.139] [Server thread/WARN] [ModernFix/]: Skipped emitting ENTITY_MOUNT game event for entity SeatEntity['Seat'/812317, l='ServerLevel[world]', x=-843.50, y=67.00, z=-2595.50] as it would cause deadlock
[08Aug2026 00:46:47.381] [Server thread/WARN] [ModernFix/]: Skipped emitting ENTITY_MOUNT game event for entity SeatEntity['Seat'/812369, l='ServerLevel[world]', x=-843.50, y=67.00, z=-2595.50] as it would cause deadlock
[08Aug2026 00:46:47.547] [Server thread/WARN] [ModernFix/]: Skipped emitting ENTITY_MOUNT game event for entity SeatEntity['Seat'/812376, l='ServerLevel[world]', x=-843.50, y=67.00, z=-2595.50] as it would cause deadlock
[08Aug2026 00:46:49.000] [Server thread/WARN] [ModernFix/]: Skipped emitting ENTITY_MOUNT game event for entity SeatEntity['Seat'/812576, l='ServerLevel[world]', x=-843.50, y=67.00, z=-2595.50] as it would cause deadlock
[08Aug2026 00:46:49.198] [Server thread/WARN] [ModernFix/]: Skipped emitting ENTITY_MOUNT game event for entity SeatEntity['Seat'/812617, l='ServerLevel[world]', x=-843.50, y=67.00, z=-2595.50] as it would cause deadlock
[08Aug2026 00:46:49.432] [Server thread/WARN] [ModernFix/]: Skipped emitting ENTITY_MOUNT game event for entity SeatEntity['Seat'/812623, l='ServerLevel[world]', x=-843.50, y=67.00, z=-2595.50] as it would cause deadlock
[08Aug2026 00:46:49.639] [Server thread/WARN] [ModernFix/]: Skipped emitting ENTITY_MOUNT game event for entity SeatEntity['Seat'/812722, l='ServerLevel[world]', x=-843.50, y=67.00, z=-2595.50] as it would cause deadlock
[08Aug2026 00:46:50.667] [Server thread/WARN] [ModernFix/]: Skipped emitting ENTITY_MOUNT game event for entity SeatEntity['Seat'/812893, l='ServerLevel[world]', x=-843.50, y=67.00, z=-2595.50] as it would cause deadlock
[08Aug2026 00:46:51.018] [Server thread/WARN] [ModernFix/]: Skipped emitting ENTITY_MOUNT game event for entity SeatEntity['Seat'/812946, l='ServerLevel[world]', x=-843.50, y=67.00, z=-2595.50] as it would cause deadlock
[08Aug2026 00:46:51.545] [Server thread/WARN] [ModernFix/]: Skipped emitting ENTITY_MOUNT game event for entity SeatEntity['Seat'/813056, l='ServerLevel[world]', x=-843.50, y=67.00, z=-2595.50] as it would cause deadlock
[08Aug2026 00:46:52.634] [Server thread/WARN] [ModernFix/]: Skipped emitting ENTITY_MOUNT game event for entity SeatEntity['Seat'/813201, l='ServerLevel[world]', x=-843.50, y=67.00, z=-2595.50] as it would cause deadlock
[08Aug2026 00:46:52.849] [Server thread/WARN] [ModernFix/]: Skipped emitting ENTITY_MOUNT game event for entity SeatEntity['Seat'/813255, l='ServerLevel[world]', x=-843.50, y=67.00, z=-2595.50] as it would cause deadlock
[08Aug2026 00:46:54.753] [Server thread/WARN] [ModernFix/]: Skipped emitting ENTITY_MOUNT game event for entity SeatEntity['Seat'/813477, l='ServerLevel[world]', x=-843.50, y=67.00, z=-2595.50] as it would cause deadlock
[08Aug2026 00:46:55.541] [Server thread/WARN] [ModernFix/]: Skipped emitting ENTITY_MOUNT game event for entity SeatEntity['Seat'/813554, l='ServerLevel[world]', x=-843.50, y=67.00, z=-2595.50] as it would cause deadlock
[08Aug2026 00:46:57.248] [Server thread/WARN] [ModernFix/]: Skipped emitting ENTITY_MOUNT game event for entity SeatEntity['Seat'/813747, l='ServerLevel[world]', x=-843.50, y=67.00, z=-2595.50] as it would cause deadlock
[08Aug2026 00:46:57.496] [Server thread/WARN] [ModernFix/]: Skipped emitting ENTITY_MOUNT game event for entity SeatEntity['Seat'/813776, l='ServerLevel[world]', x=-843.50, y=67.00, z=-2595.50] as it would cause deadlock
[08Aug2026 00:46:57.958] [Server thread/WARN] [ModernFix/]: Skipped emitting ENTITY_MOUNT game event for entity SeatEntity['Seat'/813824, l='ServerLevel[world]', x=-843.50, y=67.00, z=-2595.50] as it would cause deadlock
[08Aug2026 00:47:01.209] [Server thread/WARN] [ModernFix/]: Skipped emitting ENTITY_MOUNT game event for entity SeatEntity['Seat'/814186, l='ServerLevel[world]', x=-843.50, y=67.00, z=-2595.50] as it would cause deadlock
[08Aug2026 00:47:01.672] [Server thread/WARN] [ModernFix/]: Skipped emitting ENTITY_MOUNT game event for entity SeatEntity['Seat'/814252, l='ServerLevel[world]', x=-843.50, y=67.00, z=-2595.50] as it would cause deadlock
[08Aug2026 00:47:04.060] [Server thread/WARN] [ModernFix/]: Skipped emitting ENTITY_MOUNT game event for entity SeatEntity['Seat'/814490, l='ServerLevel[world]', x=-843.50, y=67.00, z=-2595.50] as it would cause deadlock
[08Aug2026 00:47:05.248] [Server thread/WARN] [ModernFix/]: Skipped emitting ENTITY_MOUNT game event for entity SeatEntity['Seat'/814578, l='ServerLevel[world]', x=-843.50, y=67.00, z=-2595.50] as it would cause deadlock
[08Aug2026 00:47:05.961] [Server thread/WARN] [ModernFix/]: Skipped emitting ENTITY_MOUNT game event for entity SeatEntity['Seat'/814632, l='ServerLevel[world]', x=-843.50, y=67.00, z=-2595.50] as it would cause deadlock
[08Aug2026 00:47:06.743] [Server thread/WARN] [ModernFix/]: Skipped emitting ENTITY_MOUNT game event for entity SeatEntity['Seat'/814820, l='ServerLevel[world]', x=-843.50, y=67.00, z=-2595.50] as it would cause deadlock
[08Aug2026 00:47:07.164] [Server thread/WARN] [ModernFix/]: Skipped emitting ENTITY_MOUNT game event for entity SeatEntity['Seat'/814869, l='ServerLevel[world]', x=-843.50, y=67.00, z=-2595.50] as it would cause deadlock
[08Aug2026 00:47:07.668] [Server thread/WARN] [ModernFix/]: Skipped emitting ENTITY_MOUNT game event for entity SeatEntity['Seat'/814923, l='ServerLevel[world]', x=-843.50, y=67.00, z=-2595.50] as it would cause deadlock
[08Aug2026 00:47:08.532] [Server thread/WARN] [ModernFix/]: Skipped emitting ENTITY_MOUNT game event for entity SeatEntity['Seat'/815139, l='ServerLevel[world]', x=-843.50, y=67.00, z=-2595.50] as it would cause deadlock
[08Aug2026 00:47:09.079] [Server thread/WARN] [ModernFix/]: Skipped emitting ENTITY_MOUNT game event for entity SeatEntity['Seat'/815222, l='ServerLevel[world]', x=-843.50, y=67.00, z=-2595.50] as it would cause deadlock
[08Aug2026 00:47:09.596] [Server thread/WARN] [ModernFix/]: Skipped emitting ENTITY_MOUNT game event for entity SeatEntity['Seat'/815236, l='ServerLevel[world]', x=-843.50, y=67.00, z=-2595.50] as it would cause deadlock
[08Aug2026 00:47:10.523] [Server thread/WARN] [ModernFix/]: Skipped emitting ENTITY_MOUNT game event for entity SeatEntity['Seat'/815423, l='ServerLevel[world]', x=-843.50, y=67.00, z=-2595.50] as it would cause deadlock
[08Aug2026 00:47:11.165] [Server thread/WARN] [ModernFix/]: Skipped emitting ENTITY_MOUNT game event for entity SeatEntity['Seat'/815534, l='ServerLevel[world]', x=-843.50, y=67.00, z=-2595.50] as it would cause deadlock
[08Aug2026 00:47:11.524] [Server thread/WARN] [ModernFix/]: Skipped emitting ENTITY_MOUNT game event for entity SeatEntity['Seat'/815621, l='ServerLevel[world]', x=-843.50, y=67.00, z=-2595.50] as it would cause deadlock
[08Aug2026 00:47:14.156] [Server thread/WARN] [ModernFix/]: Skipped emitting ENTITY_MOUNT game event for entity SeatEntity['Seat'/816041, l='ServerLevel[world]', x=-843.50, y=67.00, z=-2595.50] as it would cause deadlock
[08Aug2026 00:47:14.503] [Server thread/WARN] [ModernFix/]: Skipped emitting ENTITY_MOUNT game event for entity SeatEntity['Seat'/816098, l='ServerLevel[world]', x=-843.50, y=67.00, z=-2595.50] as it would cause deadlock
[08Aug2026 00:47:14.903] [Server thread/WARN] [ModernFix/]: Skipped emitting ENTITY_MOUNT game event for entity SeatEntity['Seat'/816208, l='ServerLevel[world]', x=-843.50, y=67.00, z=-2595.50] as it would cause deadlock
[08Aug2026 00:47:15.138] [Server thread/WARN] [ModernFix/]: Skipped emitting ENTITY_MOUNT game event for entity SeatEntity['Seat'/816282, l='ServerLevel[world]', x=-843.50, y=67.00, z=-2595.50] as it would cause deadlock
[08Aug2026 00:47:15.421] [Server thread/WARN] [ModernFix/]: Skipped emitting ENTITY_MOUNT game event for entity SeatEntity['Seat'/816335, l='ServerLevel[world]', x=-843.50, y=67.00, z=-2595.50] as it would cause deadlock
[08Aug2026 00:47:16.623] [Server thread/WARN] [net.minecraft.server.MinecraftServer/]: Can't keep up! Is the server overloaded? Running 2008ms or 40 ticks behind
[08Aug2026 00:47:19.573] [Server thread/WARN] [ModernFix/]: Skipped emitting ENTITY_MOUNT game event for entity SeatEntity['Seat'/816998, l='ServerLevel[world]', x=-843.50, y=67.00, z=-2595.50] as it would cause deadlock
[08Aug2026 00:47:19.920] [Server thread/WARN] [ModernFix/]: Skipped emitting ENTITY_MOUNT game event for entity SeatEntity['Seat'/817058, l='ServerLevel[world]', x=-843.50, y=67.00, z=-2595.50] as it would cause deadlock
[08Aug2026 00:47:20.323] [Server thread/WARN] [ModernFix/]: Skipped emitting ENTITY_MOUNT game event for entity SeatEntity['Seat'/817062, l='ServerLevel[world]', x=-843.50, y=67.00, z=-2595.50] as it would cause deadlock
[08Aug2026 00:47:20.900] [Server thread/WARN] [ModernFix/]: Skipped emitting ENTITY_MOUNT game event for entity SeatEntity['Seat'/817160, l='ServerLevel[world]', x=-843.50, y=67.00, z=-2595.50] as it would cause deadlock
[08Aug2026 00:47:22.030] [Server thread/WARN] [ModernFix/]: Skipped emitting ENTITY_MOUNT game event for entity SeatEntity['Seat'/817340, l='ServerLevel[world]', x=-843.50, y=67.00, z=-2595.50] as it would cause deadlock
[08Aug2026 00:47:22.774] [Server thread/WARN] [ModernFix/]: Skipped emitting ENTITY_MOUNT game event for entity SeatEntity['Seat'/817480, l='ServerLevel[world]', x=-843.50, y=67.00, z=-2595.50] as it would cause deadlock
[08Aug2026 00:47:23.084] [Server thread/WARN] [ModernFix/]: Skipped emitting ENTITY_MOUNT game event for entity SeatEntity['Seat'/817497, l='ServerLevel[world]', x=-843.50, y=67.00, z=-2595.50] as it would cause deadlock
[08Aug2026 00:47:23.542] [Server thread/WARN] [ModernFix/]: Skipped emitting ENTITY_MOUNT game event for entity SeatEntity['Seat'/817545, l='ServerLevel[world]', x=-843.50, y=67.00, z=-2595.50] as it would cause deadlock
[08Aug2026 00:47:24.054] [Server thread/WARN] [ModernFix/]: Skipped emitting ENTITY_MOUNT game event for entity SeatEntity['Seat'/817694, l='ServerLevel[world]', x=-843.50, y=67.00, z=-2595.50] as it would cause deadlock
[08Aug2026 00:47:24.291] [Server thread/WARN] [ModernFix/]: Skipped emitting ENTITY_MOUNT game event for entity SeatEntity['Seat'/817769, l='ServerLevel[world]', x=-843.50, y=67.00, z=-2595.50] as it would cause deadlock
[08Aug2026 00:47:24.476] [Server thread/WARN] [ModernFix/]: Skipped emitting ENTITY_MOUNT game event for entity SeatEntity['Seat'/817786, l='ServerLevel[world]', x=-843.50, y=67.00, z=-2595.50] as it would cause deadlock
[08Aug2026 00:47:24.711] [Server thread/WARN] [ModernFix/]: Skipped emitting ENTITY_MOUNT game event for entity SeatEntity['Seat'/817841, l='ServerLevel[world]', x=-843.50, y=67.00, z=-2595.50] as it would cause deadlock
[08Aug2026 00:47:25.311] [Server thread/WARN] [ModernFix/]: Skipped emitting ENTITY_MOUNT game event for entity SeatEntity['Seat'/817949, l='ServerLevel[world]', x=-843.50, y=67.00, z=-2595.50] as it would cause deadlock
[08Aug2026 00:47:25.913] [Server thread/WARN] [ModernFix/]: Skipped emitting ENTITY_MOUNT game event for entity SeatEntity['Seat'/818083, l='ServerLevel[world]', x=-843.50, y=67.00, z=-2595.50] as it would cause deadlock
[08Aug2026 00:47:26.318] [Server thread/WARN] [ModernFix/]: Skipped emitting ENTITY_MOUNT game event for entity SeatEntity['Seat'/818128, l='ServerLevel[world]', x=-843.50, y=67.00, z=-2595.50] as it would cause deadlock
[08Aug2026 00:47:27.533] [Server thread/WARN] [ModernFix/]: Skipped emitting ENTITY_MOUNT game event for entity SeatEntity['Seat'/818361, l='ServerLevel[world]', x=-843.50, y=67.00, z=-2595.50] as it would cause deadlock
[08Aug2026 00:47:28.434] [Server thread/WARN] [ModernFix/]: Skipped emitting ENTITY_MOUNT game event for entity SeatEntity['Seat'/818541, l='ServerLevel[world]', x=-843.50, y=67.00, z=-2595.50] as it would cause deadlock
[08Aug2026 00:47:28.723] [Server thread/WARN] [ModernFix/]: Skipped emitting ENTITY_MOUNT game event for entity SeatEntity['Seat'/818634, l='ServerLevel[world]', x=-843.50, y=67.00, z=-2595.50] as it would cause deadlock
[08Aug2026 00:47:29.398] [Server thread/WARN] [ModernFix/]: Skipped emitting ENTITY_MOUNT game event for entity SeatEntity['Seat'/818794, l='ServerLevel[world]', x=-843.50, y=67.00, z=-2595.50] as it would cause deadlock
[08Aug2026 00:47:30.243] [Server thread/WARN] [ModernFix/]: Skipped emitting ENTITY_MOUNT game event for entity SeatEntity['Seat'/818923, l='ServerLevel[world]', x=-843.50, y=67.00, z=-2595.50] as it would cause deadlock
[08Aug2026 00:47:30.582] [Server thread/WARN] [ModernFix/]: Skipped emitting ENTITY_MOUNT game event for entity SeatEntity['Seat'/818971, l='ServerLevel[world]', x=-843.50, y=67.00, z=-2595.50] as it would cause deadlock
[08Aug2026 00:47:30.803] [Server thread/WARN] [ModernFix/]: Skipped emitting ENTITY_MOUNT game event for entity SeatEntity['Seat'/819057, l='ServerLevel[world]', x=-843.50, y=67.00, z=-2595.50] as it would cause deadlock
[08Aug2026 00:47:31.007] [Server thread/WARN] [ModernFix/]: Skipped emitting ENTITY_MOUNT game event for entity SeatEntity['Seat'/819112, l='ServerLevel[world]', x=-843.50, y=67.00, z=-2595.50] as it would cause deadlock
[08Aug2026 00:47:31.799] [Server thread/WARN] [ModernFix/]: Skipped emitting ENTITY_MOUNT game event for entity SeatEntity['Seat'/819293, l='ServerLevel[world]', x=-843.50, y=67.00, z=-2595.50] as it would cause deadlock
[08Aug2026 00:47:32.013] [Server thread/WARN] [ModernFix/]: Skipped emitting ENTITY_MOUNT game event for entity SeatEntity['Seat'/819343, l='ServerLevel[world]', x=-843.50, y=67.00, z=-2595.50] as it would cause deadlock
[08Aug2026 00:47:32.625] [Server thread/WARN] [ModernFix/]: Skipped emitting ENTITY_MOUNT game event for entity SeatEntity['Seat'/819440, l='ServerLevel[world]', x=-843.50, y=67.00, z=-2595.50] as it would cause deadlock
[08Aug2026 00:47:33.166] [Server thread/WARN] [ModernFix/]: Skipped emitting ENTITY_MOUNT game event for entity SeatEntity['Seat'/819568, l='ServerLevel[world]', x=-843.50, y=67.00, z=-2595.50] as it would cause deadlock
[08Aug2026 00:47:33.481] [Server thread/WARN] [ModernFix/]: Skipped emitting ENTITY_MOUNT game event for entity SeatEntity['Seat'/819626, l='ServerLevel[world]', x=-843.50, y=67.00, z=-2595.50] as it would cause deadlock
[08Aug2026 00:47:34.509] [Server thread/WARN] [ModernFix/]: Skipped emitting ENTITY_MOUNT game event for entity SeatEntity['Seat'/819785, l='ServerLevel[world]', x=-843.50, y=67.00, z=-2595.50] as it would cause deadlock
[08Aug2026 00:47:35.471] [Server thread/WARN] [ModernFix/]: Skipped emitting ENTITY_MOUNT game event for entity SeatEntity['Seat'/819962, l='ServerLevel[world]', x=-843.50, y=67.00, z=-2595.50] as it would cause deadlock
[08Aug2026 00:47:35.961] [Server thread/WARN] [ModernFix/]: Skipped emitting ENTITY_MOUNT game event for entity SeatEntity['Seat'/820070, l='ServerLevel[world]', x=-843.50, y=67.00, z=-2595.50] as it would cause deadlock
[08Aug2026 00:47:36.367] [Server thread/WARN] [ModernFix/]: Skipped emitting ENTITY_MOUNT game event for entity SeatEntity['Seat'/820119, l='ServerLevel[world]', x=-843.50, y=67.00, z=-2595.50] as it would cause deadlock
[08Aug2026 00:47:37.263] [Server thread/WARN] [ModernFix/]: Skipped emitting ENTITY_MOUNT game event for entity SeatEntity['Seat'/820222, l='ServerLevel[world]', x=-843.50, y=67.00, z=-2595.50] as it would cause deadlock
[08Aug2026 00:47:37.662] [Server thread/WARN] [ModernFix/]: Skipped emitting ENTITY_MOUNT game event for entity SeatEntity['Seat'/820257, l='ServerLevel[world]', x=-843.50, y=67.00, z=-2595.50] as it would cause deadlock
[08Aug2026 00:47:39.631] [Server thread/WARN] [ModernFix/]: Skipped emitting ENTITY_MOUNT game event for entity SeatEntity['Seat'/820575, l='ServerLevel[world]', x=-843.50, y=67.00, z=-2595.50] as it would cause deadlock
[08Aug2026 00:47:40.436] [Server thread/WARN] [ModernFix/]: Skipped emitting ENTITY_MOUNT game event for entity SeatEntity['Seat'/820614, l='ServerLevel[world]', x=-843.50, y=67.00, z=-2595.50] as it would cause deadlock
[08Aug2026 00:47:41.128] [Server thread/WARN] [ModernFix/]: Skipped emitting ENTITY_MOUNT game event for entity SeatEntity['Seat'/820697, l='ServerLevel[world]', x=-843.50, y=67.00, z=-2595.50] as it would cause deadlock
[08Aug2026 00:47:41.311] [Server thread/WARN] [ModernFix/]: Skipped emitting ENTITY_MOUNT game event for entity SeatEntity['Seat'/820715, l='ServerLevel[world]', x=-843.50, y=67.00, z=-2595.50] as it would cause deadlock
[08Aug2026 00:47:42.137] [Server thread/WARN] [ModernFix/]: Skipped emitting ENTITY_MOUNT game event for entity SeatEntity['Seat'/820810, l='ServerLevel[world]', x=-843.50, y=67.00, z=-2595.50] as it would cause deadlock
[08Aug2026 00:47:42.343] [Server thread/WARN] [ModernFix/]: Skipped emitting ENTITY_MOUNT game event for entity SeatEntity['Seat'/820866, l='ServerLevel[world]', x=-843.50, y=67.00, z=-2595.50] as it would cause deadlock
[08Aug2026 00:47:43.102] [Server thread/WARN] [ModernFix/]: Skipped emitting ENTITY_MOUNT game event for entity SeatEntity['Seat'/821036, l='ServerLevel[world]', x=-843.50, y=67.00, z=-2595.50] as it would cause deadlock
[08Aug2026 00:47:44.828] [Server thread/WARN] [ModernFix/]: Skipped emitting ENTITY_MOUNT game event for entity SeatEntity['Seat'/821343, l='ServerLevel[world]', x=-843.50, y=67.00, z=-2595.50] as it would cause deadlock
[08Aug2026 00:47:45.131] [Server thread/WARN] [ModernFix/]: Skipped emitting ENTITY_MOUNT game event for entity SeatEntity['Seat'/821405, l='ServerLevel[world]', x=-843.50, y=67.00, z=-2595.50] as it would cause deadlock
[08Aug2026 00:47:45.955] [Server thread/WARN] [ModernFix/]: Skipped emitting ENTITY_MOUNT game event for entity SeatEntity['Seat'/821628, l='ServerLevel[world]', x=-843.50, y=67.00, z=-2595.50] as it would cause deadlock
[08Aug2026 00:47:46.762] [Server thread/WARN] [ModernFix/]: Skipped emitting ENTITY_MOUNT game event for entity SeatEntity['Seat'/821796, l='ServerLevel[world]', x=-843.50, y=67.00, z=-2595.50] as it would cause deadlock
[08Aug2026 00:47:51.409] [Server thread/WARN] [ModernFix/]: Skipped emitting ENTITY_MOUNT game event for entity SeatEntity['Seat'/822332, l='ServerLevel[world]', x=-843.50, y=67.00, z=-2595.50] as it would cause deadlock
[08Aug2026 00:47:51.611] [Server thread/WARN] [ModernFix/]: Skipped emitting ENTITY_MOUNT game event for entity SeatEntity['Seat'/822392, l='ServerLevel[world]', x=-843.50, y=67.00, z=-2595.50] as it would cause deadlock
[08Aug2026 00:47:51.836] [Server thread/WARN] [ModernFix/]: Skipped emitting ENTITY_MOUNT game event for entity SeatEntity['Seat'/822469, l='ServerLevel[world]', x=-843.50, y=67.00, z=-2595.50] as it would cause deadlock
[08Aug2026 00:47:53.697] [Server thread/WARN] [ModernFix/]: Skipped emitting ENTITY_MOUNT game event for entity SeatEntity['Seat'/822814, l='ServerLevel[world]', x=-843.50, y=67.00, z=-2595.50] as it would cause deadlock
[08Aug2026 00:47:54.270] [Server thread/WARN] [ModernFix/]: Skipped emitting ENTITY_MOUNT game event for entity SeatEntity['Seat'/822915, l='ServerLevel[world]', x=-843.50, y=67.00, z=-2595.50] as it would cause deadlock
[08Aug2026 00:47:55.308] [Server thread/WARN] [ModernFix/]: Skipped emitting ENTITY_MOUNT game event for entity SeatEntity['Seat'/823110, l='ServerLevel[world]', x=-843.50, y=67.00, z=-2595.50] as it would cause deadlock
[08Aug2026 00:47:56.361] [Server thread/WARN] [ModernFix/]: Skipped emitting ENTITY_MOUNT game event for entity SeatEntity['Seat'/823289, l='ServerLevel[world]', x=-843.50, y=67.00, z=-2595.50] as it would cause deadlock
[08Aug2026 00:47:56.570] [Server thread/WARN] [ModernFix/]: Skipped emitting ENTITY_MOUNT game event for entity SeatEntity['Seat'/823340, l='ServerLevel[world]', x=-843.50, y=67.00, z=-2595.50] as it would cause deadlock
[08Aug2026 00:47:57.360] [Server thread/WARN] [ModernFix/]: Skipped emitting ENTITY_MOUNT game event for entity SeatEntity['Seat'/823548, l='ServerLevel[world]', x=-843.50, y=67.00, z=-2595.50] as it would cause deadlock
[08Aug2026 00:47:58.054] [Server thread/WARN] [ModernFix/]: Skipped emitting ENTITY_MOUNT game event for entity SeatEntity['Seat'/823619, l='ServerLevel[world]', x=-843.50, y=67.00, z=-2595.50] as it would cause deadlock
[08Aug2026 00:47:58.319] [Server thread/WARN] [ModernFix/]: Skipped emitting ENTITY_MOUNT game event for entity SeatEntity['Seat'/823691, l='ServerLevel[world]', x=-843.50, y=67.00, z=-2595.50] as it would cause deadlock
[08Aug2026 00:47:59.666] [Server thread/WARN] [ModernFix/]: Skipped emitting ENTITY_MOUNT game event for entity SeatEntity['Seat'/823929, l='ServerLevel[world]', x=-843.50, y=67.00, z=-2595.50] as it would cause deadlock
[08Aug2026 00:47:59.908] [Server thread/WARN] [ModernFix/]: Skipped emitting ENTITY_MOUNT game event for entity SeatEntity['Seat'/823934, l='ServerLevel[world]', x=-843.50, y=67.00, z=-2595.50] as it would cause deadlock
[08Aug2026 00:48:00.907] [Server thread/WARN] [ModernFix/]: Skipped emitting ENTITY_MOUNT game event for entity SeatEntity['Seat'/824113, l='ServerLevel[world]', x=-843.50, y=67.00, z=-2595.50] as it would cause deadlock
[08Aug2026 00:48:01.417] [Server thread/WARN] [ModernFix/]: Skipped emitting ENTITY_MOUNT game event for entity SeatEntity['Seat'/824266, l='ServerLevel[world]', x=-843.50, y=67.00, z=-2595.50] as it would cause deadlock
[08Aug2026 00:48:01.706] [Server thread/WARN] [ModernFix/]: Skipped emitting ENTITY_MOUNT game event for entity SeatEntity['Seat'/824272, l='ServerLevel[world]', x=-843.50, y=67.00, z=-2595.50] as it would cause deadlock
[08Aug2026 00:48:02.618] [Server thread/WARN] [net.minecraft.world.level.entity.PersistentEntitySectionManager/]: UUID of added entity already exists: Zombie['Zombie'/824492, l='ServerLevel[world]', x=-835.50, y=16.00, z=-2390.50]
[08Aug2026 00:48:03.532] [Server thread/WARN] [ModernFix/]: Skipped emitting ENTITY_MOUNT game event for entity SeatEntity['Seat'/824550, l='ServerLevel[world]', x=-843.50, y=67.00, z=-2595.50] as it would cause deadlock
[08Aug2026 00:48:03.958] [Server thread/WARN] [ModernFix/]: Skipped emitting ENTITY_MOUNT game event for entity SeatEntity['Seat'/824648, l='ServerLevel[world]', x=-843.50, y=67.00, z=-2595.50] as it would cause deadlock
[08Aug2026 00:48:04.154] [Server thread/WARN] [ModernFix/]: Skipped emitting ENTITY_MOUNT game event for entity SeatEntity['Seat'/824698, l='ServerLevel[world]', x=-843.50, y=67.00, z=-2595.50] as it would cause deadlock
[08Aug2026 00:48:04.412] [Server thread/WARN] [ModernFix/]: Skipped emitting ENTITY_MOUNT game event for entity SeatEntity['Seat'/824703, l='ServerLevel[world]', x=-843.50, y=67.00, z=-2595.50] as it would cause deadlock
[08Aug2026 00:48:05.018] [Server thread/WARN] [ModernFix/]: Skipped emitting ENTITY_MOUNT game event for entity SeatEntity['Seat'/824835, l='ServerLevel[world]', x=-843.50, y=67.00, z=-2595.50] as it would cause deadlock
[08Aug2026 00:48:05.901] [Server thread/WARN] [ModernFix/]: Skipped emitting ENTITY_MOUNT game event for entity SeatEntity['Seat'/824925, l='ServerLevel[world]', x=-843.50, y=67.00, z=-2595.50] as it would cause deadlock
[08Aug2026 00:48:07.961] [Server thread/WARN] [ModernFix/]: Skipped emitting ENTITY_MOUNT game event for entity SeatEntity['Seat'/825414, l='ServerLevel[world]', x=-843.50, y=67.00, z=-2595.50] as it would cause deadlock
[08Aug2026 00:48:08.406] [Server thread/WARN] [ModernFix/]: Skipped emitting ENTITY_MOUNT game event for entity SeatEntity['Seat'/825484, l='ServerLevel[world]', x=-843.50, y=67.00, z=-2595.50] as it would cause deadlock
[08Aug2026 00:48:10.160] [Server thread/WARN] [ModernFix/]: Skipped emitting ENTITY_MOUNT game event for entity SeatEntity['Seat'/825716, l='ServerLevel[world]', x=-843.50, y=67.00, z=-2595.50] as it would cause deadlock
[08Aug2026 00:48:10.408] [Server thread/WARN] [ModernFix/]: Skipped emitting ENTITY_MOUNT game event for entity SeatEntity['Seat'/825753, l='ServerLevel[world]', x=-843.50, y=67.00, z=-2595.50] as it would cause deadlock
[08Aug2026 00:48:11.406] [Server thread/WARN] [ModernFix/]: Skipped emitting ENTITY_MOUNT game event for entity SeatEntity['Seat'/825925, l='ServerLevel[world]', x=-843.50, y=67.00, z=-2595.50] as it would cause deadlock
[08Aug2026 00:48:12.656] [Server thread/WARN] [ModernFix/]: Skipped emitting ENTITY_MOUNT game event for entity SeatEntity['Seat'/826110, l='ServerLevel[world]', x=-843.50, y=67.00, z=-2595.50] as it would cause deadlock
[08Aug2026 00:48:12.908] [Server thread/WARN] [ModernFix/]: Skipped emitting ENTITY_MOUNT game event for entity SeatEntity['Seat'/826176, l='ServerLevel[world]', x=-843.50, y=67.00, z=-2595.50] as it would cause deadlock
[08Aug2026 00:48:14.006] [Server thread/WARN] [ModernFix/]: Skipped emitting ENTITY_MOUNT game event for entity SeatEntity['Seat'/826451, l='ServerLevel[world]', x=-843.50, y=67.00, z=-2595.50] as it would cause deadlock
[08Aug2026 00:48:14.205] [Server thread/WARN] [ModernFix/]: Skipped emitting ENTITY_MOUNT game event for entity SeatEntity['Seat'/826454, l='ServerLevel[world]', x=-843.50, y=67.00, z=-2595.50] as it would cause deadlock
[08Aug2026 00:48:15.320] [Server thread/WARN] [ModernFix/]: Skipped emitting ENTITY_MOUNT game event for entity SeatEntity['Seat'/826658, l='ServerLevel[world]', x=-843.50, y=67.00, z=-2595.50] as it would cause deadlock
[08Aug2026 00:48:15.631] [Server thread/WARN] [ModernFix/]: Skipped emitting ENTITY_MOUNT game event for entity SeatEntity['Seat'/826711, l='ServerLevel[world]', x=-843.50, y=67.00, z=-2595.50] as it would cause deadlock
[08Aug2026 00:48:16.971] [Server thread/WARN] [ModernFix/]: Skipped emitting ENTITY_MOUNT game event for entity SeatEntity['Seat'/826957, l='ServerLevel[world]', x=-843.50, y=67.00, z=-2595.50] as it would cause deadlock
[08Aug2026 00:48:17.232] [Server thread/WARN] [ModernFix/]: Skipped emitting ENTITY_MOUNT game event for entity SeatEntity['Seat'/827031, l='ServerLevel[world]', x=-843.50, y=67.00, z=-2595.50] as it would cause deadlock
[08Aug2026 00:48:18.326] [Server thread/WARN] [ModernFix/]: Skipped emitting ENTITY_MOUNT game event for entity SeatEntity['Seat'/827134, l='ServerLevel[world]', x=-843.50, y=67.00, z=-2595.50] as it would cause deadlock
[08Aug2026 00:48:19.672] [Server thread/WARN] [ModernFix/]: Skipped emitting ENTITY_MOUNT game event for entity SeatEntity['Seat'/827396, l='ServerLevel[world]', x=-843.50, y=67.00, z=-2595.50] as it would cause deadlock
[08Aug2026 00:48:19.914] [Server thread/WARN] [ModernFix/]: Skipped emitting ENTITY_MOUNT game event for entity SeatEntity['Seat'/827445, l='ServerLevel[world]', x=-843.50, y=67.00, z=-2595.50] as it would cause deadlock
[08Aug2026 00:48:20.153] [Server thread/WARN] [ModernFix/]: Skipped emitting ENTITY_MOUNT game event for entity SeatEntity['Seat'/827501, l='ServerLevel[world]', x=-843.50, y=67.00, z=-2595.50] as it would cause deadlock
[08Aug2026 00:48:20.958] [Server thread/WARN] [ModernFix/]: Skipped emitting ENTITY_MOUNT game event for entity SeatEntity['Seat'/827631, l='ServerLevel[world]', x=-843.50, y=67.00, z=-2595.50] as it would cause deadlock
[08Aug2026 00:48:21.243] [Server thread/WARN] [ModernFix/]: Skipped emitting ENTITY_MOUNT game event for entity SeatEntity['Seat'/827727, l='ServerLevel[world]', x=-843.50, y=67.00, z=-2595.50] as it would cause deadlock
[08Aug2026 00:48:21.969] [Server thread/WARN] [ModernFix/]: Skipped emitting ENTITY_MOUNT game event for entity SeatEntity['Seat'/827833, l='ServerLevel[world]', x=-843.50, y=67.00, z=-2595.50] as it would cause deadlock
[08Aug2026 00:48:23.172] [Server thread/WARN] [ModernFix/]: Skipped emitting ENTITY_MOUNT game event for entity SeatEntity['Seat'/828105, l='ServerLevel[world]', x=-843.50, y=67.00, z=-2595.50] as it would cause deadlock
[08Aug2026 00:48:23.423] [Server thread/WARN] [ModernFix/]: Skipped emitting ENTITY_MOUNT game event for entity SeatEntity['Seat'/828135, l='ServerLevel[world]', x=-843.50, y=67.00, z=-2595.50] as it would cause deadlock
[08Aug2026 00:48:23.733] [Server thread/WARN] [ModernFix/]: Skipped emitting ENTITY_MOUNT game event for entity SeatEntity['Seat'/828174, l='ServerLevel[world]', x=-843.50, y=67.00, z=-2595.50] as it would cause deadlock
[08Aug2026 00:48:24.114] [Server thread/WARN] [ModernFix/]: Skipped emitting ENTITY_MOUNT game event for entity SeatEntity['Seat'/828269, l='ServerLevel[world]', x=-843.50, y=67.00, z=-2595.50] as it would cause deadlock
[08Aug2026 00:48:24.845] [Server thread/WARN] [ModernFix/]: Skipped emitting ENTITY_MOUNT game event for entity SeatEntity['Seat'/828439, l='ServerLevel[world]', x=-843.50, y=67.00, z=-2595.50] as it would cause deadlock
[08Aug2026 00:48:25.605] [Server thread/WARN] [ModernFix/]: Skipped emitting ENTITY_MOUNT game event for entity SeatEntity['Seat'/828603, l='ServerLevel[world]', x=-843.50, y=67.00, z=-2595.50] as it would cause deadlock
[08Aug2026 00:48:25.809] [Server thread/WARN] [ModernFix/]: Skipped emitting ENTITY_MOUNT game event for entity SeatEntity['Seat'/828655, l='ServerLevel[world]', x=-843.50, y=67.00, z=-2595.50] as it would cause deadlock
[08Aug2026 00:48:26.819] [Server thread/WARN] [ModernFix/]: Skipped emitting ENTITY_MOUNT game event for entity SeatEntity['Seat'/828839, l='ServerLevel[world]', x=-843.50, y=67.00, z=-2595.50] as it would cause deadlock
[08Aug2026 00:48:27.073] [Server thread/WARN] [ModernFix/]: Skipped emitting ENTITY_MOUNT game event for entity SeatEntity['Seat'/828930, l='ServerLevel[world]', x=-843.50, y=67.00, z=-2595.50] as it would cause deadlock
[08Aug2026 00:48:27.292] [Server thread/WARN] [ModernFix/]: Skipped emitting ENTITY_MOUNT game event for entity SeatEntity['Seat'/828984, l='ServerLevel[world]', x=-843.50, y=67.00, z=-2595.50] as it would cause deadlock
[08Aug2026 00:48:28.037] [Server thread/WARN] [ModernFix/]: Skipped emitting ENTITY_MOUNT game event for entity SeatEntity['Seat'/829098, l='ServerLevel[world]', x=-843.50, y=67.00, z=-2595.50] as it would cause deadlock
[08Aug2026 00:48:28.257] [Server thread/WARN] [ModernFix/]: Skipped emitting ENTITY_MOUNT game event for entity SeatEntity['Seat'/829182, l='ServerLevel[world]', x=-843.50, y=67.00, z=-2595.50] as it would cause deadlock
[08Aug2026 00:48:28.987] [Server thread/WARN] [ModernFix/]: Skipped emitting ENTITY_MOUNT game event for entity SeatEntity['Seat'/829321, l='ServerLevel[world]', x=-843.50, y=67.00, z=-2595.50] as it would cause deadlock
[08Aug2026 00:48:29.475] [Server thread/WARN] [ModernFix/]: Skipped emitting ENTITY_MOUNT game event for entity SeatEntity['Seat'/829348, l='ServerLevel[world]', x=-843.50, y=67.00, z=-2595.50] as it would cause deadlock
[08Aug2026 00:48:30.409] [Server thread/WARN] [ModernFix/]: Skipped emitting ENTITY_MOUNT game event for entity SeatEntity['Seat'/829571, l='ServerLevel[world]', x=-843.50, y=67.00, z=-2595.50] as it would cause deadlock
[08Aug2026 00:48:30.659] [Server thread/WARN] [ModernFix/]: Skipped emitting ENTITY_MOUNT game event for entity SeatEntity['Seat'/829624, l='ServerLevel[world]', x=-843.50, y=67.00, z=-2595.50] as it would cause deadlock
[08Aug2026 00:48:31.422] [Server thread/WARN] [ModernFix/]: Skipped emitting ENTITY_MOUNT game event for entity SeatEntity['Seat'/829746, l='ServerLevel[world]', x=-843.50, y=67.00, z=-2595.50] as it would cause deadlock
[08Aug2026 00:48:32.420] [Server thread/WARN] [ModernFix/]: Skipped emitting ENTITY_MOUNT game event for entity SeatEntity['Seat'/829842, l='ServerLevel[world]', x=-843.50, y=67.00, z=-2595.50] as it would cause deadlock
[08Aug2026 00:48:32.940] [Server thread/WARN] [ModernFix/]: Skipped emitting ENTITY_MOUNT game event for entity SeatEntity['Seat'/829957, l='ServerLevel[world]', x=-843.50, y=67.00, z=-2595.50] as it would cause deadlock
[08Aug2026 00:48:33.171] [Server thread/WARN] [ModernFix/]: Skipped emitting ENTITY_MOUNT game event for entity SeatEntity['Seat'/829969, l='ServerLevel[world]', x=-843.50, y=67.00, z=-2595.50] as it would cause deadlock
[08Aug2026 00:48:33.658] [Server thread/WARN] [ModernFix/]: Skipped emitting ENTITY_MOUNT game event for entity SeatEntity['Seat'/830109, l='ServerLevel[world]', x=-843.50, y=67.00, z=-2595.50] as it would cause deadlock
[08Aug2026 00:48:33.861] [Server thread/WARN] [ModernFix/]: Skipped emitting ENTITY_MOUNT game event for entity SeatEntity['Seat'/830160, l='ServerLevel[world]', x=-843.50, y=67.00, z=-2595.50] as it would cause deadlock
[08Aug2026 00:48:34.741] [Server thread/WARN] [ModernFix/]: Skipped emitting ENTITY_MOUNT game event for entity SeatEntity['Seat'/830274, l='ServerLevel[world]', x=-843.50, y=67.00, z=-2595.50] as it would cause deadlock
[08Aug2026 00:48:35.209] [Server thread/WARN] [ModernFix/]: Skipped emitting ENTITY_MOUNT game event for entity SeatEntity['Seat'/830288, l='ServerLevel[world]', x=-843.50, y=67.00, z=-2595.50] as it would cause deadlock
[08Aug2026 00:48:35.420] [Server thread/WARN] [ModernFix/]: Skipped emitting ENTITY_MOUNT game event for entity SeatEntity['Seat'/830357, l='ServerLevel[world]', x=-843.50, y=67.00, z=-2595.50] as it would cause deadlock
[08Aug2026 00:48:35.683] [Server thread/WARN] [ModernFix/]: Skipped emitting ENTITY_MOUNT game event for entity SeatEntity['Seat'/830409, l='ServerLevel[world]', x=-843.50, y=67.00, z=-2595.50] as it would cause deadlock
[08Aug2026 00:48:35.912] [Server thread/WARN] [ModernFix/]: Skipped emitting ENTITY_MOUNT game event for entity SeatEntity['Seat'/830415, l='ServerLevel[world]', x=-843.50, y=67.00, z=-2595.50] as it would cause deadlock
[08Aug2026 00:48:37.933] [Server thread/WARN] [ModernFix/]: Skipped emitting ENTITY_MOUNT game event for entity SeatEntity['Seat'/830792, l='ServerLevel[world]', x=-843.50, y=67.00, z=-2595.50] as it would cause deadlock
[08Aug2026 00:48:38.505] [Server thread/WARN] [ModernFix/]: Skipped emitting ENTITY_MOUNT game event for entity SeatEntity['Seat'/830891, l='ServerLevel[world]', x=-843.50, y=67.00, z=-2595.50] as it would cause deadlock
[08Aug2026 00:48:41.915] [Server thread/WARN] [ModernFix/]: Skipped emitting ENTITY_MOUNT game event for entity SeatEntity['Seat'/831496, l='ServerLevel[world]', x=-843.50, y=67.00, z=-2595.50] as it would cause deadlock
[08Aug2026 00:48:42.392] [Server thread/WARN] [ModernFix/]: Skipped emitting ENTITY_MOUNT game event for entity SeatEntity['Seat'/831565, l='ServerLevel[world]', x=-843.50, y=67.00, z=-2595.50] as it would cause deadlock
[08Aug2026 00:48:42.873] [Server thread/WARN] [ModernFix/]: Skipped emitting ENTITY_MOUNT game event for entity SeatEntity['Seat'/831621, l='ServerLevel[world]', x=-843.50, y=67.00, z=-2595.50] as it would cause deadlock
[08Aug2026 00:48:44.905] [Server thread/WARN] [ModernFix/]: Skipped emitting ENTITY_MOUNT game event for entity SeatEntity['Seat'/832005, l='ServerLevel[world]', x=-843.50, y=67.00, z=-2595.50] as it would cause deadlock
[08Aug2026 00:48:45.195] [Server thread/WARN] [ModernFix/]: Skipped emitting ENTITY_MOUNT game event for entity SeatEntity['Seat'/832033, l='ServerLevel[world]', x=-843.50, y=67.00, z=-2595.50] as it would cause deadlock
[08Aug2026 00:48:45.997] [Server thread/WARN] [ModernFix/]: Skipped emitting ENTITY_MOUNT game event for entity SeatEntity['Seat'/832213, l='ServerLevel[world]', x=-843.50, y=67.00, z=-2595.50] as it would cause deadlock
[08Aug2026 00:48:46.286] [Server thread/WARN] [ModernFix/]: Skipped emitting ENTITY_MOUNT game event for entity SeatEntity['Seat'/832235, l='ServerLevel[world]', x=-843.50, y=67.00, z=-2595.50] as it would cause deadlock
[08Aug2026 00:48:46.895] [Server thread/WARN] [ModernFix/]: Skipped emitting ENTITY_MOUNT game event for entity SeatEntity['Seat'/832415, l='ServerLevel[world]', x=-843.50, y=67.00, z=-2595.50] as it would cause deadlock
[08Aug2026 00:48:47.763] [Server thread/WARN] [ModernFix/]: Skipped emitting ENTITY_MOUNT game event for entity SeatEntity['Seat'/832551, l='ServerLevel[world]', x=-843.50, y=67.00, z=-2595.50] as it would cause deadlock
[08Aug2026 00:48:48.121] [Server thread/WARN] [ModernFix/]: Skipped emitting ENTITY_MOUNT game event for entity SeatEntity['Seat'/832629, l='ServerLevel[world]', x=-843.50, y=67.00, z=-2595.50] as it would cause deadlock
[08Aug2026 00:48:48.577] [Server thread/WARN] [ModernFix/]: Skipped emitting ENTITY_MOUNT game event for entity SeatEntity['Seat'/832696, l='ServerLevel[world]', x=-843.50, y=67.00, z=-2595.50] as it would cause deadlock
[08Aug2026 00:48:49.044] [Server thread/WARN] [ModernFix/]: Skipped emitting ENTITY_MOUNT game event for entity SeatEntity['Seat'/832803, l='ServerLevel[world]', x=-843.50, y=67.00, z=-2595.50] as it would cause deadlock
[08Aug2026 00:48:50.992] [Server thread/WARN] [ModernFix/]: Skipped emitting ENTITY_MOUNT game event for entity SeatEntity['Seat'/833203, l='ServerLevel[world]', x=-843.50, y=67.00, z=-2595.50] as it would cause deadlock
[08Aug2026 00:48:51.211] [Server thread/WARN] [ModernFix/]: Skipped emitting ENTITY_MOUNT game event for entity SeatEntity['Seat'/833219, l='ServerLevel[world]', x=-843.50, y=67.00, z=-2595.50] as it would cause deadlock
[08Aug2026 00:48:51.466] [Server thread/WARN] [ModernFix/]: Skipped emitting ENTITY_MOUNT game event for entity SeatEntity['Seat'/833263, l='ServerLevel[world]', x=-843.50, y=67.00, z=-2595.50] as it would cause deadlock
[08Aug2026 00:48:51.683] [Server thread/WARN] [ModernFix/]: Skipped emitting ENTITY_MOUNT game event for entity SeatEntity['Seat'/833292, l='ServerLevel[world]', x=-843.50, y=67.00, z=-2595.50] as it would cause deadlock
[08Aug2026 00:48:52.575] [Server thread/WARN] [ModernFix/]: Skipped emitting ENTITY_MOUNT game event for entity SeatEntity['Seat'/833468, l='ServerLevel[world]', x=-843.50, y=67.00, z=-2595.50] as it would cause deadlock
[08Aug2026 00:48:52.752] [Server thread/WARN] [ModernFix/]: Skipped emitting ENTITY_MOUNT game event for entity SeatEntity['Seat'/833531, l='ServerLevel[world]', x=-843.50, y=67.00, z=-2595.50] as it would cause deadlock
[08Aug2026 00:48:53.637] [Server thread/WARN] [ModernFix/]: Skipped emitting ENTITY_MOUNT game event for entity SeatEntity['Seat'/833715, l='ServerLevel[world]', x=-843.50, y=67.00, z=-2595.50] as it would cause deadlock
[08Aug2026 00:48:53.839] [Server thread/WARN] [ModernFix/]: Skipped emitting ENTITY_MOUNT game event for entity SeatEntity['Seat'/833725, l='ServerLevel[world]', x=-843.50, y=67.00, z=-2595.50] as it would cause deadlock
[08Aug2026 00:48:54.316] [Server thread/WARN] [ModernFix/]: Skipped emitting ENTITY_MOUNT game event for entity SeatEntity['Seat'/833886, l='ServerLevel[world]', x=-843.50, y=67.00, z=-2595.50] as it would cause deadlock
[08Aug2026 00:48:54.686] [Server thread/WARN] [ModernFix/]: Skipped emitting ENTITY_MOUNT game event for entity SeatEntity['Seat'/833892, l='ServerLevel[world]', x=-843.50, y=67.00, z=-2595.50] as it would cause deadlock
[08Aug2026 00:48:55.412] [Server thread/WARN] [ModernFix/]: Skipped emitting ENTITY_MOUNT game event for entity SeatEntity['Seat'/834004, l='ServerLevel[world]', x=-843.50, y=67.00, z=-2595.50] as it would cause deadlock
[08Aug2026 00:48:55.851] [Server thread/WARN] [ModernFix/]: Skipped emitting ENTITY_MOUNT game event for entity SeatEntity['Seat'/834093, l='ServerLevel[world]', x=-843.50, y=67.00, z=-2595.50] as it would cause deadlock
[08Aug2026 00:48:56.115] [Server thread/WARN] [ModernFix/]: Skipped emitting ENTITY_MOUNT game event for entity SeatEntity['Seat'/834103, l='ServerLevel[world]', x=-843.50, y=67.00, z=-2595.50] as it would cause deadlock
[08Aug2026 00:48:57.963] [Server thread/WARN] [ModernFix/]: Skipped emitting ENTITY_MOUNT game event for entity SeatEntity['Seat'/834431, l='ServerLevel[world]', x=-843.50, y=67.00, z=-2595.50] as it would cause deadlock
[08Aug2026 00:48:58.399] [Server thread/WARN] [ModernFix/]: Skipped emitting ENTITY_MOUNT game event for entity SeatEntity['Seat'/834492, l='ServerLevel[world]', x=-843.50, y=67.00, z=-2595.50] as it would cause deadlock
[08Aug2026 00:48:59.655] [Server thread/WARN] [ModernFix/]: Skipped emitting ENTITY_MOUNT game event for entity SeatEntity['Seat'/834747, l='ServerLevel[world]', x=-843.50, y=67.00, z=-2595.50] as it would cause deadlock
[08Aug2026 00:49:00.121] [Server thread/WARN] [ModernFix/]: Skipped emitting ENTITY_MOUNT game event for entity SeatEntity['Seat'/834875, l='ServerLevel[world]', x=-843.50, y=67.00, z=-2595.50] as it would cause deadlock
[08Aug2026 00:49:04.053] [Server thread/WARN] [ModernFix/]: Skipped emitting ENTITY_MOUNT game event for entity SeatEntity['Seat'/835517, l='ServerLevel[world]', x=-843.50, y=67.00, z=-2595.50] as it would cause deadlock
[08Aug2026 00:49:04.261] [Server thread/WARN] [ModernFix/]: Skipped emitting ENTITY_MOUNT game event for entity SeatEntity['Seat'/835547, l='ServerLevel[world]', x=-843.50, y=67.00, z=-2595.50] as it would cause deadlock
[08Aug2026 00:49:05.037] [Server thread/WARN] [ModernFix/]: Skipped emitting ENTITY_MOUNT game event for entity SeatEntity['Seat'/835628, l='ServerLevel[world]', x=-843.50, y=67.00, z=-2595.50] as it would cause deadlock
[08Aug2026 00:49:07.044] [Server thread/WARN] [ModernFix/]: Skipped emitting ENTITY_MOUNT game event for entity SeatEntity['Seat'/835795, l='ServerLevel[world]', x=-843.50, y=67.00, z=-2595.50] as it would cause deadlock
[08Aug2026 00:49:07.293] [Server thread/WARN] [ModernFix/]: Skipped emitting ENTITY_MOUNT game event for entity SeatEntity['Seat'/835849, l='ServerLevel[world]', x=-843.50, y=67.00, z=-2595.50] as it would cause deadlock
[08Aug2026 00:49:07.493] [Server thread/WARN] [ModernFix/]: Skipped emitting ENTITY_MOUNT game event for entity SeatEntity['Seat'/835879, l='ServerLevel[world]', x=-843.50, y=67.00, z=-2595.50] as it would cause deadlock
[08Aug2026 00:49:07.704] [Server thread/WARN] [ModernFix/]: Skipped emitting ENTITY_MOUNT game event for entity SeatEntity['Seat'/835906, l='ServerLevel[world]', x=-843.50, y=67.00, z=-2595.50] as it would cause deadlock
[08Aug2026 00:49:09.018] [Server thread/WARN] [ModernFix/]: Skipped emitting ENTITY_MOUNT game event for entity SeatEntity['Seat'/836132, l='ServerLevel[world]', x=-843.50, y=67.00, z=-2595.50] as it would cause deadlock
[08Aug2026 00:49:09.261] [Server thread/WARN] [ModernFix/]: Skipped emitting ENTITY_MOUNT game event for entity SeatEntity['Seat'/836196, l='ServerLevel[world]', x=-843.50, y=67.00, z=-2595.50] as it would cause deadlock
[08Aug2026 00:49:10.421] [Server thread/WARN] [ModernFix/]: Skipped emitting ENTITY_MOUNT game event for entity SeatEntity['Seat'/836294, l='ServerLevel[world]', x=-843.50, y=67.00, z=-2595.50] as it would cause deadlock
[08Aug2026 00:49:10.664] [Server thread/WARN] [ModernFix/]: Skipped emitting ENTITY_MOUNT game event for entity SeatEntity['Seat'/836342, l='ServerLevel[world]', x=-843.50, y=67.00, z=-2595.50] as it would cause deadlock
[08Aug2026 00:49:12.166] [Server thread/WARN] [ModernFix/]: Skipped emitting ENTITY_MOUNT game event for entity SeatEntity['Seat'/836488, l='ServerLevel[world]', x=-843.50, y=67.00, z=-2595.50] as it would cause deadlock
[08Aug2026 00:49:12.636] [Server thread/WARN] [ModernFix/]: Skipped emitting ENTITY_MOUNT game event for entity SeatEntity['Seat'/836521, l='ServerLevel[world]', x=-843.50, y=67.00, z=-2595.50] as it would cause deadlock
[08Aug2026 00:49:13.091] [Server thread/WARN] [ModernFix/]: Skipped emitting ENTITY_MOUNT game event for entity SeatEntity['Seat'/836585, l='ServerLevel[world]', x=-843.50, y=67.00, z=-2595.50] as it would cause deadlock
[08Aug2026 00:49:13.382] [Server thread/WARN] [ModernFix/]: Skipped emitting ENTITY_MOUNT game event for entity SeatEntity['Seat'/836603, l='ServerLevel[world]', x=-843.50, y=67.00, z=-2595.50] as it would cause deadlock
[08Aug2026 00:49:13.718] [Server thread/WARN] [ModernFix/]: Skipped emitting ENTITY_MOUNT game event for entity SeatEntity['Seat'/836656, l='ServerLevel[world]', x=-843.50, y=67.00, z=-2595.50] as it would cause deadlock
[08Aug2026 00:49:15.550] [Server thread/WARN] [ModernFix/]: Skipped emitting ENTITY_MOUNT game event for entity SeatEntity['Seat'/836936, l='ServerLevel[world]', x=-843.50, y=67.00, z=-2595.50] as it would cause deadlock
[08Aug2026 00:49:16.492] [Server thread/WARN] [ModernFix/]: Skipped emitting ENTITY_MOUNT game event for entity SeatEntity['Seat'/837040, l='ServerLevel[world]', x=-843.50, y=67.00, z=-2595.50] as it would cause deadlock
[08Aug2026 00:49:16.981] [Server thread/WARN] [ModernFix/]: Skipped emitting ENTITY_MOUNT game event for entity SeatEntity['Seat'/837134, l='ServerLevel[world]', x=-843.50, y=67.00, z=-2595.50] as it would cause deadlock
[08Aug2026 00:49:17.176] [Server thread/WARN] [ModernFix/]: Skipped emitting ENTITY_MOUNT game event for entity SeatEntity['Seat'/837161, l='ServerLevel[world]', x=-843.50, y=67.00, z=-2595.50] as it would cause deadlock
[08Aug2026 00:49:18.890] [Server thread/WARN] [ModernFix/]: Skipped emitting ENTITY_MOUNT game event for entity SeatEntity['Seat'/837382, l='ServerLevel[world]', x=-843.50, y=67.00, z=-2595.50] as it would cause deadlock
[08Aug2026 00:49:20.158] [Server thread/WARN] [ModernFix/]: Skipped emitting ENTITY_MOUNT game event for entity SeatEntity['Seat'/837714, l='ServerLevel[world]', x=-843.50, y=67.00, z=-2595.50] as it would cause deadlock
[08Aug2026 00:49:21.978] [Server thread/WARN] [ModernFix/]: Skipped emitting ENTITY_MOUNT game event for entity SeatEntity['Seat'/838039, l='ServerLevel[world]', x=-843.50, y=67.00, z=-2595.50] as it would cause deadlock
[08Aug2026 00:49:24.862] [Server thread/WARN] [ModernFix/]: Skipped emitting ENTITY_MOUNT game event for entity SeatEntity['Seat'/838306, l='ServerLevel[world]', x=-843.50, y=67.00, z=-2595.50] as it would cause deadlock
[08Aug2026 00:49:26.763] [Server thread/WARN] [ModernFix/]: Skipped emitting ENTITY_MOUNT game event for entity SeatEntity['Seat'/838570, l='ServerLevel[world]', x=-843.50, y=67.00, z=-2595.50] as it would cause deadlock
[08Aug2026 00:49:27.912] [Server thread/WARN] [ModernFix/]: Skipped emitting ENTITY_MOUNT game event for entity SeatEntity['Seat'/838732, l='ServerLevel[world]', x=-843.50, y=67.00, z=-2595.50] as it would cause deadlock
[08Aug2026 00:49:28.373] [Server thread/WARN] [ModernFix/]: Skipped emitting ENTITY_MOUNT game event for entity SeatEntity['Seat'/838831, l='ServerLevel[world]', x=-843.50, y=67.00, z=-2595.50] as it would cause deadlock
[08Aug2026 00:49:30.212] [Server thread/WARN] [ModernFix/]: Skipped emitting ENTITY_MOUNT game event for entity SeatEntity['Seat'/839273, l='ServerLevel[world]', x=-843.50, y=67.00, z=-2595.50] as it would cause deadlock
[08Aug2026 00:49:31.113] [Server thread/WARN] [ModernFix/]: Skipped emitting ENTITY_MOUNT game event for entity SeatEntity['Seat'/839492, l='ServerLevel[world]', x=-843.50, y=67.00, z=-2595.50] as it would cause deadlock
[08Aug2026 00:49:31.313] [Server thread/WARN] [ModernFix/]: Skipped emitting ENTITY_MOUNT game event for entity SeatEntity['Seat'/839555, l='ServerLevel[world]', x=-843.50, y=67.00, z=-2595.50] as it would cause deadlock
[08Aug2026 00:49:33.964] [Server thread/WARN] [ModernFix/]: Skipped emitting ENTITY_MOUNT game event for entity SeatEntity['Seat'/840168, l='ServerLevel[world]', x=-843.50, y=67.00, z=-2595.50] as it would cause deadlock
[08Aug2026 00:49:35.511] [Server thread/WARN] [ModernFix/]: Skipped emitting ENTITY_MOUNT game event for entity SeatEntity['Seat'/840485, l='ServerLevel[world]', x=-843.50, y=67.00, z=-2595.50] as it would cause deadlock
[08Aug2026 00:49:37.821] [Server thread/WARN] [ModernFix/]: Skipped emitting ENTITY_MOUNT game event for entity SeatEntity['Seat'/841062, l='ServerLevel[world]', x=-843.50, y=67.00, z=-2595.50] as it would cause deadlock
[08Aug2026 00:50:50.730] [Server thread/INFO] [net.minecraft.server.MinecraftServer/]: Megatuber06 has made the advancement [Bonk!]
[08Aug2026 00:50:51.257] [Server thread/INFO] [net.minecraft.server.MinecraftServer/]: xClas06 has made the advancement [Need A Map?]
[08Aug2026 00:50:51.257] [Server thread/INFO] [net.minecraft.server.MinecraftServer/]: xClas06 has made the advancement [The Beginning of An Adventure]
[08Aug2026 00:50:54.721] [Server thread/INFO] [net.minecraft.server.MinecraftServer/]: xClas06 has made the advancement [A Nice-y Look]
[08Aug2026 00:51:18.972] [Server thread/INFO] [AllTheLeaks/]: Listing events...
[08Aug2026 00:51:18.973] [Server thread/INFO] [AllTheLeaks/]: Server Player Clone: 15
[08Aug2026 00:51:18.973] [Server thread/INFO] [AllTheLeaks/]:   Invalid Cloned Players: 15
[08Aug2026 00:51:18.973] [Server thread/INFO] [AllTheLeaks/]: Server Player Logout: 9
[08Aug2026 00:51:18.973] [Server thread/INFO] [AllTheLeaks/]: Listing memory leaks so far...
[08Aug2026 00:51:18.973] [Server thread/INFO] [AllTheLeaks/]: B: 1815MB / C: 2726MB / Diff: +911MB
[08Aug2026 00:51:18.973] [Server thread/INFO] [AllTheLeaks/]: Memory Leaks detected: (/atl force_refresh to update)
[08Aug2026 00:51:18.973] [Server thread/INFO] [AllTheLeaks/]: | Player:
[08Aug2026 00:51:18.973] [Server thread/INFO] [AllTheLeaks/]: |- ServerPlayer (minecraft): 21
[08Aug2026 00:51:18.973] [Server thread/INFO] [AllTheLeaks/]: | ChunkAccess:
[08Aug2026 00:51:18.973] [Server thread/INFO] [AllTheLeaks/]: |- LevelChunk (minecraft): 109
[08Aug2026 00:56:47.718] [Server thread/WARN] [net.minecraft.world.level.chunk.LevelChunk/]: Block entity create:copycat @ BlockPos{x=-1344, y=75, z=-2660} state Block{create:track}[shape=zo,turn=false,waterlogged=false] invalid for ticking:
[08Aug2026 00:56:47.769] [Server thread/WARN] [net.minecraft.world.level.chunk.LevelChunk/]: Block entity create:copycat @ BlockPos{x=-1344, y=75, z=-2648} state Block{create:track}[shape=zo,turn=false,waterlogged=false] invalid for ticking:
[08Aug2026 00:56:47.769] [Server thread/WARN] [net.minecraft.world.level.chunk.LevelChunk/]: Block entity create:copycat @ BlockPos{x=-1344, y=75, z=-2655} state Block{create:track}[shape=zo,turn=false,waterlogged=false] invalid for ticking:
[08Aug2026 00:56:47.769] [Server thread/WARN] [net.minecraft.world.level.chunk.LevelChunk/]: Block entity create:copycat @ BlockPos{x=-1344, y=75, z=-2644} state Block{create:track}[shape=zo,turn=false,waterlogged=false] invalid for ticking:
[08Aug2026 00:56:47.770] [Server thread/WARN] [net.minecraft.world.level.chunk.LevelChunk/]: Block entity create:copycat @ BlockPos{x=-1344, y=75, z=-2643} state Block{create:track}[shape=zo,turn=false,waterlogged=false] invalid for ticking:
[08Aug2026 00:56:47.770] [Server thread/WARN] [net.minecraft.world.level.chunk.LevelChunk/]: Block entity create:copycat @ BlockPos{x=-1344, y=75, z=-2642} state Block{create:track}[shape=zo,turn=false,waterlogged=false] invalid for ticking:
[08Aug2026 00:57:05.338] [Server thread/INFO] [net.minecraft.server.MinecraftServer/]: xClas06 has made the advancement [The Andesite Age]
[08Aug2026 00:57:31.005] [Server thread/INFO] [net.minecraft.server.network.ServerGamePacketListenerImpl/]: xClas06 lost connection: Disconnected
[08Aug2026 00:57:31.005] [Server thread/INFO] [net.minecraft.server.MinecraftServer/]: xClas06 left the game
[08Aug2026 00:57:31.006] [Server thread/INFO] [xaero.pac.OpenPartiesAndClaims/]: Updating all forceload tickets for 3dd7239d-b3eb-39bc-adfc-5add3f237d18
[08Aug2026 00:58:49.705] [Server thread/WARN] [ModernFix/]: Skipped emitting ENTITY_MOUNT game event for entity SeatEntity['Seat'/894922, l='ServerLevel[world]', x=-843.50, y=67.00, z=-2595.50] as it would cause deadlock
[08Aug2026 00:58:50.408] [Server thread/WARN] [ModernFix/]: Skipped emitting ENTITY_MOUNT game event for entity SeatEntity['Seat'/895011, l='ServerLevel[world]', x=-843.50, y=67.00, z=-2595.50] as it would cause deadlock
[08Aug2026 00:58:52.599] [Server thread/WARN] [ModernFix/]: Skipped emitting ENTITY_MOUNT game event for entity SeatEntity['Seat'/895534, l='ServerLevel[world]', x=-843.50, y=67.00, z=-2595.50] as it would cause deadlock
[08Aug2026 00:58:53.051] [Server thread/WARN] [ModernFix/]: Skipped emitting ENTITY_MOUNT game event for entity SeatEntity['Seat'/895654, l='ServerLevel[world]', x=-843.50, y=67.00, z=-2595.50] as it would cause deadlock
[08Aug2026 00:58:53.766] [Server thread/WARN] [ModernFix/]: Skipped emitting ENTITY_MOUNT game event for entity SeatEntity['Seat'/895886, l='ServerLevel[world]', x=-843.50, y=67.00, z=-2595.50] as it would cause deadlock
[08Aug2026 00:58:54.849] [Server thread/WARN] [ModernFix/]: Skipped emitting ENTITY_MOUNT game event for entity SeatEntity['Seat'/896141, l='ServerLevel[world]', x=-843.50, y=67.00, z=-2595.50] as it would cause deadlock
[08Aug2026 00:58:55.420] [Server thread/WARN] [ModernFix/]: Skipped emitting ENTITY_MOUNT game event for entity SeatEntity['Seat'/896313, l='ServerLevel[world]', x=-843.50, y=67.00, z=-2595.50] as it would cause deadlock
[08Aug2026 00:58:55.718] [Server thread/WARN] [ModernFix/]: Skipped emitting ENTITY_MOUNT game event for entity SeatEntity['Seat'/896356, l='ServerLevel[world]', x=-843.50, y=67.00, z=-2595.50] as it would cause deadlock
[08Aug2026 00:58:56.363] [Server thread/WARN] [ModernFix/]: Skipped emitting ENTITY_MOUNT game event for entity SeatEntity['Seat'/896508, l='ServerLevel[world]', x=-843.50, y=67.00, z=-2595.50] as it would cause deadlock
[08Aug2026 00:58:59.302] [Server thread/WARN] [ModernFix/]: Skipped emitting ENTITY_MOUNT game event for entity SeatEntity['Seat'/897133, l='ServerLevel[world]', x=-843.50, y=67.00, z=-2595.50] as it would cause deadlock
[08Aug2026 00:58:59.860] [Server thread/WARN] [ModernFix/]: Skipped emitting ENTITY_MOUNT game event for entity SeatEntity['Seat'/897269, l='ServerLevel[world]', x=-843.50, y=67.00, z=-2595.50] as it would cause deadlock
[08Aug2026 00:59:00.107] [Server thread/WARN] [ModernFix/]: Skipped emitting ENTITY_MOUNT game event for entity SeatEntity['Seat'/897363, l='ServerLevel[world]', x=-843.50, y=67.00, z=-2595.50] as it would cause deadlock
[08Aug2026 00:59:00.349] [Server thread/WARN] [ModernFix/]: Skipped emitting ENTITY_MOUNT game event for entity SeatEntity['Seat'/897369, l='ServerLevel[world]', x=-843.50, y=67.00, z=-2595.50] as it would cause deadlock
[08Aug2026 00:59:00.508] [Server thread/WARN] [ModernFix/]: Skipped emitting ENTITY_MOUNT game event for entity SeatEntity['Seat'/897374, l='ServerLevel[world]', x=-843.50, y=67.00, z=-2595.50] as it would cause deadlock
[08Aug2026 00:59:03.162] [Server thread/WARN] [ModernFix/]: Skipped emitting ENTITY_MOUNT game event for entity SeatEntity['Seat'/897997, l='ServerLevel[world]', x=-843.50, y=67.00, z=-2595.50] as it would cause deadlock
[08Aug2026 00:59:03.754] [Server thread/WARN] [ModernFix/]: Skipped emitting ENTITY_MOUNT game event for entity SeatEntity['Seat'/898144, l='ServerLevel[world]', x=-843.50, y=67.00, z=-2595.50] as it would cause deadlock
[08Aug2026 00:59:05.165] [Server thread/WARN] [ModernFix/]: Skipped emitting ENTITY_MOUNT game event for entity SeatEntity['Seat'/898506, l='ServerLevel[world]', x=-843.50, y=67.00, z=-2595.50] as it would cause deadlock
[08Aug2026 00:59:06.403] [Server thread/WARN] [ModernFix/]: Skipped emitting ENTITY_MOUNT game event for entity SeatEntity['Seat'/898741, l='ServerLevel[world]', x=-843.50, y=67.00, z=-2595.50] as it would cause deadlock
[08Aug2026 00:59:14.668] [Server thread/WARN] [ModernFix/]: Skipped emitting ENTITY_MOUNT game event for entity SeatEntity['Seat'/900742, l='ServerLevel[world]', x=-843.50, y=67.00, z=-2595.50] as it would cause deadlock
[08Aug2026 00:59:15.504] [Server thread/WARN] [ModernFix/]: Skipped emitting ENTITY_MOUNT game event for entity SeatEntity['Seat'/900959, l='ServerLevel[world]', x=-843.50, y=67.00, z=-2595.50] as it would cause deadlock
[08Aug2026 00:59:15.965] [Server thread/WARN] [ModernFix/]: Skipped emitting ENTITY_MOUNT game event for entity SeatEntity['Seat'/901024, l='ServerLevel[world]', x=-843.50, y=67.00, z=-2595.50] as it would cause deadlock
[08Aug2026 00:59:17.664] [Server thread/WARN] [ModernFix/]: Skipped emitting ENTITY_MOUNT game event for entity SeatEntity['Seat'/901461, l='ServerLevel[world]', x=-843.50, y=67.00, z=-2595.50] as it would cause deadlock
[08Aug2026 00:59:17.855] [Server thread/WARN] [ModernFix/]: Skipped emitting ENTITY_MOUNT game event for entity SeatEntity['Seat'/901471, l='ServerLevel[world]', x=-843.50, y=67.00, z=-2595.50] as it would cause deadlock
[08Aug2026 00:59:20.902] [Server thread/WARN] [ModernFix/]: Skipped emitting ENTITY_MOUNT game event for entity SeatEntity['Seat'/902200, l='ServerLevel[world]', x=-843.50, y=67.00, z=-2595.50] as it would cause deadlock
[08Aug2026 00:59:21.510] [Server thread/WARN] [ModernFix/]: Skipped emitting ENTITY_MOUNT game event for entity SeatEntity['Seat'/902347, l='ServerLevel[world]', x=-843.50, y=67.00, z=-2595.50] as it would cause deadlock
[08Aug2026 00:59:21.806] [Server thread/WARN] [ModernFix/]: Skipped emitting ENTITY_MOUNT game event for entity SeatEntity['Seat'/902387, l='ServerLevel[world]', x=-843.50, y=67.00, z=-2595.50] as it would cause deadlock
[08Aug2026 00:59:22.149] [Server thread/WARN] [ModernFix/]: Skipped emitting ENTITY_MOUNT game event for entity SeatEntity['Seat'/902447, l='ServerLevel[world]', x=-843.50, y=67.00, z=-2595.50] as it would cause deadlock
[08Aug2026 00:59:22.452] [Server thread/WARN] [ModernFix/]: Skipped emitting ENTITY_MOUNT game event for entity SeatEntity['Seat'/902547, l='ServerLevel[world]', x=-843.50, y=67.00, z=-2595.50] as it would cause deadlock
[08Aug2026 00:59:24.453] [Server thread/WARN] [ModernFix/]: Skipped emitting ENTITY_MOUNT game event for entity SeatEntity['Seat'/903048, l='ServerLevel[world]', x=-843.50, y=67.00, z=-2595.50] as it would cause deadlock
[08Aug2026 00:59:25.004] [Server thread/WARN] [ModernFix/]: Skipped emitting ENTITY_MOUNT game event for entity SeatEntity['Seat'/903143, l='ServerLevel[world]', x=-843.50, y=67.00, z=-2595.50] as it would cause deadlock
[08Aug2026 00:59:26.703] [Server thread/WARN] [ModernFix/]: Skipped emitting ENTITY_MOUNT game event for entity SeatEntity['Seat'/903583, l='ServerLevel[world]', x=-843.50, y=67.00, z=-2595.50] as it would cause deadlock
[08Aug2026 00:59:26.906] [Server thread/WARN] [ModernFix/]: Skipped emitting ENTITY_MOUNT game event for entity SeatEntity['Seat'/903647, l='ServerLevel[world]', x=-843.50, y=67.00, z=-2595.50] as it would cause deadlock
[08Aug2026 00:59:28.255] [Server thread/WARN] [ModernFix/]: Skipped emitting ENTITY_MOUNT game event for entity SeatEntity['Seat'/904001, l='ServerLevel[world]', x=-843.50, y=67.00, z=-2595.50] as it would cause deadlock
[08Aug2026 00:59:28.583] [Server thread/WARN] [ModernFix/]: Skipped emitting ENTITY_MOUNT game event for entity SeatEntity['Seat'/904017, l='ServerLevel[world]', x=-843.50, y=67.00, z=-2595.50] as it would cause deadlock
[08Aug2026 00:59:30.153] [Server thread/WARN] [ModernFix/]: Skipped emitting ENTITY_MOUNT game event for entity SeatEntity['Seat'/904408, l='ServerLevel[world]', x=-843.50, y=67.00, z=-2595.50] as it would cause deadlock
[08Aug2026 00:59:30.557] [Server thread/WARN] [ModernFix/]: Skipped emitting ENTITY_MOUNT game event for entity SeatEntity['Seat'/904483, l='ServerLevel[world]', x=-843.50, y=67.00, z=-2595.50] as it would cause deadlock
[08Aug2026 00:59:30.768] [Server thread/WARN] [ModernFix/]: Skipped emitting ENTITY_MOUNT game event for entity SeatEntity['Seat'/904559, l='ServerLevel[world]', x=-843.50, y=67.00, z=-2595.50] as it would cause deadlock
[08Aug2026 00:59:31.023] [Server thread/WARN] [ModernFix/]: Skipped emitting ENTITY_MOUNT game event for entity SeatEntity['Seat'/904614, l='ServerLevel[world]', x=-843.50, y=67.00, z=-2595.50] as it would cause deadlock
[08Aug2026 00:59:32.551] [Server thread/WARN] [ModernFix/]: Skipped emitting ENTITY_MOUNT game event for entity SeatEntity['Seat'/904963, l='ServerLevel[world]', x=-843.50, y=67.00, z=-2595.50] as it would cause deadlock
[08Aug2026 00:59:33.767] [Server thread/WARN] [ModernFix/]: Skipped emitting ENTITY_MOUNT game event for entity SeatEntity['Seat'/905292, l='ServerLevel[world]', x=-843.50, y=67.00, z=-2595.50] as it would cause deadlock
[08Aug2026 00:59:34.302] [Server thread/WARN] [ModernFix/]: Skipped emitting ENTITY_MOUNT game event for entity SeatEntity['Seat'/905392, l='ServerLevel[world]', x=-843.50, y=67.00, z=-2595.50] as it would cause deadlock
[08Aug2026 00:59:34.648] [Server thread/WARN] [ModernFix/]: Skipped emitting ENTITY_MOUNT game event for entity SeatEntity['Seat'/905400, l='ServerLevel[world]', x=-843.50, y=67.00, z=-2595.50] as it would cause deadlock
[08Aug2026 00:59:37.550] [Server thread/WARN] [ModernFix/]: Skipped emitting ENTITY_MOUNT game event for entity SeatEntity['Seat'/906160, l='ServerLevel[world]', x=-843.50, y=67.00, z=-2595.50] as it would cause deadlock
[08Aug2026 00:59:38.700] [Server thread/WARN] [ModernFix/]: Skipped emitting ENTITY_MOUNT game event for entity SeatEntity['Seat'/906375, l='ServerLevel[world]', x=-843.50, y=67.00, z=-2595.50] as it would cause deadlock
[08Aug2026 00:59:39.307] [Server thread/WARN] [ModernFix/]: Skipped emitting ENTITY_MOUNT game event for entity SeatEntity['Seat'/906520, l='ServerLevel[world]', x=-843.50, y=67.00, z=-2595.50] as it would cause deadlock
[08Aug2026 00:59:39.654] [Server thread/WARN] [ModernFix/]: Skipped emitting ENTITY_MOUNT game event for entity SeatEntity['Seat'/906655, l='ServerLevel[world]', x=-843.50, y=67.00, z=-2595.50] as it would cause deadlock
[08Aug2026 00:59:40.102] [Server thread/WARN] [ModernFix/]: Skipped emitting ENTITY_MOUNT game event for entity SeatEntity['Seat'/906752, l='ServerLevel[world]', x=-843.50, y=67.00, z=-2595.50] as it would cause deadlock
[08Aug2026 00:59:40.554] [Server thread/WARN] [ModernFix/]: Skipped emitting ENTITY_MOUNT game event for entity SeatEntity['Seat'/906857, l='ServerLevel[world]', x=-843.50, y=67.00, z=-2595.50] as it would cause deadlock
[08Aug2026 00:59:44.109] [Server thread/WARN] [ModernFix/]: Skipped emitting ENTITY_MOUNT game event for entity SeatEntity['Seat'/907695, l='ServerLevel[world]', x=-843.50, y=67.00, z=-2595.50] as it would cause deadlock
[08Aug2026 00:59:46.454] [Server thread/WARN] [ModernFix/]: Skipped emitting ENTITY_MOUNT game event for entity SeatEntity['Seat'/908107, l='ServerLevel[world]', x=-843.50, y=67.00, z=-2595.50] as it would cause deadlock
[08Aug2026 00:59:47.590] [Server thread/WARN] [ModernFix/]: Skipped emitting ENTITY_MOUNT game event for entity SeatEntity['Seat'/908278, l='ServerLevel[world]', x=-843.50, y=67.00, z=-2595.50] as it would cause deadlock
[08Aug2026 00:59:47.953] [Server thread/WARN] [ModernFix/]: Skipped emitting ENTITY_MOUNT game event for entity SeatEntity['Seat'/908410, l='ServerLevel[world]', x=-843.50, y=67.00, z=-2595.50] as it would cause deadlock
[08Aug2026 00:59:49.404] [Server thread/WARN] [ModernFix/]: Skipped emitting ENTITY_MOUNT game event for entity SeatEntity['Seat'/908773, l='ServerLevel[world]', x=-843.50, y=67.00, z=-2595.50] as it would cause deadlock
[08Aug2026 00:59:49.697] [Server thread/WARN] [ModernFix/]: Skipped emitting ENTITY_MOUNT game event for entity SeatEntity['Seat'/908868, l='ServerLevel[world]', x=-843.50, y=67.00, z=-2595.50] as it would cause deadlock
[08Aug2026 00:59:55.198] [Server thread/WARN] [ModernFix/]: Skipped emitting ENTITY_MOUNT game event for entity SeatEntity['Seat'/910123, l='ServerLevel[world]', x=-843.50, y=67.00, z=-2595.50] as it would cause deadlock
[08Aug2026 00:59:56.981] [Server thread/WARN] [ModernFix/]: Skipped emitting ENTITY_MOUNT game event for entity SeatEntity['Seat'/910525, l='ServerLevel[world]', x=-843.50, y=67.00, z=-2595.50] as it would cause deadlock
[08Aug2026 00:59:57.166] [Server thread/WARN] [ModernFix/]: Skipped emitting ENTITY_MOUNT game event for entity SeatEntity['Seat'/910581, l='ServerLevel[world]', x=-843.50, y=67.00, z=-2595.50] as it would cause deadlock
[08Aug2026 00:59:59.152] [Server thread/WARN] [ModernFix/]: Skipped emitting ENTITY_MOUNT game event for entity SeatEntity['Seat'/911093, l='ServerLevel[world]', x=-843.50, y=67.00, z=-2595.50] as it would cause deadlock
[08Aug2026 01:00:00.713] [Server thread/WARN] [ModernFix/]: Skipped emitting ENTITY_MOUNT game event for entity SeatEntity['Seat'/911380, l='ServerLevel[world]', x=-843.50, y=67.00, z=-2595.50] as it would cause deadlock
[08Aug2026 01:00:01.265] [Server thread/WARN] [ModernFix/]: Skipped emitting ENTITY_MOUNT game event for entity SeatEntity['Seat'/911629, l='ServerLevel[world]', x=-843.50, y=67.00, z=-2595.50] as it would cause deadlock
[08Aug2026 01:00:02.351] [Server thread/WARN] [ModernFix/]: Skipped emitting ENTITY_MOUNT game event for entity SeatEntity['Seat'/911820, l='ServerLevel[world]', x=-843.50, y=67.00, z=-2595.50] as it would cause deadlock
[08Aug2026 01:00:02.999] [Server thread/WARN] [ModernFix/]: Skipped emitting ENTITY_MOUNT game event for entity SeatEntity['Seat'/911912, l='ServerLevel[world]', x=-843.50, y=67.00, z=-2595.50] as it would cause deadlock
[08Aug2026 01:00:04.353] [Server thread/WARN] [ModernFix/]: Skipped emitting ENTITY_MOUNT game event for entity SeatEntity['Seat'/912303, l='ServerLevel[world]', x=-843.50, y=67.00, z=-2595.50] as it would cause deadlock
[08Aug2026 01:00:06.525] [Server thread/WARN] [ModernFix/]: Skipped emitting ENTITY_MOUNT game event for entity SeatEntity['Seat'/912775, l='ServerLevel[world]', x=-843.50, y=67.00, z=-2595.50] as it would cause deadlock
[08Aug2026 01:00:07.853] [Server thread/WARN] [ModernFix/]: Skipped emitting ENTITY_MOUNT game event for entity SeatEntity['Seat'/913015, l='ServerLevel[world]', x=-843.50, y=67.00, z=-2595.50] as it would cause deadlock
[08Aug2026 01:00:08.000] [Server thread/WARN] [ModernFix/]: Skipped emitting ENTITY_MOUNT game event for entity SeatEntity['Seat'/913109, l='ServerLevel[world]', x=-843.50, y=67.00, z=-2595.50] as it would cause deadlock
[08Aug2026 01:00:08.605] [Server thread/WARN] [ModernFix/]: Skipped emitting ENTITY_MOUNT game event for entity SeatEntity['Seat'/913251, l='ServerLevel[world]', x=-843.50, y=67.00, z=-2595.50] as it would cause deadlock
[08Aug2026 01:00:10.650] [Server thread/WARN] [ModernFix/]: Skipped emitting ENTITY_MOUNT game event for entity SeatEntity['Seat'/913651, l='ServerLevel[world]', x=-843.50, y=67.00, z=-2595.50] as it would cause deadlock
[08Aug2026 01:00:11.350] [Server thread/WARN] [ModernFix/]: Skipped emitting ENTITY_MOUNT game event for entity SeatEntity['Seat'/913753, l='ServerLevel[world]', x=-843.50, y=67.00, z=-2595.50] as it would cause deadlock
[08Aug2026 01:00:13.001] [Server thread/WARN] [ModernFix/]: Skipped emitting ENTITY_MOUNT game event for entity SeatEntity['Seat'/914247, l='ServerLevel[world]', x=-843.50, y=67.00, z=-2595.50] as it would cause deadlock
[08Aug2026 01:00:14.249] [Server thread/WARN] [ModernFix/]: Skipped emitting ENTITY_MOUNT game event for entity SeatEntity['Seat'/914545, l='ServerLevel[world]', x=-843.50, y=67.00, z=-2595.50] as it would cause deadlock
[08Aug2026 01:00:16.402] [Server thread/WARN] [ModernFix/]: Skipped emitting ENTITY_MOUNT game event for entity SeatEntity['Seat'/914948, l='ServerLevel[world]', x=-843.50, y=67.00, z=-2595.50] as it would cause deadlock
[08Aug2026 01:00:16.803] [Server thread/WARN] [ModernFix/]: Skipped emitting ENTITY_MOUNT game event for entity SeatEntity['Seat'/915064, l='ServerLevel[world]', x=-843.50, y=67.00, z=-2595.50] as it would cause deadlock
[08Aug2026 01:00:17.999] [Server thread/WARN] [ModernFix/]: Skipped emitting ENTITY_MOUNT game event for entity SeatEntity['Seat'/915326, l='ServerLevel[world]', x=-843.50, y=67.00, z=-2595.50] as it would cause deadlock
[08Aug2026 01:00:21.160] [Server thread/WARN] [ModernFix/]: Skipped emitting ENTITY_MOUNT game event for entity SeatEntity['Seat'/916030, l='ServerLevel[world]', x=-843.50, y=67.00, z=-2595.50] as it would cause deadlock
[08Aug2026 01:00:21.349] [Server thread/WARN] [ModernFix/]: Skipped emitting ENTITY_MOUNT game event for entity SeatEntity['Seat'/916035, l='ServerLevel[world]', x=-843.50, y=67.00, z=-2595.50] as it would cause deadlock
[08Aug2026 01:00:22.459] [Server thread/WARN] [ModernFix/]: Skipped emitting ENTITY_MOUNT game event for entity SeatEntity['Seat'/916333, l='ServerLevel[world]', x=-843.50, y=67.00, z=-2595.50] as it would cause deadlock
[08Aug2026 01:00:24.061] [Server thread/WARN] [ModernFix/]: Skipped emitting ENTITY_MOUNT game event for entity SeatEntity['Seat'/916773, l='ServerLevel[world]', x=-843.50, y=67.00, z=-2595.50] as it would cause deadlock
[08Aug2026 01:00:24.851] [Server thread/WARN] [ModernFix/]: Skipped emitting ENTITY_MOUNT game event for entity SeatEntity['Seat'/916848, l='ServerLevel[world]', x=-843.50, y=67.00, z=-2595.50] as it would cause deadlock
[08Aug2026 01:00:25.153] [Server thread/WARN] [ModernFix/]: Skipped emitting ENTITY_MOUNT game event for entity SeatEntity['Seat'/916886, l='ServerLevel[world]', x=-843.50, y=67.00, z=-2595.50] as it would cause deadlock
[08Aug2026 01:00:26.403] [Server thread/WARN] [ModernFix/]: Skipped emitting ENTITY_MOUNT game event for entity SeatEntity['Seat'/917096, l='ServerLevel[world]', x=-843.50, y=67.00, z=-2595.50] as it would cause deadlock
[08Aug2026 01:00:27.816] [Server thread/WARN] [ModernFix/]: Skipped emitting ENTITY_MOUNT game event for entity SeatEntity['Seat'/917428, l='ServerLevel[world]', x=-843.50, y=67.00, z=-2595.50] as it would cause deadlock
[08Aug2026 01:00:28.949] [Server thread/WARN] [ModernFix/]: Skipped emitting ENTITY_MOUNT game event for entity SeatEntity['Seat'/917689, l='ServerLevel[world]', x=-843.50, y=67.00, z=-2595.50] as it would cause deadlock
[08Aug2026 01:00:29.547] [Server thread/WARN] [ModernFix/]: Skipped emitting ENTITY_MOUNT game event for entity SeatEntity['Seat'/917808, l='ServerLevel[world]', x=-843.50, y=67.00, z=-2595.50] as it would cause deadlock
[08Aug2026 01:00:29.856] [Server thread/WARN] [ModernFix/]: Skipped emitting ENTITY_MOUNT game event for entity SeatEntity['Seat'/917902, l='ServerLevel[world]', x=-843.50, y=67.00, z=-2595.50] as it would cause deadlock
[08Aug2026 01:00:30.259] [Server thread/WARN] [ModernFix/]: Skipped emitting ENTITY_MOUNT game event for entity SeatEntity['Seat'/917985, l='ServerLevel[world]', x=-843.50, y=67.00, z=-2595.50] as it would cause deadlock
[08Aug2026 01:00:32.302] [Server thread/WARN] [ModernFix/]: Skipped emitting ENTITY_MOUNT game event for entity SeatEntity['Seat'/918414, l='ServerLevel[world]', x=-843.50, y=67.00, z=-2595.50] as it would cause deadlock
[08Aug2026 01:00:32.662] [Server thread/WARN] [ModernFix/]: Skipped emitting ENTITY_MOUNT game event for entity SeatEntity['Seat'/918456, l='ServerLevel[world]', x=-843.50, y=67.00, z=-2595.50] as it would cause deadlock
[08Aug2026 01:00:32.863] [Server thread/WARN] [ModernFix/]: Skipped emitting ENTITY_MOUNT game event for entity SeatEntity['Seat'/918528, l='ServerLevel[world]', x=-843.50, y=67.00, z=-2595.50] as it would cause deadlock
[08Aug2026 01:00:33.002] [Server thread/WARN] [ModernFix/]: Skipped emitting ENTITY_MOUNT game event for entity SeatEntity['Seat'/918622, l='ServerLevel[world]', x=-843.50, y=67.00, z=-2595.50] as it would cause deadlock
[08Aug2026 01:00:33.206] [Server thread/WARN] [ModernFix/]: Skipped emitting ENTITY_MOUNT game event for entity SeatEntity['Seat'/918679, l='ServerLevel[world]', x=-843.50, y=67.00, z=-2595.50] as it would cause deadlock
[08Aug2026 01:00:33.649] [Server thread/WARN] [ModernFix/]: Skipped emitting ENTITY_MOUNT game event for entity SeatEntity['Seat'/918760, l='ServerLevel[world]', x=-843.50, y=67.00, z=-2595.50] as it would cause deadlock
[08Aug2026 01:00:34.504] [Server thread/WARN] [ModernFix/]: Skipped emitting ENTITY_MOUNT game event for entity SeatEntity['Seat'/919002, l='ServerLevel[world]', x=-843.50, y=67.00, z=-2595.50] as it would cause deadlock
[08Aug2026 01:00:35.149] [Server thread/WARN] [ModernFix/]: Skipped emitting ENTITY_MOUNT game event for entity SeatEntity['Seat'/919104, l='ServerLevel[world]', x=-843.50, y=67.00, z=-2595.50] as it would cause deadlock
[08Aug2026 01:00:36.201] [Server thread/WARN] [ModernFix/]: Skipped emitting ENTITY_MOUNT game event for entity SeatEntity['Seat'/919399, l='ServerLevel[world]', x=-843.50, y=67.00, z=-2595.50] as it would cause deadlock
[08Aug2026 01:00:38.656] [Server thread/WARN] [ModernFix/]: Skipped emitting ENTITY_MOUNT game event for entity SeatEntity['Seat'/919960, l='ServerLevel[world]', x=-843.50, y=67.00, z=-2595.50] as it would cause deadlock
[08Aug2026 01:00:39.100] [Server thread/WARN] [ModernFix/]: Skipped emitting ENTITY_MOUNT game event for entity SeatEntity['Seat'/920103, l='ServerLevel[world]', x=-843.50, y=67.00, z=-2595.50] as it would cause deadlock
[08Aug2026 01:00:39.667] [Server thread/WARN] [ModernFix/]: Skipped emitting ENTITY_MOUNT game event for entity SeatEntity['Seat'/920218, l='ServerLevel[world]', x=-843.50, y=67.00, z=-2595.50] as it would cause deadlock
[08Aug2026 01:00:39.999] [Server thread/WARN] [ModernFix/]: Skipped emitting ENTITY_MOUNT game event for entity SeatEntity['Seat'/920333, l='ServerLevel[world]', x=-843.50, y=67.00, z=-2595.50] as it would cause deadlock
[08Aug2026 01:00:40.695] [Server thread/WARN] [ModernFix/]: Skipped emitting ENTITY_MOUNT game event for entity SeatEntity['Seat'/920533, l='ServerLevel[world]', x=-843.50, y=67.00, z=-2595.50] as it would cause deadlock
[08Aug2026 01:00:43.347] [Server thread/WARN] [ModernFix/]: Skipped emitting ENTITY_MOUNT game event for entity SeatEntity['Seat'/921191, l='ServerLevel[world]', x=-843.50, y=67.00, z=-2595.50] as it would cause deadlock
[08Aug2026 01:00:43.851] [Server thread/WARN] [ModernFix/]: Skipped emitting ENTITY_MOUNT game event for entity SeatEntity['Seat'/921288, l='ServerLevel[world]', x=-843.50, y=67.00, z=-2595.50] as it would cause deadlock
[08Aug2026 01:00:44.403] [Server thread/WARN] [ModernFix/]: Skipped emitting ENTITY_MOUNT game event for entity SeatEntity['Seat'/921376, l='ServerLevel[world]', x=-843.50, y=67.00, z=-2595.50] as it would cause deadlock
[08Aug2026 01:00:44.611] [Server thread/WARN] [ModernFix/]: Skipped emitting ENTITY_MOUNT game event for entity SeatEntity['Seat'/921473, l='ServerLevel[world]', x=-843.50, y=67.00, z=-2595.50] as it would cause deadlock
[08Aug2026 01:00:44.905] [Server thread/WARN] [ModernFix/]: Skipped emitting ENTITY_MOUNT game event for entity SeatEntity['Seat'/921485, l='ServerLevel[world]', x=-843.50, y=67.00, z=-2595.50] as it would cause deadlock
[08Aug2026 01:00:45.105] [Server thread/WARN] [ModernFix/]: Skipped emitting ENTITY_MOUNT game event for entity SeatEntity['Seat'/921527, l='ServerLevel[world]', x=-843.50, y=67.00, z=-2595.50] as it would cause deadlock
[08Aug2026 01:00:45.253] [Server thread/WARN] [ModernFix/]: Skipped emitting ENTITY_MOUNT game event for entity SeatEntity['Seat'/921586, l='ServerLevel[world]', x=-843.50, y=67.00, z=-2595.50] as it would cause deadlock
[08Aug2026 01:00:45.703] [Server thread/WARN] [ModernFix/]: Skipped emitting ENTITY_MOUNT game event for entity SeatEntity['Seat'/921629, l='ServerLevel[world]', x=-843.50, y=67.00, z=-2595.50] as it would cause deadlock
[08Aug2026 01:00:45.902] [Server thread/WARN] [ModernFix/]: Skipped emitting ENTITY_MOUNT game event for entity SeatEntity['Seat'/921715, l='ServerLevel[world]', x=-843.50, y=67.00, z=-2595.50] as it would cause deadlock
[08Aug2026 01:00:46.304] [Server thread/WARN] [ModernFix/]: Skipped emitting ENTITY_MOUNT game event for entity SeatEntity['Seat'/921848, l='ServerLevel[world]', x=-843.50, y=67.00, z=-2595.50] as it would cause deadlock
[08Aug2026 01:00:46.608] [Server thread/WARN] [ModernFix/]: Skipped emitting ENTITY_MOUNT game event for entity SeatEntity['Seat'/921959, l='ServerLevel[world]', x=-843.50, y=67.00, z=-2595.50] as it would cause deadlock
[08Aug2026 01:00:46.758] [Server thread/WARN] [ModernFix/]: Skipped emitting ENTITY_MOUNT game event for entity SeatEntity['Seat'/921972, l='ServerLevel[world]', x=-843.50, y=67.00, z=-2595.50] as it would cause deadlock
[08Aug2026 01:00:47.052] [Server thread/WARN] [ModernFix/]: Skipped emitting ENTITY_MOUNT game event for entity SeatEntity['Seat'/922025, l='ServerLevel[world]', x=-843.50, y=67.00, z=-2595.50] as it would cause deadlock
[08Aug2026 01:00:48.755] [Server thread/WARN] [ModernFix/]: Skipped emitting ENTITY_MOUNT game event for entity SeatEntity['Seat'/922204, l='ServerLevel[world]', x=-843.50, y=67.00, z=-2595.50] as it would cause deadlock
[08Aug2026 01:00:49.951] [Server thread/WARN] [ModernFix/]: Skipped emitting ENTITY_MOUNT game event for entity SeatEntity['Seat'/922324, l='ServerLevel[world]', x=-843.50, y=67.00, z=-2595.50] as it would cause deadlock
[08Aug2026 01:00:54.054] [Server thread/WARN] [ModernFix/]: Skipped emitting ENTITY_MOUNT game event for entity SeatEntity['Seat'/922839, l='ServerLevel[world]', x=-843.50, y=67.00, z=-2595.50] as it would cause deadlock
[08Aug2026 01:00:54.701] [Server thread/WARN] [ModernFix/]: Skipped emitting ENTITY_MOUNT game event for entity SeatEntity['Seat'/922909, l='ServerLevel[world]', x=-843.50, y=67.00, z=-2595.50] as it would cause deadlock
[08Aug2026 01:00:55.305] [Server thread/WARN] [ModernFix/]: Skipped emitting ENTITY_MOUNT game event for entity SeatEntity['Seat'/923015, l='ServerLevel[world]', x=-843.50, y=67.00, z=-2595.50] as it would cause deadlock
[08Aug2026 01:00:57.796] [Server thread/WARN] [ModernFix/]: Skipped emitting ENTITY_MOUNT game event for entity SeatEntity['Seat'/923276, l='ServerLevel[world]', x=-843.50, y=67.00, z=-2595.50] as it would cause deadlock
[08Aug2026 01:00:58.638] [Server thread/WARN] [ModernFix/]: Skipped emitting ENTITY_MOUNT game event for entity SeatEntity['Seat'/923348, l='ServerLevel[world]', x=-843.50, y=67.00, z=-2595.50] as it would cause deadlock
[08Aug2026 01:00:58.964] [Server thread/WARN] [ModernFix/]: Skipped emitting ENTITY_MOUNT game event for entity SeatEntity['Seat'/923389, l='ServerLevel[world]', x=-843.50, y=67.00, z=-2595.50] as it would cause deadlock
[08Aug2026 01:00:59.337] [Server thread/WARN] [ModernFix/]: Skipped emitting ENTITY_MOUNT game event for entity SeatEntity['Seat'/923437, l='ServerLevel[world]', x=-843.50, y=67.00, z=-2595.50] as it would cause deadlock
[08Aug2026 01:00:59.530] [Server thread/WARN] [ModernFix/]: Skipped emitting ENTITY_MOUNT game event for entity SeatEntity['Seat'/923450, l='ServerLevel[world]', x=-843.50, y=67.00, z=-2595.50] as it would cause deadlock
[08Aug2026 01:01:00.612] [Server thread/WARN] [ModernFix/]: Skipped emitting ENTITY_MOUNT game event for entity SeatEntity['Seat'/923510, l='ServerLevel[world]', x=-843.50, y=67.00, z=-2595.50] as it would cause deadlock
[08Aug2026 01:01:02.302] [Server thread/WARN] [ModernFix/]: Skipped emitting ENTITY_MOUNT game event for entity SeatEntity['Seat'/923688, l='ServerLevel[world]', x=-843.50, y=67.00, z=-2595.50] as it would cause deadlock
[08Aug2026 01:01:03.215] [Server thread/WARN] [ModernFix/]: Skipped emitting ENTITY_MOUNT game event for entity SeatEntity['Seat'/923850, l='ServerLevel[world]', x=-843.50, y=67.00, z=-2595.50] as it would cause deadlock
[08Aug2026 01:01:05.858] [Server thread/WARN] [ModernFix/]: Skipped emitting ENTITY_MOUNT game event for entity SeatEntity['Seat'/924324, l='ServerLevel[world]', x=-843.50, y=67.00, z=-2595.50] as it would cause deadlock
[08Aug2026 01:01:06.753] [Server thread/WARN] [ModernFix/]: Skipped emitting ENTITY_MOUNT game event for entity SeatEntity['Seat'/924491, l='ServerLevel[world]', x=-843.50, y=67.00, z=-2595.50] as it would cause deadlock
[08Aug2026 01:01:07.809] [Server thread/WARN] [ModernFix/]: Skipped emitting ENTITY_MOUNT game event for entity SeatEntity['Seat'/924625, l='ServerLevel[world]', x=-843.50, y=67.00, z=-2595.50] as it would cause deadlock
[08Aug2026 01:01:08.156] [Server thread/WARN] [ModernFix/]: Skipped emitting ENTITY_MOUNT game event for entity SeatEntity['Seat'/924712, l='ServerLevel[world]', x=-843.50, y=67.00, z=-2595.50] as it would cause deadlock
[08Aug2026 01:01:08.802] [Server thread/WARN] [ModernFix/]: Skipped emitting ENTITY_MOUNT game event for entity SeatEntity['Seat'/924835, l='ServerLevel[world]', x=-843.50, y=67.00, z=-2595.50] as it would cause deadlock
[08Aug2026 01:01:10.067] [Server thread/WARN] [ModernFix/]: Skipped emitting ENTITY_MOUNT game event for entity SeatEntity['Seat'/925092, l='ServerLevel[world]', x=-843.50, y=67.00, z=-2595.50] as it would cause deadlock
[08Aug2026 01:01:13.025] [Server thread/WARN] [ModernFix/]: Skipped emitting ENTITY_MOUNT game event for entity SeatEntity['Seat'/925623, l='ServerLevel[world]', x=-843.50, y=67.00, z=-2595.50] as it would cause deadlock
[08Aug2026 01:01:13.656] [Server thread/WARN] [ModernFix/]: Skipped emitting ENTITY_MOUNT game event for entity SeatEntity['Seat'/925821, l='ServerLevel[world]', x=-843.50, y=67.00, z=-2595.50] as it would cause deadlock
[08Aug2026 01:01:15.449] [Server thread/WARN] [ModernFix/]: Skipped emitting ENTITY_MOUNT game event for entity SeatEntity['Seat'/926220, l='ServerLevel[world]', x=-843.50, y=67.00, z=-2595.50] as it would cause deadlock
[08Aug2026 01:01:16.156] [Server thread/WARN] [ModernFix/]: Skipped emitting ENTITY_MOUNT game event for entity SeatEntity['Seat'/926435, l='ServerLevel[world]', x=-843.50, y=67.00, z=-2595.50] as it would cause deadlock
[08Aug2026 01:01:16.607] [Server thread/WARN] [ModernFix/]: Skipped emitting ENTITY_MOUNT game event for entity SeatEntity['Seat'/926499, l='ServerLevel[world]', x=-843.50, y=67.00, z=-2595.50] as it would cause deadlock
[08Aug2026 01:01:18.590] [Server thread/WARN] [ModernFix/]: Skipped emitting ENTITY_MOUNT game event for entity SeatEntity['Seat'/926882, l='ServerLevel[world]', x=-843.50, y=67.00, z=-2595.50] as it would cause deadlock
[08Aug2026 01:01:18.919] [Server thread/INFO] [AllTheLeaks/]: Listing events...
[08Aug2026 01:01:18.919] [Server thread/INFO] [AllTheLeaks/]: Server Player Clone: 15
[08Aug2026 01:01:18.919] [Server thread/INFO] [AllTheLeaks/]:   Invalid Cloned Players: 15
[08Aug2026 01:01:18.919] [Server thread/INFO] [AllTheLeaks/]: Server Player Logout: 10
[08Aug2026 01:01:18.919] [Server thread/INFO] [AllTheLeaks/]: Listing memory leaks so far...
[08Aug2026 01:01:18.919] [Server thread/INFO] [AllTheLeaks/]: B: 1815MB / C: 2667MB / Diff: +852MB
[08Aug2026 01:01:18.919] [Server thread/INFO] [AllTheLeaks/]: Memory Leaks detected: (/atl force_refresh to update)
[08Aug2026 01:01:18.920] [Server thread/INFO] [AllTheLeaks/]: | Player:
[08Aug2026 01:01:18.920] [Server thread/INFO] [AllTheLeaks/]: |- ServerPlayer (minecraft): 22
[08Aug2026 01:01:18.920] [Server thread/INFO] [AllTheLeaks/]: | ChunkAccess:
[08Aug2026 01:01:18.920] [Server thread/INFO] [AllTheLeaks/]: |- LevelChunk (minecraft): 109
[08Aug2026 01:01:18.969] [Server thread/WARN] [ModernFix/]: Skipped emitting ENTITY_MOUNT game event for entity SeatEntity['Seat'/926940, l='ServerLevel[world]', x=-843.50, y=67.00, z=-2595.50] as it would cause deadlock
[08Aug2026 01:01:19.262] [Server thread/WARN] [ModernFix/]: Skipped emitting ENTITY_MOUNT game event for entity SeatEntity['Seat'/926980, l='ServerLevel[world]', x=-843.50, y=67.00, z=-2595.50] as it would cause deadlock
[08Aug2026 01:01:19.758] [Server thread/WARN] [ModernFix/]: Skipped emitting ENTITY_MOUNT game event for entity SeatEntity['Seat'/927185, l='ServerLevel[world]', x=-843.50, y=67.00, z=-2595.50] as it would cause deadlock
[08Aug2026 01:01:20.298] [Server thread/WARN] [ModernFix/]: Skipped emitting ENTITY_MOUNT game event for entity SeatEntity['Seat'/927321, l='ServerLevel[world]', x=-843.50, y=67.00, z=-2595.50] as it would cause deadlock
[08Aug2026 01:01:20.699] [Server thread/WARN] [ModernFix/]: Skipped emitting ENTITY_MOUNT game event for entity SeatEntity['Seat'/927354, l='ServerLevel[world]', x=-843.50, y=67.00, z=-2595.50] as it would cause deadlock
[08Aug2026 01:01:22.600] [Server thread/WARN] [ModernFix/]: Skipped emitting ENTITY_MOUNT game event for entity SeatEntity['Seat'/927831, l='ServerLevel[world]', x=-843.50, y=67.00, z=-2595.50] as it would cause deadlock
[08Aug2026 01:01:24.006] [Server thread/WARN] [ModernFix/]: Skipped emitting ENTITY_MOUNT game event for entity SeatEntity['Seat'/928158, l='ServerLevel[world]', x=-843.50, y=67.00, z=-2595.50] as it would cause deadlock
[08Aug2026 01:01:25.403] [Server thread/WARN] [ModernFix/]: Skipped emitting ENTITY_MOUNT game event for entity SeatEntity['Seat'/928426, l='ServerLevel[world]', x=-843.50, y=67.00, z=-2595.50] as it would cause deadlock
[08Aug2026 01:01:25.660] [Server thread/WARN] [ModernFix/]: Skipped emitting ENTITY_MOUNT game event for entity SeatEntity['Seat'/928482, l='ServerLevel[world]', x=-843.50, y=67.00, z=-2595.50] as it would cause deadlock
[08Aug2026 01:01:27.363] [Server thread/WARN] [ModernFix/]: Skipped emitting ENTITY_MOUNT game event for entity SeatEntity['Seat'/928918, l='ServerLevel[world]', x=-843.50, y=67.00, z=-2595.50] as it would cause deadlock
[08Aug2026 01:01:28.053] [Server thread/WARN] [ModernFix/]: Skipped emitting ENTITY_MOUNT game event for entity SeatEntity['Seat'/929084, l='ServerLevel[world]', x=-843.50, y=67.00, z=-2595.50] as it would cause deadlock
[08Aug2026 01:01:30.750] [Server thread/WARN] [ModernFix/]: Skipped emitting ENTITY_MOUNT game event for entity SeatEntity['Seat'/929628, l='ServerLevel[world]', x=-843.50, y=67.00, z=-2595.50] as it would cause deadlock
[08Aug2026 01:01:32.353] [Server thread/WARN] [ModernFix/]: Skipped emitting ENTITY_MOUNT game event for entity SeatEntity['Seat'/930047, l='ServerLevel[world]', x=-843.50, y=67.00, z=-2595.50] as it would cause deadlock
[08Aug2026 01:01:33.013] [Server thread/WARN] [ModernFix/]: Skipped emitting ENTITY_MOUNT game event for entity SeatEntity['Seat'/930228, l='ServerLevel[world]', x=-843.50, y=67.00, z=-2595.50] as it would cause deadlock
[08Aug2026 01:01:34.167] [Server thread/WARN] [ModernFix/]: Skipped emitting ENTITY_MOUNT game event for entity SeatEntity['Seat'/930534, l='ServerLevel[world]', x=-843.50, y=67.00, z=-2595.50] as it would cause deadlock
[08Aug2026 01:01:34.310] [Server thread/WARN] [ModernFix/]: Skipped emitting ENTITY_MOUNT game event for entity SeatEntity['Seat'/930589, l='ServerLevel[world]', x=-843.50, y=67.00, z=-2595.50] as it would cause deadlock
[08Aug2026 01:01:35.708] [Server thread/WARN] [ModernFix/]: Skipped emitting ENTITY_MOUNT game event for entity SeatEntity['Seat'/930869, l='ServerLevel[world]', x=-843.50, y=67.00, z=-2595.50] as it would cause deadlock
[08Aug2026 01:01:39.298] [Server thread/WARN] [ModernFix/]: Skipped emitting ENTITY_MOUNT game event for entity SeatEntity['Seat'/931633, l='ServerLevel[world]', x=-843.50, y=67.00, z=-2595.50] as it would cause deadlock
[08Aug2026 01:01:39.864] [Server thread/WARN] [ModernFix/]: Skipped emitting ENTITY_MOUNT game event for entity SeatEntity['Seat'/931726, l='ServerLevel[world]', x=-843.50, y=67.00, z=-2595.50] as it would cause deadlock
[08Aug2026 01:01:41.323] [Server thread/WARN] [ModernFix/]: Skipped emitting ENTITY_MOUNT game event for entity SeatEntity['Seat'/932050, l='ServerLevel[world]', x=-843.50, y=67.00, z=-2595.50] as it would cause deadlock
[08Aug2026 01:01:41.664] [Server thread/WARN] [ModernFix/]: Skipped emitting ENTITY_MOUNT game event for entity SeatEntity['Seat'/932112, l='ServerLevel[world]', x=-843.50, y=67.00, z=-2595.50] as it would cause deadlock
[08Aug2026 01:01:42.418] [Server thread/WARN] [ModernFix/]: Skipped emitting ENTITY_MOUNT game event for entity SeatEntity['Seat'/932288, l='ServerLevel[world]', x=-843.50, y=67.00, z=-2595.50] as it would cause deadlock
[08Aug2026 01:01:44.312] [Server thread/WARN] [ModernFix/]: Skipped emitting ENTITY_MOUNT game event for entity SeatEntity['Seat'/932557, l='ServerLevel[world]', x=-843.50, y=67.00, z=-2595.50] as it would cause deadlock
[08Aug2026 01:01:44.507] [Server thread/WARN] [ModernFix/]: Skipped emitting ENTITY_MOUNT game event for entity SeatEntity['Seat'/932607, l='ServerLevel[world]', x=-843.50, y=67.00, z=-2595.50] as it would cause deadlock
[08Aug2026 01:01:44.955] [Server thread/WARN] [ModernFix/]: Skipped emitting ENTITY_MOUNT game event for entity SeatEntity['Seat'/932617, l='ServerLevel[world]', x=-843.50, y=67.00, z=-2595.50] as it would cause deadlock
[08Aug2026 01:01:49.111] [Server thread/WARN] [ModernFix/]: Skipped emitting ENTITY_MOUNT game event for entity SeatEntity['Seat'/933137, l='ServerLevel[world]', x=-843.50, y=67.00, z=-2595.50] as it would cause deadlock
[08Aug2026 01:02:36.187] [Server thread/INFO] [net.minecraft.server.players.PlayerList/]: xClas06[/10.166.13.156:55843] logged in with entity id 936486 at (-1089.300000011921, 67.0, -2765.3495068870525)
[08Aug2026 01:02:36.191] [Server thread/INFO] [ModdingLegacy/blue_skies/]: Sending ToolHandleTypeManager to xClas06
[08Aug2026 01:02:36.192] [Server thread/INFO] [ModdingLegacy/blue_skies/]: Sending SnowcapOvenFreezingManager to xClas06
[08Aug2026 01:02:36.192] [Server thread/INFO] [ModdingLegacy/blue_skies/]: Sending HorizoniteForgeFuelManager to xClas06
[08Aug2026 01:02:36.192] [Server thread/INFO] [ModdingLegacy/blue_skies/]: Sending AlchemyRecipeManager to xClas06
[08Aug2026 01:02:36.193] [Server thread/INFO] [ModdingLegacy/blue_skies/]: Sending JournalEntryManager to xClas06
[08Aug2026 01:02:36.195] [Server thread/INFO] [ModdingLegacy/blue_skies/]: Sending JournalSectionManager to xClas06
[08Aug2026 01:02:36.195] [Server thread/INFO] [ModdingLegacy/blue_skies/]: Sending JournalRequirementManager to xClas06
[08Aug2026 01:02:36.222] [Server thread/INFO] [ModernFix/]: Using enhanced recipe sync for player xClas06
[08Aug2026 01:02:36.225] [Server thread/INFO] [net.minecraft.server.MinecraftServer/]: xClas06 joined the game
[08Aug2026 01:02:36.409] [Server thread/INFO] [xaero.pac.OpenPartiesAndClaims/]: Updating all forceload tickets for 3dd7239d-b3eb-39bc-adfc-5add3f237d18
[08Aug2026 01:02:36.437] [Server thread/INFO] [se.mickelus.tetra.data.DataManager/]: Sending data to client: xClas06
[08Aug2026 01:02:36.488] [Server thread/INFO] [Jade/]: Syncing config to xClas06 (3dd7239d-b3eb-39bc-adfc-5add3f237d18)
[08Aug2026 01:02:36.551] [Server thread/INFO] [Enigmatic Legacy/INFO]: Synchronizing omniconfig files to xClas06...
[08Aug2026 01:02:36.551] [Server thread/INFO] [Enigmatic Legacy/INFO]: Sending data for enigmaticaddons-common.omniconf
[08Aug2026 01:02:36.551] [Server thread/INFO] [Enigmatic Legacy/INFO]: Sending data for enigmaticlegacy-common.omniconf
[08Aug2026 01:02:36.552] [Server thread/INFO] [Enigmatic Legacy/INFO]: Granting starter gear to xClas06
[08Aug2026 01:02:39.551] [Server thread/INFO] [org.betterx.worlds.together.util.Logger/]: [bclib] Received Hello from Client. (server=3.0.14, client=3.0.14)
[08Aug2026 01:02:39.552] [Server thread/INFO] [org.betterx.worlds.together.util.Logger/]: [bclib] Sending Hello to Client. (server=3.0.14)
[08Aug2026 01:02:39.552] [Server thread/INFO] [org.betterx.worlds.together.util.Logger/]: [bclib] 	- Listing Mod bclib v3.0.14 (size: 2.2 MiB, download=true)
[08Aug2026 01:02:39.552] [Server thread/INFO] [org.betterx.worlds.together.util.Logger/]: [bclib] 	- Offering Config bclib.CONFIG_betterend.entities
[08Aug2026 01:02:39.552] [Server thread/INFO] [org.betterx.worlds.together.util.Logger/]: [bclib] 	- Offering Config bclib.CONFIG_betterend.blocks
[08Aug2026 01:02:39.553] [Server thread/INFO] [org.betterx.worlds.together.util.Logger/]: [bclib] 	- Offering Config bclib.CONFIG_betterend.items
[08Aug2026 01:02:39.553] [Server thread/INFO] [org.betterx.worlds.together.util.Logger/]: [bclib] 	- Offering Config bclib.CONFIG_betterend.enchantments
[08Aug2026 01:02:39.553] [Server thread/INFO] [org.betterx.worlds.together.util.Logger/]: [bclib] 	- Offering Config bclib.CONFIG_bclib.generator
[08Aug2026 01:02:39.553] [Server thread/INFO] [org.betterx.worlds.together.util.Logger/]: [bclib] 	- Offering Config bclib.CONFIG_bclib.main
[08Aug2026 01:02:39.553] [Server thread/INFO] [org.betterx.worlds.together.util.Logger/]: [bclib] 	- Offering Config bclib.CONFIG_bclib.biomes
[08Aug2026 01:02:39.553] [Server thread/INFO] [org.betterx.worlds.together.util.Logger/]: [bclib] 	- Offering Folder /workspaces/ringoo/servidor_minecraft/bclib-sync (allowDelete=true)
[08Aug2026 01:02:39.553] [Server thread/INFO] [ImprovableSkills/]: Sending skill data to xClas06 (3dd7239d-b3eb-39bc-adfc-5add3f237d18)
[08Aug2026 01:02:40.821] [Server thread/WARN] [net.minecraft.world.level.entity.PersistentEntitySectionManager/]: UUID of added entity already exists: Zombie['Zombie'/936867, l='ServerLevel[world]', x=-1106.50, y=-22.00, z=-2796.50]
[08Aug2026 01:02:45.418] [Server thread/WARN] [net.minecraft.server.MinecraftServer/]: Can't keep up! Is the server overloaded? Running 2002ms or 40 ticks behind
[08Aug2026 01:02:46.349] [Server thread/WARN] [ModernFix/]: Skipped emitting ENTITY_MOUNT game event for entity SeatEntity['Seat'/937926, l='ServerLevel[world]', x=-843.50, y=67.00, z=-2595.50] as it would cause deadlock
[08Aug2026 01:02:46.776] [Server thread/WARN] [ModernFix/]: Skipped emitting ENTITY_MOUNT game event for entity SeatEntity['Seat'/938010, l='ServerLevel[world]', x=-843.50, y=67.00, z=-2595.50] as it would cause deadlock
[08Aug2026 01:02:48.040] [Server thread/WARN] [ModernFix/]: Skipped emitting ENTITY_MOUNT game event for entity SeatEntity['Seat'/938347, l='ServerLevel[world]', x=-843.50, y=67.00, z=-2595.50] as it would cause deadlock
[08Aug2026 01:02:48.488] [Server thread/WARN] [ModernFix/]: Skipped emitting ENTITY_MOUNT game event for entity SeatEntity['Seat'/938433, l='ServerLevel[world]', x=-843.50, y=67.00, z=-2595.50] as it would cause deadlock
[08Aug2026 01:02:49.211] [Server thread/WARN] [ModernFix/]: Skipped emitting ENTITY_MOUNT game event for entity SeatEntity['Seat'/938571, l='ServerLevel[world]', x=-843.50, y=67.00, z=-2595.50] as it would cause deadlock
[08Aug2026 01:02:50.482] [Server thread/WARN] [ModernFix/]: Skipped emitting ENTITY_MOUNT game event for entity SeatEntity['Seat'/938939, l='ServerLevel[world]', x=-843.50, y=67.00, z=-2595.50] as it would cause deadlock
[08Aug2026 01:02:50.911] [Server thread/WARN] [ModernFix/]: Skipped emitting ENTITY_MOUNT game event for entity SeatEntity['Seat'/939008, l='ServerLevel[world]', x=-843.50, y=67.00, z=-2595.50] as it would cause deadlock
[08Aug2026 01:02:51.106] [Server thread/WARN] [ModernFix/]: Skipped emitting ENTITY_MOUNT game event for entity SeatEntity['Seat'/939019, l='ServerLevel[world]', x=-843.50, y=67.00, z=-2595.50] as it would cause deadlock
[08Aug2026 01:02:52.488] [Server thread/WARN] [ModernFix/]: Skipped emitting ENTITY_MOUNT game event for entity SeatEntity['Seat'/939251, l='ServerLevel[world]', x=-843.50, y=67.00, z=-2595.50] as it would cause deadlock
[08Aug2026 01:02:54.253] [Server thread/WARN] [ModernFix/]: Skipped emitting ENTITY_MOUNT game event for entity SeatEntity['Seat'/939647, l='ServerLevel[world]', x=-843.50, y=67.00, z=-2595.50] as it would cause deadlock
[08Aug2026 01:02:58.267] [Server thread/WARN] [ModernFix/]: Skipped emitting ENTITY_MOUNT game event for entity SeatEntity['Seat'/940298, l='ServerLevel[world]', x=-843.50, y=67.00, z=-2595.50] as it would cause deadlock
[08Aug2026 01:02:59.523] [Server thread/WARN] [ModernFix/]: Skipped emitting ENTITY_MOUNT game event for entity SeatEntity['Seat'/940484, l='ServerLevel[world]', x=-843.50, y=67.00, z=-2595.50] as it would cause deadlock
[08Aug2026 01:02:59.690] [Server thread/WARN] [ModernFix/]: Skipped emitting ENTITY_MOUNT game event for entity SeatEntity['Seat'/940490, l='ServerLevel[world]', x=-843.50, y=67.00, z=-2595.50] as it would cause deadlock
[08Aug2026 01:03:00.129] [Server thread/WARN] [ModernFix/]: Skipped emitting ENTITY_MOUNT game event for entity SeatEntity['Seat'/940538, l='ServerLevel[world]', x=-843.50, y=67.00, z=-2595.50] as it would cause deadlock
[08Aug2026 01:03:00.382] [Server thread/WARN] [ModernFix/]: Skipped emitting ENTITY_MOUNT game event for entity SeatEntity['Seat'/940566, l='ServerLevel[world]', x=-843.50, y=67.00, z=-2595.50] as it would cause deadlock
[08Aug2026 01:03:00.617] [Server thread/WARN] [ModernFix/]: Skipped emitting ENTITY_MOUNT game event for entity SeatEntity['Seat'/940639, l='ServerLevel[world]', x=-843.50, y=67.00, z=-2595.50] as it would cause deadlock
[08Aug2026 01:03:01.377] [Server thread/WARN] [ModernFix/]: Skipped emitting ENTITY_MOUNT game event for entity SeatEntity['Seat'/940701, l='ServerLevel[world]', x=-843.50, y=67.00, z=-2595.50] as it would cause deadlock
[08Aug2026 01:03:03.210] [Server thread/WARN] [ModernFix/]: Skipped emitting ENTITY_MOUNT game event for entity SeatEntity['Seat'/940980, l='ServerLevel[world]', x=-843.50, y=67.00, z=-2595.50] as it would cause deadlock
[08Aug2026 01:03:03.328] [Server thread/WARN] [net.minecraft.server.MinecraftServer/]: Can't keep up! Is the server overloaded? Running 2912ms or 58 ticks behind
[08Aug2026 01:03:05.083] [Server thread/WARN] [ModernFix/]: Skipped emitting ENTITY_MOUNT game event for entity SeatEntity['Seat'/941471, l='ServerLevel[world]', x=-843.50, y=67.00, z=-2595.50] as it would cause deadlock
[08Aug2026 01:03:08.794] [Server thread/WARN] [ModernFix/]: Skipped emitting ENTITY_MOUNT game event for entity SeatEntity['Seat'/942079, l='ServerLevel[world]', x=-843.50, y=67.00, z=-2595.50] as it would cause deadlock
[08Aug2026 01:03:10.338] [Server thread/WARN] [ModernFix/]: Skipped emitting ENTITY_MOUNT game event for entity SeatEntity['Seat'/942443, l='ServerLevel[world]', x=-843.50, y=67.00, z=-2595.50] as it would cause deadlock
[08Aug2026 01:03:10.610] [Server thread/WARN] [ModernFix/]: Skipped emitting ENTITY_MOUNT game event for entity SeatEntity['Seat'/942496, l='ServerLevel[world]', x=-843.50, y=67.00, z=-2595.50] as it would cause deadlock
[08Aug2026 01:03:10.973] [Server thread/WARN] [ModernFix/]: Skipped emitting ENTITY_MOUNT game event for entity SeatEntity['Seat'/942515, l='ServerLevel[world]', x=-843.50, y=67.00, z=-2595.50] as it would cause deadlock
[08Aug2026 01:03:11.923] [Server thread/WARN] [ModernFix/]: Skipped emitting ENTITY_MOUNT game event for entity SeatEntity['Seat'/942682, l='ServerLevel[world]', x=-843.50, y=67.00, z=-2595.50] as it would cause deadlock
[08Aug2026 01:03:12.292] [Server thread/WARN] [ModernFix/]: Skipped emitting ENTITY_MOUNT game event for entity SeatEntity['Seat'/942758, l='ServerLevel[world]', x=-843.50, y=67.00, z=-2595.50] as it would cause deadlock
[08Aug2026 01:03:15.382] [Server thread/WARN] [ModernFix/]: Skipped emitting ENTITY_MOUNT game event for entity SeatEntity['Seat'/943294, l='ServerLevel[world]', x=-843.50, y=67.00, z=-2595.50] as it would cause deadlock
[08Aug2026 01:03:16.444] [Server thread/WARN] [ModernFix/]: Skipped emitting ENTITY_MOUNT game event for entity SeatEntity['Seat'/943396, l='ServerLevel[world]', x=-843.50, y=67.00, z=-2595.50] as it would cause deadlock
[08Aug2026 01:03:16.934] [Server thread/WARN] [ModernFix/]: Skipped emitting ENTITY_MOUNT game event for entity SeatEntity['Seat'/943481, l='ServerLevel[world]', x=-843.50, y=67.00, z=-2595.50] as it would cause deadlock
[08Aug2026 01:03:17.132] [Server thread/WARN] [ModernFix/]: Skipped emitting ENTITY_MOUNT game event for entity SeatEntity['Seat'/943512, l='ServerLevel[world]', x=-843.50, y=67.00, z=-2595.50] as it would cause deadlock
[08Aug2026 01:03:18.399] [Server thread/WARN] [ModernFix/]: Skipped emitting ENTITY_MOUNT game event for entity SeatEntity['Seat'/943628, l='ServerLevel[world]', x=-843.50, y=67.00, z=-2595.50] as it would cause deadlock
[08Aug2026 01:03:19.636] [Server thread/WARN] [ModernFix/]: Skipped emitting ENTITY_MOUNT game event for entity SeatEntity['Seat'/943765, l='ServerLevel[world]', x=-843.50, y=67.00, z=-2595.50] as it would cause deadlock
[08Aug2026 01:03:19.893] [Server thread/WARN] [ModernFix/]: Skipped emitting ENTITY_MOUNT game event for entity SeatEntity['Seat'/943770, l='ServerLevel[world]', x=-843.50, y=67.00, z=-2595.50] as it would cause deadlock
[08Aug2026 01:03:22.231] [Server thread/WARN] [net.minecraft.server.MinecraftServer/]: Can't keep up! Is the server overloaded? Running 3915ms or 78 ticks behind
[08Aug2026 01:03:24.254] [Server thread/WARN] [ModernFix/]: Skipped emitting ENTITY_MOUNT game event for entity SeatEntity['Seat'/944494, l='ServerLevel[world]', x=-843.50, y=67.00, z=-2595.50] as it would cause deadlock
[08Aug2026 01:03:24.499] [Server thread/WARN] [ModernFix/]: Skipped emitting ENTITY_MOUNT game event for entity SeatEntity['Seat'/944508, l='ServerLevel[world]', x=-843.50, y=67.00, z=-2595.50] as it would cause deadlock
[08Aug2026 01:03:25.445] [Server thread/WARN] [ModernFix/]: Skipped emitting ENTITY_MOUNT game event for entity SeatEntity['Seat'/944744, l='ServerLevel[world]', x=-843.50, y=67.00, z=-2595.50] as it would cause deadlock
[08Aug2026 01:03:25.719] [Server thread/INFO] [net.minecraft.server.MinecraftServer/]: Anubis_11 has made the advancement [Ocean Cleanup]
[08Aug2026 01:03:33.324] [Server thread/WARN] [ModernFix/]: Skipped emitting ENTITY_MOUNT game event for entity SeatEntity['Seat'/946218, l='ServerLevel[world]', x=-843.50, y=67.00, z=-2595.50] as it would cause deadlock
[08Aug2026 01:03:33.539] [Server thread/WARN] [ModernFix/]: Skipped emitting ENTITY_MOUNT game event for entity SeatEntity['Seat'/946265, l='ServerLevel[world]', x=-843.50, y=67.00, z=-2595.50] as it would cause deadlock
[08Aug2026 01:03:33.957] [Server thread/WARN] [ModernFix/]: Skipped emitting ENTITY_MOUNT game event for entity SeatEntity['Seat'/946273, l='ServerLevel[world]', x=-843.50, y=67.00, z=-2595.50] as it would cause deadlock
[08Aug2026 01:03:34.589] [Server thread/WARN] [ModernFix/]: Skipped emitting ENTITY_MOUNT game event for entity SeatEntity['Seat'/946347, l='ServerLevel[world]', x=-843.50, y=67.00, z=-2595.50] as it would cause deadlock
[08Aug2026 01:03:35.592] [Server thread/WARN] [ModernFix/]: Skipped emitting ENTITY_MOUNT game event for entity SeatEntity['Seat'/946482, l='ServerLevel[world]', x=-843.50, y=67.00, z=-2595.50] as it would cause deadlock
[08Aug2026 01:03:37.828] [Server thread/WARN] [ModernFix/]: Skipped emitting ENTITY_MOUNT game event for entity SeatEntity['Seat'/946737, l='ServerLevel[world]', x=-843.50, y=67.00, z=-2595.50] as it would cause deadlock
[08Aug2026 01:03:38.147] [Server thread/WARN] [ModernFix/]: Skipped emitting ENTITY_MOUNT game event for entity SeatEntity['Seat'/946776, l='ServerLevel[world]', x=-843.50, y=67.00, z=-2595.50] as it would cause deadlock
[08Aug2026 01:03:38.999] [Server thread/WARN] [ModernFix/]: Skipped emitting ENTITY_MOUNT game event for entity SeatEntity['Seat'/946896, l='ServerLevel[world]', x=-843.50, y=67.00, z=-2595.50] as it would cause deadlock
[08Aug2026 01:03:39.476] [Server thread/WARN] [net.minecraft.server.MinecraftServer/]: Can't keep up! Is the server overloaded? Running 2260ms or 45 ticks behind
[08Aug2026 01:03:39.775] [Server thread/WARN] [ModernFix/]: Skipped emitting ENTITY_MOUNT game event for entity SeatEntity['Seat'/947041, l='ServerLevel[world]', x=-843.50, y=67.00, z=-2595.50] as it would cause deadlock
[08Aug2026 01:03:39.951] [Server thread/WARN] [ModernFix/]: Skipped emitting ENTITY_MOUNT game event for entity SeatEntity['Seat'/947127, l='ServerLevel[world]', x=-843.50, y=67.00, z=-2595.50] as it would cause deadlock
[08Aug2026 01:03:40.549] [Server thread/WARN] [ModernFix/]: Skipped emitting ENTITY_MOUNT game event for entity SeatEntity['Seat'/947180, l='ServerLevel[world]', x=-843.50, y=67.00, z=-2595.50] as it would cause deadlock
[08Aug2026 01:03:43.464] [Server thread/WARN] [ModernFix/]: Skipped emitting ENTITY_MOUNT game event for entity SeatEntity['Seat'/947694, l='ServerLevel[world]', x=-843.50, y=67.00, z=-2595.50] as it would cause deadlock
[08Aug2026 01:03:47.456] [Server thread/WARN] [ModernFix/]: Skipped emitting ENTITY_MOUNT game event for entity SeatEntity['Seat'/948495, l='ServerLevel[world]', x=-843.50, y=67.00, z=-2595.50] as it would cause deadlock
[08Aug2026 01:03:48.097] [Server thread/WARN] [ModernFix/]: Skipped emitting ENTITY_MOUNT game event for entity SeatEntity['Seat'/948568, l='ServerLevel[world]', x=-843.50, y=67.00, z=-2595.50] as it would cause deadlock
[08Aug2026 01:03:48.563] [Server thread/WARN] [ModernFix/]: Skipped emitting ENTITY_MOUNT game event for entity SeatEntity['Seat'/948714, l='ServerLevel[world]', x=-843.50, y=67.00, z=-2595.50] as it would cause deadlock
[08Aug2026 01:03:48.927] [Server thread/WARN] [ModernFix/]: Skipped emitting ENTITY_MOUNT game event for entity SeatEntity['Seat'/948833, l='ServerLevel[world]', x=-843.50, y=67.00, z=-2595.50] as it would cause deadlock
[08Aug2026 01:03:49.778] [Server thread/WARN] [ModernFix/]: Skipped emitting ENTITY_MOUNT game event for entity SeatEntity['Seat'/949066, l='ServerLevel[world]', x=-843.50, y=67.00, z=-2595.50] as it would cause deadlock
[08Aug2026 01:03:53.556] [Server thread/WARN] [ModernFix/]: Skipped emitting ENTITY_MOUNT game event for entity SeatEntity['Seat'/949850, l='ServerLevel[world]', x=-843.50, y=67.00, z=-2595.50] as it would cause deadlock
[08Aug2026 01:03:53.921] [Server thread/WARN] [ModernFix/]: Skipped emitting ENTITY_MOUNT game event for entity SeatEntity['Seat'/949862, l='ServerLevel[world]', x=-843.50, y=67.00, z=-2595.50] as it would cause deadlock
[08Aug2026 01:03:55.691] [Server thread/WARN] [ModernFix/]: Skipped emitting ENTITY_MOUNT game event for entity SeatEntity['Seat'/950344, l='ServerLevel[world]', x=-843.50, y=67.00, z=-2595.50] as it would cause deadlock
[08Aug2026 01:03:56.221] [Server thread/WARN] [ModernFix/]: Skipped emitting ENTITY_MOUNT game event for entity SeatEntity['Seat'/950459, l='ServerLevel[world]', x=-843.50, y=67.00, z=-2595.50] as it would cause deadlock
[08Aug2026 01:03:56.557] [Server thread/WARN] [net.minecraft.server.MinecraftServer/]: Can't keep up! Is the server overloaded? Running 2092ms or 41 ticks behind
[08Aug2026 01:03:56.614] [Server thread/WARN] [ModernFix/]: Skipped emitting ENTITY_MOUNT game event for entity SeatEntity['Seat'/950521, l='ServerLevel[world]', x=-843.50, y=67.00, z=-2595.50] as it would cause deadlock
[08Aug2026 01:04:03.612] [Server thread/WARN] [ModernFix/]: Skipped emitting ENTITY_MOUNT game event for entity SeatEntity['Seat'/951926, l='ServerLevel[world]', x=-843.50, y=67.00, z=-2595.50] as it would cause deadlock
[08Aug2026 01:04:05.029] [Server thread/WARN] [ModernFix/]: Skipped emitting ENTITY_MOUNT game event for entity SeatEntity['Seat'/952204, l='ServerLevel[world]', x=-843.50, y=67.00, z=-2595.50] as it would cause deadlock
[08Aug2026 01:04:05.868] [Server thread/WARN] [ModernFix/]: Skipped emitting ENTITY_MOUNT game event for entity SeatEntity['Seat'/952491, l='ServerLevel[world]', x=-843.50, y=67.00, z=-2595.50] as it would cause deadlock
[08Aug2026 01:04:10.652] [Server thread/WARN] [ModernFix/]: Skipped emitting ENTITY_MOUNT game event for entity SeatEntity['Seat'/953330, l='ServerLevel[world]', x=-843.50, y=67.00, z=-2595.50] as it would cause deadlock
[08Aug2026 01:04:11.892] [Server thread/WARN] [ModernFix/]: Skipped emitting ENTITY_MOUNT game event for entity SeatEntity['Seat'/953565, l='ServerLevel[world]', x=-843.50, y=67.00, z=-2595.50] as it would cause deadlock
[08Aug2026 01:04:14.252] [Server thread/WARN] [ModernFix/]: Skipped emitting ENTITY_MOUNT game event for entity SeatEntity['Seat'/953993, l='ServerLevel[world]', x=-843.50, y=67.00, z=-2595.50] as it would cause deadlock
[08Aug2026 01:04:14.748] [Server thread/WARN] [net.minecraft.server.MinecraftServer/]: Can't keep up! Is the server overloaded? Running 3233ms or 64 ticks behind
[08Aug2026 01:04:15.427] [Server thread/WARN] [ModernFix/]: Skipped emitting ENTITY_MOUNT game event for entity SeatEntity['Seat'/954213, l='ServerLevel[world]', x=-843.50, y=67.00, z=-2595.50] as it would cause deadlock
[08Aug2026 01:04:16.450] [Server thread/WARN] [ModernFix/]: Skipped emitting ENTITY_MOUNT game event for entity SeatEntity['Seat'/954448, l='ServerLevel[world]', x=-843.50, y=67.00, z=-2595.50] as it would cause deadlock
[08Aug2026 01:04:16.781] [Server thread/INFO] [net.minecraft.server.MinecraftServer/]: xClas06 has made the advancement [Let's Get To Work]
[08Aug2026 01:04:16.836] [Server thread/WARN] [ModernFix/]: Skipped emitting ENTITY_MOUNT game event for entity SeatEntity['Seat'/954477, l='ServerLevel[world]', x=-843.50, y=67.00, z=-2595.50] as it would cause deadlock
[08Aug2026 01:04:18.075] [Server thread/WARN] [ModernFix/]: Skipped emitting ENTITY_MOUNT game event for entity SeatEntity['Seat'/954865, l='ServerLevel[world]', x=-843.50, y=67.00, z=-2595.50] as it would cause deadlock
[08Aug2026 01:04:18.664] [Server thread/WARN] [ModernFix/]: Skipped emitting ENTITY_MOUNT game event for entity SeatEntity['Seat'/954953, l='ServerLevel[world]', x=-843.50, y=67.00, z=-2595.50] as it would cause deadlock
[08Aug2026 01:04:18.872] [Server thread/WARN] [ModernFix/]: Skipped emitting ENTITY_MOUNT game event for entity SeatEntity['Seat'/954967, l='ServerLevel[world]', x=-843.50, y=67.00, z=-2595.50] as it would cause deadlock
[08Aug2026 01:04:19.927] [Server thread/WARN] [ModernFix/]: Skipped emitting ENTITY_MOUNT game event for entity SeatEntity['Seat'/955218, l='ServerLevel[world]', x=-843.50, y=67.00, z=-2595.50] as it would cause deadlock
[08Aug2026 01:04:20.648] [Server thread/WARN] [ModernFix/]: Skipped emitting ENTITY_MOUNT game event for entity SeatEntity['Seat'/955337, l='ServerLevel[world]', x=-843.50, y=67.00, z=-2595.50] as it would cause deadlock
[08Aug2026 01:04:20.869] [Server thread/WARN] [ModernFix/]: Skipped emitting ENTITY_MOUNT game event for entity SeatEntity['Seat'/955393, l='ServerLevel[world]', x=-843.50, y=67.00, z=-2595.50] as it would cause deadlock
[08Aug2026 01:04:22.743] [Server thread/WARN] [ModernFix/]: Skipped emitting ENTITY_MOUNT game event for entity SeatEntity['Seat'/955687, l='ServerLevel[world]', x=-843.50, y=67.00, z=-2595.50] as it would cause deadlock
[08Aug2026 01:04:24.474] [Server thread/WARN] [ModernFix/]: Skipped emitting ENTITY_MOUNT game event for entity SeatEntity['Seat'/955986, l='ServerLevel[world]', x=-843.50, y=67.00, z=-2595.50] as it would cause deadlock
[08Aug2026 01:04:29.687] [Server thread/WARN] [ModernFix/]: Skipped emitting ENTITY_MOUNT game event for entity SeatEntity['Seat'/957051, l='ServerLevel[world]', x=-843.50, y=67.00, z=-2595.50] as it would cause deadlock
[08Aug2026 01:04:31.256] [Server thread/WARN] [ModernFix/]: Skipped emitting ENTITY_MOUNT game event for entity SeatEntity['Seat'/957348, l='ServerLevel[world]', x=-843.50, y=67.00, z=-2595.50] as it would cause deadlock
[08Aug2026 01:04:31.903] [Server thread/WARN] [net.minecraft.server.MinecraftServer/]: Can't keep up! Is the server overloaded? Running 2187ms or 43 ticks behind
[08Aug2026 01:04:32.550] [Server thread/WARN] [ModernFix/]: Skipped emitting ENTITY_MOUNT game event for entity SeatEntity['Seat'/957537, l='ServerLevel[world]', x=-843.50, y=67.00, z=-2595.50] as it would cause deadlock
[08Aug2026 01:04:33.304] [Server thread/WARN] [ModernFix/]: Skipped emitting ENTITY_MOUNT game event for entity SeatEntity['Seat'/957752, l='ServerLevel[world]', x=-843.50, y=67.00, z=-2595.50] as it would cause deadlock
[08Aug2026 01:04:33.999] [Server thread/WARN] [ModernFix/]: Skipped emitting ENTITY_MOUNT game event for entity SeatEntity['Seat'/957851, l='ServerLevel[world]', x=-843.50, y=67.00, z=-2595.50] as it would cause deadlock
[08Aug2026 01:04:34.486] [Server thread/WARN] [ModernFix/]: Skipped emitting ENTITY_MOUNT game event for entity SeatEntity['Seat'/957929, l='ServerLevel[world]', x=-843.50, y=67.00, z=-2595.50] as it would cause deadlock
[08Aug2026 01:04:34.753] [Server thread/WARN] [ModernFix/]: Skipped emitting ENTITY_MOUNT game event for entity SeatEntity['Seat'/958001, l='ServerLevel[world]', x=-843.50, y=67.00, z=-2595.50] as it would cause deadlock
[08Aug2026 01:04:35.334] [Server thread/WARN] [ModernFix/]: Skipped emitting ENTITY_MOUNT game event for entity SeatEntity['Seat'/958092, l='ServerLevel[world]', x=-843.50, y=67.00, z=-2595.50] as it would cause deadlock
[08Aug2026 01:04:35.556] [Server thread/WARN] [ModernFix/]: Skipped emitting ENTITY_MOUNT game event for entity SeatEntity['Seat'/958103, l='ServerLevel[world]', x=-843.50, y=67.00, z=-2595.50] as it would cause deadlock
[08Aug2026 01:04:36.025] [Server thread/WARN] [ModernFix/]: Skipped emitting ENTITY_MOUNT game event for entity SeatEntity['Seat'/958245, l='ServerLevel[world]', x=-843.50, y=67.00, z=-2595.50] as it would cause deadlock
[08Aug2026 01:04:36.342] [Server thread/WARN] [ModernFix/]: Skipped emitting ENTITY_MOUNT game event for entity SeatEntity['Seat'/958309, l='ServerLevel[world]', x=-843.50, y=67.00, z=-2595.50] as it would cause deadlock
[08Aug2026 01:04:37.334] [Server thread/WARN] [ModernFix/]: Skipped emitting ENTITY_MOUNT game event for entity SeatEntity['Seat'/958530, l='ServerLevel[world]', x=-843.50, y=67.00, z=-2595.50] as it would cause deadlock
[08Aug2026 01:04:38.897] [Server thread/WARN] [ModernFix/]: Skipped emitting ENTITY_MOUNT game event for entity SeatEntity['Seat'/958855, l='ServerLevel[world]', x=-843.50, y=67.00, z=-2595.50] as it would cause deadlock
[08Aug2026 01:04:39.214] [Server thread/WARN] [ModernFix/]: Skipped emitting ENTITY_MOUNT game event for entity SeatEntity['Seat'/958879, l='ServerLevel[world]', x=-843.50, y=67.00, z=-2595.50] as it would cause deadlock
[08Aug2026 01:04:42.317] [Server thread/WARN] [ModernFix/]: Skipped emitting ENTITY_MOUNT game event for entity SeatEntity['Seat'/959426, l='ServerLevel[world]', x=-843.50, y=67.00, z=-2595.50] as it would cause deadlock
[08Aug2026 01:04:44.210] [Server thread/WARN] [ModernFix/]: Skipped emitting ENTITY_MOUNT game event for entity SeatEntity['Seat'/959753, l='ServerLevel[world]', x=-843.50, y=67.00, z=-2595.50] as it would cause deadlock
[08Aug2026 01:04:46.196] [Server thread/WARN] [ModernFix/]: Skipped emitting ENTITY_MOUNT game event for entity SeatEntity['Seat'/960067, l='ServerLevel[world]', x=-843.50, y=67.00, z=-2595.50] as it would cause deadlock
[08Aug2026 01:04:47.385] [Server thread/WARN] [ModernFix/]: Skipped emitting ENTITY_MOUNT game event for entity SeatEntity['Seat'/960354, l='ServerLevel[world]', x=-843.50, y=67.00, z=-2595.50] as it would cause deadlock
[08Aug2026 01:04:49.061] [Server thread/WARN] [ModernFix/]: Skipped emitting ENTITY_MOUNT game event for entity SeatEntity['Seat'/960663, l='ServerLevel[world]', x=-843.50, y=67.00, z=-2595.50] as it would cause deadlock
[08Aug2026 01:04:49.243] [Server thread/WARN] [ModernFix/]: Skipped emitting ENTITY_MOUNT game event for entity SeatEntity['Seat'/960696, l='ServerLevel[world]', x=-843.50, y=67.00, z=-2595.50] as it would cause deadlock
[08Aug2026 01:04:49.755] [Server thread/WARN] [net.minecraft.server.MinecraftServer/]: Can't keep up! Is the server overloaded? Running 2889ms or 57 ticks behind
[08Aug2026 01:04:50.718] [Server thread/WARN] [ModernFix/]: Skipped emitting ENTITY_MOUNT game event for entity SeatEntity['Seat'/960973, l='ServerLevel[world]', x=-843.50, y=67.00, z=-2595.50] as it would cause deadlock
[08Aug2026 01:04:54.267] [Server thread/WARN] [ModernFix/]: Skipped emitting ENTITY_MOUNT game event for entity SeatEntity['Seat'/961765, l='ServerLevel[world]', x=-843.50, y=67.00, z=-2595.50] as it would cause deadlock
[08Aug2026 01:04:55.184] [Server thread/WARN] [ModernFix/]: Skipped emitting ENTITY_MOUNT game event for entity SeatEntity['Seat'/961944, l='ServerLevel[world]', x=-843.50, y=67.00, z=-2595.50] as it would cause deadlock
[08Aug2026 01:04:59.661] [Server thread/WARN] [ModernFix/]: Skipped emitting ENTITY_MOUNT game event for entity SeatEntity['Seat'/962793, l='ServerLevel[world]', x=-843.50, y=67.00, z=-2595.50] as it would cause deadlock
[08Aug2026 01:05:00.421] [Server thread/WARN] [ModernFix/]: Skipped emitting ENTITY_MOUNT game event for entity SeatEntity['Seat'/962932, l='ServerLevel[world]', x=-843.50, y=67.00, z=-2595.50] as it would cause deadlock
[08Aug2026 01:05:00.908] [Server thread/WARN] [ModernFix/]: Skipped emitting ENTITY_MOUNT game event for entity SeatEntity['Seat'/963054, l='ServerLevel[world]', x=-843.50, y=67.00, z=-2595.50] as it would cause deadlock
[08Aug2026 01:05:01.342] [Server thread/WARN] [ModernFix/]: Skipped emitting ENTITY_MOUNT game event for entity SeatEntity['Seat'/963156, l='ServerLevel[world]', x=-843.50, y=67.00, z=-2595.50] as it would cause deadlock
[08Aug2026 01:05:01.703] [Server thread/WARN] [ModernFix/]: Skipped emitting ENTITY_MOUNT game event for entity SeatEntity['Seat'/963210, l='ServerLevel[world]', x=-843.50, y=67.00, z=-2595.50] as it would cause deadlock
[08Aug2026 01:05:02.048] [Server thread/WARN] [ModernFix/]: Skipped emitting ENTITY_MOUNT game event for entity SeatEntity['Seat'/963229, l='ServerLevel[world]', x=-843.50, y=67.00, z=-2595.50] as it would cause deadlock
[08Aug2026 01:05:02.722] [Server thread/WARN] [ModernFix/]: Skipped emitting ENTITY_MOUNT game event for entity SeatEntity['Seat'/963295, l='ServerLevel[world]', x=-843.50, y=67.00, z=-2595.50] as it would cause deadlock
[08Aug2026 01:05:05.391] [Server thread/WARN] [ModernFix/]: Skipped emitting ENTITY_MOUNT game event for entity SeatEntity['Seat'/963764, l='ServerLevel[world]', x=-843.50, y=67.00, z=-2595.50] as it would cause deadlock
[08Aug2026 01:05:06.014] [Server thread/WARN] [ModernFix/]: Skipped emitting ENTITY_MOUNT game event for entity SeatEntity['Seat'/963863, l='ServerLevel[world]', x=-843.50, y=67.00, z=-2595.50] as it would cause deadlock
[08Aug2026 01:05:07.895] [Server thread/WARN] [ModernFix/]: Skipped emitting ENTITY_MOUNT game event for entity SeatEntity['Seat'/964240, l='ServerLevel[world]', x=-843.50, y=67.00, z=-2595.50] as it would cause deadlock
[08Aug2026 01:05:08.069] [Server thread/WARN] [net.minecraft.server.MinecraftServer/]: Can't keep up! Is the server overloaded? Running 3354ms or 67 ticks behind
[08Aug2026 01:05:14.325] [Server thread/WARN] [ModernFix/]: Skipped emitting ENTITY_MOUNT game event for entity SeatEntity['Seat'/965013, l='ServerLevel[world]', x=-843.50, y=67.00, z=-2595.50] as it would cause deadlock
[08Aug2026 01:05:17.749] [Server thread/WARN] [ModernFix/]: Skipped emitting ENTITY_MOUNT game event for entity SeatEntity['Seat'/965524, l='ServerLevel[world]', x=-843.50, y=67.00, z=-2595.50] as it would cause deadlock
[08Aug2026 01:05:23.030] [Server thread/WARN] [ModernFix/]: Skipped emitting ENTITY_MOUNT game event for entity SeatEntity['Seat'/966373, l='ServerLevel[world]', x=-843.50, y=67.00, z=-2595.50] as it would cause deadlock
[08Aug2026 01:05:23.828] [Server thread/WARN] [ModernFix/]: Skipped emitting ENTITY_MOUNT game event for entity SeatEntity['Seat'/966525, l='ServerLevel[world]', x=-843.50, y=67.00, z=-2595.50] as it would cause deadlock
[08Aug2026 01:05:25.090] [Server thread/WARN] [ModernFix/]: Skipped emitting ENTITY_MOUNT game event for entity SeatEntity['Seat'/966809, l='ServerLevel[world]', x=-843.50, y=67.00, z=-2595.50] as it would cause deadlock
[08Aug2026 01:05:25.349] [Server thread/WARN] [ModernFix/]: Skipped emitting ENTITY_MOUNT game event for entity SeatEntity['Seat'/966823, l='ServerLevel[world]', x=-843.50, y=67.00, z=-2595.50] as it would cause deadlock
[08Aug2026 01:05:26.153] [Server thread/WARN] [ModernFix/]: Skipped emitting ENTITY_MOUNT game event for entity SeatEntity['Seat'/967026, l='ServerLevel[world]', x=-843.50, y=67.00, z=-2595.50] as it would cause deadlock
[08Aug2026 01:05:28.435] [Server thread/WARN] [ModernFix/]: Skipped emitting ENTITY_MOUNT game event for entity SeatEntity['Seat'/967500, l='ServerLevel[world]', x=-843.50, y=67.00, z=-2595.50] as it would cause deadlock
[08Aug2026 01:05:28.593] [Server thread/WARN] [net.minecraft.server.MinecraftServer/]: Can't keep up! Is the server overloaded? Running 5528ms or 110 ticks behind
[08Aug2026 01:05:28.702] [Server thread/WARN] [ModernFix/]: Skipped emitting ENTITY_MOUNT game event for entity SeatEntity['Seat'/967561, l='ServerLevel[world]', x=-843.50, y=67.00, z=-2595.50] as it would cause deadlock
[08Aug2026 01:05:29.596] [Server thread/WARN] [ModernFix/]: Skipped emitting ENTITY_MOUNT game event for entity SeatEntity['Seat'/967727, l='ServerLevel[world]', x=-843.50, y=67.00, z=-2595.50] as it would cause deadlock
[08Aug2026 01:05:30.168] [Server thread/WARN] [ModernFix/]: Skipped emitting ENTITY_MOUNT game event for entity SeatEntity['Seat'/967871, l='ServerLevel[world]', x=-843.50, y=67.00, z=-2595.50] as it would cause deadlock
[08Aug2026 01:05:33.575] [Server thread/WARN] [ModernFix/]: Skipped emitting ENTITY_MOUNT game event for entity SeatEntity['Seat'/968489, l='ServerLevel[world]', x=-843.50, y=67.00, z=-2595.50] as it would cause deadlock
[08Aug2026 01:05:34.781] [Server thread/WARN] [ModernFix/]: Skipped emitting ENTITY_MOUNT game event for entity SeatEntity['Seat'/968680, l='ServerLevel[world]', x=-843.50, y=67.00, z=-2595.50] as it would cause deadlock
[08Aug2026 01:05:38.415] [Server thread/WARN] [ModernFix/]: Skipped emitting ENTITY_MOUNT game event for entity SeatEntity['Seat'/969328, l='ServerLevel[world]', x=-843.50, y=67.00, z=-2595.50] as it would cause deadlock
[08Aug2026 01:05:39.011] [Server thread/WARN] [ModernFix/]: Skipped emitting ENTITY_MOUNT game event for entity SeatEntity['Seat'/969492, l='ServerLevel[world]', x=-843.50, y=67.00, z=-2595.50] as it would cause deadlock
[08Aug2026 01:05:39.505] [Server thread/WARN] [ModernFix/]: Skipped emitting ENTITY_MOUNT game event for entity SeatEntity['Seat'/969626, l='ServerLevel[world]', x=-843.50, y=67.00, z=-2595.50] as it would cause deadlock
[08Aug2026 01:05:40.456] [Server thread/WARN] [ModernFix/]: Skipped emitting ENTITY_MOUNT game event for entity SeatEntity['Seat'/969750, l='ServerLevel[world]', x=-843.50, y=67.00, z=-2595.50] as it would cause deadlock
[08Aug2026 01:05:40.692] [Server thread/WARN] [ModernFix/]: Skipped emitting ENTITY_MOUNT game event for entity SeatEntity['Seat'/969844, l='ServerLevel[world]', x=-843.50, y=67.00, z=-2595.50] as it would cause deadlock
[08Aug2026 01:05:40.907] [Server thread/WARN] [ModernFix/]: Skipped emitting ENTITY_MOUNT game event for entity SeatEntity['Seat'/969851, l='ServerLevel[world]', x=-843.50, y=67.00, z=-2595.50] as it would cause deadlock
[08Aug2026 01:05:42.003] [Server thread/WARN] [ModernFix/]: Skipped emitting ENTITY_MOUNT game event for entity SeatEntity['Seat'/970139, l='ServerLevel[world]', x=-843.50, y=67.00, z=-2595.50] as it would cause deadlock
[08Aug2026 01:05:42.588] [Server thread/WARN] [ModernFix/]: Skipped emitting ENTITY_MOUNT game event for entity SeatEntity['Seat'/970277, l='ServerLevel[world]', x=-843.50, y=67.00, z=-2595.50] as it would cause deadlock
[08Aug2026 01:05:45.721] [Server thread/WARN] [ModernFix/]: Skipped emitting ENTITY_MOUNT game event for entity SeatEntity['Seat'/970996, l='ServerLevel[world]', x=-843.50, y=67.00, z=-2595.50] as it would cause deadlock
[08Aug2026 01:05:45.975] [Server thread/WARN] [net.minecraft.server.MinecraftServer/]: Can't keep up! Is the server overloaded? Running 2410ms or 48 ticks behind
[08Aug2026 01:05:46.185] [Server thread/WARN] [ModernFix/]: Skipped emitting ENTITY_MOUNT game event for entity SeatEntity['Seat'/971068, l='ServerLevel[world]', x=-843.50, y=67.00, z=-2595.50] as it would cause deadlock
[08Aug2026 01:05:46.656] [Server thread/WARN] [ModernFix/]: Skipped emitting ENTITY_MOUNT game event for entity SeatEntity['Seat'/971220, l='ServerLevel[world]', x=-843.50, y=67.00, z=-2595.50] as it would cause deadlock
[08Aug2026 01:05:48.053] [Server thread/WARN] [ModernFix/]: Skipped emitting ENTITY_MOUNT game event for entity SeatEntity['Seat'/971490, l='ServerLevel[world]', x=-843.50, y=67.00, z=-2595.50] as it would cause deadlock
[08Aug2026 01:05:48.331] [Server thread/WARN] [ModernFix/]: Skipped emitting ENTITY_MOUNT game event for entity SeatEntity['Seat'/971592, l='ServerLevel[world]', x=-843.50, y=67.00, z=-2595.50] as it would cause deadlock
[08Aug2026 01:05:49.161] [Server thread/WARN] [ModernFix/]: Skipped emitting ENTITY_MOUNT game event for entity SeatEntity['Seat'/971677, l='ServerLevel[world]', x=-843.50, y=67.00, z=-2595.50] as it would cause deadlock
[08Aug2026 01:05:50.299] [Server thread/WARN] [ModernFix/]: Skipped emitting ENTITY_MOUNT game event for entity SeatEntity['Seat'/971956, l='ServerLevel[world]', x=-843.50, y=67.00, z=-2595.50] as it would cause deadlock
[08Aug2026 01:05:50.886] [Server thread/WARN] [ModernFix/]: Skipped emitting ENTITY_MOUNT game event for entity SeatEntity['Seat'/972059, l='ServerLevel[world]', x=-843.50, y=67.00, z=-2595.50] as it would cause deadlock
[08Aug2026 01:05:51.384] [Server thread/WARN] [ModernFix/]: Skipped emitting ENTITY_MOUNT game event for entity SeatEntity['Seat'/972209, l='ServerLevel[world]', x=-843.50, y=67.00, z=-2595.50] as it would cause deadlock
[08Aug2026 01:05:52.895] [Server thread/WARN] [ModernFix/]: Skipped emitting ENTITY_MOUNT game event for entity SeatEntity['Seat'/972536, l='ServerLevel[world]', x=-843.50, y=67.00, z=-2595.50] as it would cause deadlock
[08Aug2026 01:05:54.207] [Server thread/WARN] [ModernFix/]: Skipped emitting ENTITY_MOUNT game event for entity SeatEntity['Seat'/972830, l='ServerLevel[world]', x=-843.50, y=67.00, z=-2595.50] as it would cause deadlock
[08Aug2026 01:05:56.844] [Server thread/WARN] [ModernFix/]: Skipped emitting ENTITY_MOUNT game event for entity SeatEntity['Seat'/973460, l='ServerLevel[world]', x=-843.50, y=67.00, z=-2595.50] as it would cause deadlock
[08Aug2026 01:05:59.256] [Server thread/WARN] [ModernFix/]: Skipped emitting ENTITY_MOUNT game event for entity SeatEntity['Seat'/973937, l='ServerLevel[world]', x=-843.50, y=67.00, z=-2595.50] as it would cause deadlock
[08Aug2026 01:06:02.534] [Server thread/WARN] [ModernFix/]: Skipped emitting ENTITY_MOUNT game event for entity SeatEntity['Seat'/974519, l='ServerLevel[world]', x=-843.50, y=67.00, z=-2595.50] as it would cause deadlock
[08Aug2026 01:06:03.592] [Server thread/WARN] [ModernFix/]: Skipped emitting ENTITY_MOUNT game event for entity SeatEntity['Seat'/974751, l='ServerLevel[world]', x=-843.50, y=67.00, z=-2595.50] as it would cause deadlock
[08Aug2026 01:06:03.658] [Server thread/WARN] [net.minecraft.server.MinecraftServer/]: Can't keep up! Is the server overloaded? Running 2693ms or 53 ticks behind
[08Aug2026 01:06:04.207] [Server thread/WARN] [ModernFix/]: Skipped emitting ENTITY_MOUNT game event for entity SeatEntity['Seat'/974863, l='ServerLevel[world]', x=-843.50, y=67.00, z=-2595.50] as it would cause deadlock
[08Aug2026 01:06:04.559] [Server thread/WARN] [ModernFix/]: Skipped emitting ENTITY_MOUNT game event for entity SeatEntity['Seat'/974868, l='ServerLevel[world]', x=-843.50, y=67.00, z=-2595.50] as it would cause deadlock
[08Aug2026 01:06:05.018] [Server thread/WARN] [ModernFix/]: Skipped emitting ENTITY_MOUNT game event for entity SeatEntity['Seat'/974985, l='ServerLevel[world]', x=-843.50, y=67.00, z=-2595.50] as it would cause deadlock
[08Aug2026 01:06:05.469] [Server thread/WARN] [ModernFix/]: Skipped emitting ENTITY_MOUNT game event for entity SeatEntity['Seat'/975112, l='ServerLevel[world]', x=-843.50, y=67.00, z=-2595.50] as it would cause deadlock
[08Aug2026 01:06:06.962] [Server thread/WARN] [ModernFix/]: Skipped emitting ENTITY_MOUNT game event for entity SeatEntity['Seat'/975469, l='ServerLevel[world]', x=-843.50, y=67.00, z=-2595.50] as it would cause deadlock
[08Aug2026 01:06:07.398] [Server thread/WARN] [ModernFix/]: Skipped emitting ENTITY_MOUNT game event for entity SeatEntity['Seat'/975536, l='ServerLevel[world]', x=-843.50, y=67.00, z=-2595.50] as it would cause deadlock
[08Aug2026 01:06:10.103] [Server thread/WARN] [ModernFix/]: Skipped emitting ENTITY_MOUNT game event for entity SeatEntity['Seat'/976096, l='ServerLevel[world]', x=-843.50, y=67.00, z=-2595.50] as it would cause deadlock
[08Aug2026 01:06:11.543] [Server thread/WARN] [ModernFix/]: Skipped emitting ENTITY_MOUNT game event for entity SeatEntity['Seat'/976414, l='ServerLevel[world]', x=-843.50, y=67.00, z=-2595.50] as it would cause deadlock
[08Aug2026 01:06:13.108] [Server thread/WARN] [ModernFix/]: Skipped emitting ENTITY_MOUNT game event for entity SeatEntity['Seat'/976755, l='ServerLevel[world]', x=-843.50, y=67.00, z=-2595.50] as it would cause deadlock
[08Aug2026 01:06:15.140] [Server thread/WARN] [ModernFix/]: Skipped emitting ENTITY_MOUNT game event for entity SeatEntity['Seat'/977187, l='ServerLevel[world]', x=-843.50, y=67.00, z=-2595.50] as it would cause deadlock
[08Aug2026 01:06:16.173] [Server thread/WARN] [ModernFix/]: Skipped emitting ENTITY_MOUNT game event for entity SeatEntity['Seat'/977439, l='ServerLevel[world]', x=-843.50, y=67.00, z=-2595.50] as it would cause deadlock
[08Aug2026 01:06:18.884] [Server thread/WARN] [ModernFix/]: Skipped emitting ENTITY_MOUNT game event for entity SeatEntity['Seat'/977971, l='ServerLevel[world]', x=-843.50, y=67.00, z=-2595.50] as it would cause deadlock
[08Aug2026 01:06:20.990] [Server thread/WARN] [ModernFix/]: Skipped emitting ENTITY_MOUNT game event for entity SeatEntity['Seat'/978278, l='ServerLevel[world]', x=-843.50, y=67.00, z=-2595.50] as it would cause deadlock
[08Aug2026 01:06:21.364] [Server thread/WARN] [ModernFix/]: Skipped emitting ENTITY_MOUNT game event for entity SeatEntity['Seat'/978400, l='ServerLevel[world]', x=-843.50, y=67.00, z=-2595.50] as it would cause deadlock
[08Aug2026 01:06:21.582] [Server thread/WARN] [ModernFix/]: Skipped emitting ENTITY_MOUNT game event for entity SeatEntity['Seat'/978457, l='ServerLevel[world]', x=-843.50, y=67.00, z=-2595.50] as it would cause deadlock
[08Aug2026 01:06:22.161] [Server thread/WARN] [ModernFix/]: Skipped emitting ENTITY_MOUNT game event for entity SeatEntity['Seat'/978572, l='ServerLevel[world]', x=-843.50, y=67.00, z=-2595.50] as it would cause deadlock
[08Aug2026 01:06:22.365] [Server thread/WARN] [net.minecraft.server.MinecraftServer/]: Can't keep up! Is the server overloaded? Running 3750ms or 75 ticks behind
[08Aug2026 01:06:22.499] [Server thread/WARN] [ModernFix/]: Skipped emitting ENTITY_MOUNT game event for entity SeatEntity['Seat'/978606, l='ServerLevel[world]', x=-843.50, y=67.00, z=-2595.50] as it would cause deadlock
[08Aug2026 01:06:22.705] [Server thread/WARN] [ModernFix/]: Skipped emitting ENTITY_MOUNT game event for entity SeatEntity['Seat'/978677, l='ServerLevel[world]', x=-843.50, y=67.00, z=-2595.50] as it would cause deadlock
[08Aug2026 01:06:22.924] [Server thread/WARN] [ModernFix/]: Skipped emitting ENTITY_MOUNT game event for entity SeatEntity['Seat'/978727, l='ServerLevel[world]', x=-843.50, y=67.00, z=-2595.50] as it would cause deadlock
[08Aug2026 01:06:23.558] [Server thread/WARN] [ModernFix/]: Skipped emitting ENTITY_MOUNT game event for entity SeatEntity['Seat'/978818, l='ServerLevel[world]', x=-843.50, y=67.00, z=-2595.50] as it would cause deadlock
[08Aug2026 01:06:24.598] [Server thread/WARN] [ModernFix/]: Skipped emitting ENTITY_MOUNT game event for entity SeatEntity['Seat'/979041, l='ServerLevel[world]', x=-843.50, y=67.00, z=-2595.50] as it would cause deadlock
[08Aug2026 01:06:24.782] [Server thread/WARN] [ModernFix/]: Skipped emitting ENTITY_MOUNT game event for entity SeatEntity['Seat'/979097, l='ServerLevel[world]', x=-843.50, y=67.00, z=-2595.50] as it would cause deadlock
[08Aug2026 01:06:25.279] [Server thread/WARN] [ModernFix/]: Skipped emitting ENTITY_MOUNT game event for entity SeatEntity['Seat'/979179, l='ServerLevel[world]', x=-843.50, y=67.00, z=-2595.50] as it would cause deadlock
[08Aug2026 01:06:27.584] [Server thread/WARN] [ModernFix/]: Skipped emitting ENTITY_MOUNT game event for entity SeatEntity['Seat'/979589, l='ServerLevel[world]', x=-843.50, y=67.00, z=-2595.50] as it would cause deadlock
[08Aug2026 01:06:31.408] [Server thread/WARN] [ModernFix/]: Skipped emitting ENTITY_MOUNT game event for entity SeatEntity['Seat'/980202, l='ServerLevel[world]', x=-843.50, y=67.00, z=-2595.50] as it would cause deadlock
[08Aug2026 01:06:32.097] [Server thread/WARN] [ModernFix/]: Skipped emitting ENTITY_MOUNT game event for entity SeatEntity['Seat'/980255, l='ServerLevel[world]', x=-843.50, y=67.00, z=-2595.50] as it would cause deadlock
[08Aug2026 01:06:32.971] [Server thread/WARN] [ModernFix/]: Skipped emitting ENTITY_MOUNT game event for entity SeatEntity['Seat'/980335, l='ServerLevel[world]', x=-843.50, y=67.00, z=-2595.50] as it would cause deadlock
[08Aug2026 01:06:33.419] [Server thread/WARN] [ModernFix/]: Skipped emitting ENTITY_MOUNT game event for entity SeatEntity['Seat'/980391, l='ServerLevel[world]', x=-843.50, y=67.00, z=-2595.50] as it would cause deadlock
[08Aug2026 01:06:33.900] [Server thread/WARN] [ModernFix/]: Skipped emitting ENTITY_MOUNT game event for entity SeatEntity['Seat'/980403, l='ServerLevel[world]', x=-843.50, y=67.00, z=-2595.50] as it would cause deadlock
[08Aug2026 01:06:34.257] [Server thread/WARN] [ModernFix/]: Skipped emitting ENTITY_MOUNT game event for entity SeatEntity['Seat'/980450, l='ServerLevel[world]', x=-843.50, y=67.00, z=-2595.50] as it would cause deadlock
[08Aug2026 01:06:35.760] [Server thread/WARN] [ModernFix/]: Skipped emitting ENTITY_MOUNT game event for entity SeatEntity['Seat'/980573, l='ServerLevel[world]', x=-843.50, y=67.00, z=-2595.50] as it would cause deadlock
[08Aug2026 01:06:37.502] [Server thread/WARN] [ModernFix/]: Skipped emitting ENTITY_MOUNT game event for entity SeatEntity['Seat'/980674, l='ServerLevel[world]', x=-843.50, y=67.00, z=-2595.50] as it would cause deadlock
[08Aug2026 01:06:39.232] [Server thread/WARN] [ModernFix/]: Skipped emitting ENTITY_MOUNT game event for entity SeatEntity['Seat'/980794, l='ServerLevel[world]', x=-843.50, y=67.00, z=-2595.50] as it would cause deadlock
[08Aug2026 01:06:39.696] [Server thread/WARN] [ModernFix/]: Skipped emitting ENTITY_MOUNT game event for entity SeatEntity['Seat'/980818, l='ServerLevel[world]', x=-843.50, y=67.00, z=-2595.50] as it would cause deadlock
[08Aug2026 01:06:40.617] [Server thread/WARN] [ModernFix/]: Skipped emitting ENTITY_MOUNT game event for entity SeatEntity['Seat'/980908, l='ServerLevel[world]', x=-843.50, y=67.00, z=-2595.50] as it would cause deadlock
[08Aug2026 01:06:40.807] [Server thread/WARN] [ModernFix/]: Skipped emitting ENTITY_MOUNT game event for entity SeatEntity['Seat'/980928, l='ServerLevel[world]', x=-843.50, y=67.00, z=-2595.50] as it would cause deadlock
[08Aug2026 01:06:41.316] [Server thread/WARN] [ModernFix/]: Skipped emitting ENTITY_MOUNT game event for entity SeatEntity['Seat'/980997, l='ServerLevel[world]', x=-843.50, y=67.00, z=-2595.50] as it would cause deadlock
[08Aug2026 01:06:42.152] [Server thread/WARN] [net.minecraft.server.MinecraftServer/]: Can't keep up! Is the server overloaded? Running 4786ms or 95 ticks behind
[08Aug2026 01:06:42.464] [Server thread/WARN] [ModernFix/]: Skipped emitting ENTITY_MOUNT game event for entity SeatEntity['Seat'/981065, l='ServerLevel[world]', x=-843.50, y=67.00, z=-2595.50] as it would cause deadlock
[08Aug2026 01:06:42.678] [Server thread/WARN] [ModernFix/]: Skipped emitting ENTITY_MOUNT game event for entity SeatEntity['Seat'/981084, l='ServerLevel[world]', x=-843.50, y=67.00, z=-2595.50] as it would cause deadlock
[08Aug2026 01:06:42.882] [Server thread/WARN] [ModernFix/]: Skipped emitting ENTITY_MOUNT game event for entity SeatEntity['Seat'/981101, l='ServerLevel[world]', x=-843.50, y=67.00, z=-2595.50] as it would cause deadlock
[08Aug2026 01:06:43.270] [Server thread/WARN] [ModernFix/]: Skipped emitting ENTITY_MOUNT game event for entity SeatEntity['Seat'/981157, l='ServerLevel[world]', x=-843.50, y=67.00, z=-2595.50] as it would cause deadlock
[08Aug2026 01:06:44.389] [Server thread/WARN] [ModernFix/]: Skipped emitting ENTITY_MOUNT game event for entity SeatEntity['Seat'/981220, l='ServerLevel[world]', x=-843.50, y=67.00, z=-2595.50] as it would cause deadlock
[08Aug2026 01:06:47.293] [Server thread/WARN] [ModernFix/]: Skipped emitting ENTITY_MOUNT game event for entity SeatEntity['Seat'/981403, l='ServerLevel[world]', x=-843.50, y=67.00, z=-2595.50] as it would cause deadlock
[08Aug2026 01:06:48.067] [Server thread/WARN] [ModernFix/]: Skipped emitting ENTITY_MOUNT game event for entity SeatEntity['Seat'/981423, l='ServerLevel[world]', x=-843.50, y=67.00, z=-2595.50] as it would cause deadlock
[08Aug2026 01:06:54.196] [Server thread/WARN] [ModernFix/]: Skipped emitting ENTITY_MOUNT game event for entity SeatEntity['Seat'/981708, l='ServerLevel[world]', x=-843.50, y=67.00, z=-2595.50] as it would cause deadlock
[08Aug2026 01:06:56.661] [Server thread/WARN] [ModernFix/]: Skipped emitting ENTITY_MOUNT game event for entity SeatEntity['Seat'/981888, l='ServerLevel[world]', x=-784.50, y=73.00, z=-2624.50] as it would cause deadlock
[08Aug2026 01:06:56.662] [Server thread/WARN] [ModernFix/]: Skipped emitting ENTITY_MOUNT game event for entity SeatEntity['Seat'/981892, l='ServerLevel[world]', x=-782.50, y=73.00, z=-2624.50] as it would cause deadlock
[08Aug2026 01:06:56.662] [Server thread/WARN] [ModernFix/]: Skipped emitting ENTITY_MOUNT game event for entity SeatEntity['Seat'/981894, l='ServerLevel[world]', x=-780.50, y=73.00, z=-2624.50] as it would cause deadlock
[08Aug2026 01:06:58.219] [Server thread/WARN] [ModernFix/]: Skipped emitting ENTITY_MOUNT game event for entity SeatEntity['Seat'/981955, l='ServerLevel[world]', x=-784.50, y=73.00, z=-2624.50] as it would cause deadlock
[08Aug2026 01:06:58.220] [Server thread/WARN] [ModernFix/]: Skipped emitting ENTITY_MOUNT game event for entity SeatEntity['Seat'/981959, l='ServerLevel[world]', x=-782.50, y=73.00, z=-2624.50] as it would cause deadlock
[08Aug2026 01:06:58.221] [Server thread/WARN] [ModernFix/]: Skipped emitting ENTITY_MOUNT game event for entity SeatEntity['Seat'/981961, l='ServerLevel[world]', x=-780.50, y=73.00, z=-2624.50] as it would cause deadlock
[08Aug2026 01:07:00.861] [Server thread/WARN] [net.minecraft.server.MinecraftServer/]: Can't keep up! Is the server overloaded? Running 3746ms or 74 ticks behind
[08Aug2026 01:07:02.958] [Server thread/WARN] [ModernFix/]: Skipped emitting ENTITY_MOUNT game event for entity SeatEntity['Seat'/982235, l='ServerLevel[world]', x=-784.50, y=73.00, z=-2624.50] as it would cause deadlock
[08Aug2026 01:07:02.959] [Server thread/WARN] [ModernFix/]: Skipped emitting ENTITY_MOUNT game event for entity SeatEntity['Seat'/982239, l='ServerLevel[world]', x=-782.50, y=73.00, z=-2624.50] as it would cause deadlock
[08Aug2026 01:07:02.959] [Server thread/WARN] [ModernFix/]: Skipped emitting ENTITY_MOUNT game event for entity SeatEntity['Seat'/982241, l='ServerLevel[world]', x=-780.50, y=73.00, z=-2624.50] as it would cause deadlock
[08Aug2026 01:07:07.561] [Server thread/WARN] [ModernFix/]: Skipped emitting ENTITY_MOUNT game event for entity SeatEntity['Seat'/982397, l='ServerLevel[world]', x=-784.50, y=73.00, z=-2624.50] as it would cause deadlock
[08Aug2026 01:07:07.562] [Server thread/WARN] [ModernFix/]: Skipped emitting ENTITY_MOUNT game event for entity SeatEntity['Seat'/982401, l='ServerLevel[world]', x=-782.50, y=73.00, z=-2624.50] as it would cause deadlock
[08Aug2026 01:07:07.562] [Server thread/WARN] [ModernFix/]: Skipped emitting ENTITY_MOUNT game event for entity SeatEntity['Seat'/982403, l='ServerLevel[world]', x=-780.50, y=73.00, z=-2624.50] as it would cause deadlock
[08Aug2026 01:07:07.892] [Server thread/WARN] [ModernFix/]: Skipped emitting ENTITY_MOUNT game event for entity SeatEntity['Seat'/982418, l='ServerLevel[world]', x=-784.50, y=73.00, z=-2624.50] as it would cause deadlock
[08Aug2026 01:07:07.893] [Server thread/WARN] [ModernFix/]: Skipped emitting ENTITY_MOUNT game event for entity SeatEntity['Seat'/982422, l='ServerLevel[world]', x=-782.50, y=73.00, z=-2624.50] as it would cause deadlock
[08Aug2026 01:07:07.893] [Server thread/WARN] [ModernFix/]: Skipped emitting ENTITY_MOUNT game event for entity SeatEntity['Seat'/982424, l='ServerLevel[world]', x=-780.50, y=73.00, z=-2624.50] as it would cause deadlock
[08Aug2026 01:07:11.401] [Server thread/WARN] [ModernFix/]: Skipped emitting ENTITY_MOUNT game event for entity SeatEntity['Seat'/982524, l='ServerLevel[world]', x=-784.50, y=73.00, z=-2624.50] as it would cause deadlock
[08Aug2026 01:07:11.402] [Server thread/WARN] [ModernFix/]: Skipped emitting ENTITY_MOUNT game event for entity SeatEntity['Seat'/982528, l='ServerLevel[world]', x=-782.50, y=73.00, z=-2624.50] as it would cause deadlock
[08Aug2026 01:07:11.402] [Server thread/WARN] [ModernFix/]: Skipped emitting ENTITY_MOUNT game event for entity SeatEntity['Seat'/982530, l='ServerLevel[world]', x=-780.50, y=73.00, z=-2624.50] as it would cause deadlock
[08Aug2026 01:07:11.588] [Server thread/WARN] [ModernFix/]: Skipped emitting ENTITY_MOUNT game event for entity SeatEntity['Seat'/982544, l='ServerLevel[world]', x=-784.50, y=73.00, z=-2624.50] as it would cause deadlock
[08Aug2026 01:07:11.590] [Server thread/WARN] [ModernFix/]: Skipped emitting ENTITY_MOUNT game event for entity SeatEntity['Seat'/982548, l='ServerLevel[world]', x=-782.50, y=73.00, z=-2624.50] as it would cause deadlock
[08Aug2026 01:07:11.590] [Server thread/WARN] [ModernFix/]: Skipped emitting ENTITY_MOUNT game event for entity SeatEntity['Seat'/982550, l='ServerLevel[world]', x=-780.50, y=73.00, z=-2624.50] as it would cause deadlock
[08Aug2026 01:07:13.138] [Server thread/WARN] [ModernFix/]: Skipped emitting ENTITY_MOUNT game event for entity SeatEntity['Seat'/982583, l='ServerLevel[world]', x=-782.50, y=73.00, z=-2624.50] as it would cause deadlock
[08Aug2026 01:07:13.138] [Server thread/WARN] [ModernFix/]: Skipped emitting ENTITY_MOUNT game event for entity SeatEntity['Seat'/982585, l='ServerLevel[world]', x=-780.50, y=73.00, z=-2624.50] as it would cause deadlock
[08Aug2026 01:07:15.529] [Server thread/WARN] [ModernFix/]: Skipped emitting ENTITY_MOUNT game event for entity SeatEntity['Seat'/982636, l='ServerLevel[world]', x=-782.50, y=73.00, z=-2624.50] as it would cause deadlock
[08Aug2026 01:07:15.530] [Server thread/WARN] [ModernFix/]: Skipped emitting ENTITY_MOUNT game event for entity SeatEntity['Seat'/982638, l='ServerLevel[world]', x=-780.50, y=73.00, z=-2624.50] as it would cause deadlock
[08Aug2026 01:07:17.058] [Server thread/WARN] [ModernFix/]: Skipped emitting ENTITY_MOUNT game event for entity SeatEntity['Seat'/982675, l='ServerLevel[world]', x=-782.50, y=73.00, z=-2624.50] as it would cause deadlock
[08Aug2026 01:07:17.058] [Server thread/WARN] [ModernFix/]: Skipped emitting ENTITY_MOUNT game event for entity SeatEntity['Seat'/982677, l='ServerLevel[world]', x=-780.50, y=73.00, z=-2624.50] as it would cause deadlock
[08Aug2026 01:07:18.957] [Server thread/WARN] [ModernFix/]: Skipped emitting ENTITY_MOUNT game event for entity SeatEntity['Seat'/982710, l='ServerLevel[world]', x=-782.50, y=73.00, z=-2624.50] as it would cause deadlock
[08Aug2026 01:07:18.957] [Server thread/WARN] [ModernFix/]: Skipped emitting ENTITY_MOUNT game event for entity SeatEntity['Seat'/982712, l='ServerLevel[world]', x=-780.50, y=73.00, z=-2624.50] as it would cause deadlock
[08Aug2026 01:07:21.320] [Server thread/WARN] [net.minecraft.server.MinecraftServer/]: Can't keep up! Is the server overloaded? Running 5505ms or 110 ticks behind
[08Aug2026 01:07:21.421] [Server thread/WARN] [ModernFix/]: Skipped emitting ENTITY_MOUNT game event for entity SeatEntity['Seat'/982784, l='ServerLevel[world]', x=-782.50, y=73.00, z=-2624.50] as it would cause deadlock
[08Aug2026 01:07:21.421] [Server thread/WARN] [ModernFix/]: Skipped emitting ENTITY_MOUNT game event for entity SeatEntity['Seat'/982786, l='ServerLevel[world]', x=-780.50, y=73.00, z=-2624.50] as it would cause deadlock
[08Aug2026 01:07:22.691] [Server thread/WARN] [ModernFix/]: Skipped emitting ENTITY_MOUNT game event for entity SeatEntity['Seat'/982829, l='ServerLevel[world]', x=-782.50, y=73.00, z=-2624.50] as it would cause deadlock
[08Aug2026 01:07:22.692] [Server thread/WARN] [ModernFix/]: Skipped emitting ENTITY_MOUNT game event for entity SeatEntity['Seat'/982831, l='ServerLevel[world]', x=-780.50, y=73.00, z=-2624.50] as it would cause deadlock
[08Aug2026 01:07:23.740] [Server thread/WARN] [ModernFix/]: Skipped emitting ENTITY_MOUNT game event for entity SeatEntity['Seat'/982844, l='ServerLevel[world]', x=-782.50, y=73.00, z=-2624.50] as it would cause deadlock
[08Aug2026 01:07:23.740] [Server thread/WARN] [ModernFix/]: Skipped emitting ENTITY_MOUNT game event for entity SeatEntity['Seat'/982846, l='ServerLevel[world]', x=-780.50, y=73.00, z=-2624.50] as it would cause deadlock
[08Aug2026 01:07:26.350] [Server thread/WARN] [ModernFix/]: Skipped emitting ENTITY_MOUNT game event for entity SeatEntity['Seat'/982898, l='ServerLevel[world]', x=-782.50, y=73.00, z=-2624.50] as it would cause deadlock
[08Aug2026 01:07:26.351] [Server thread/WARN] [ModernFix/]: Skipped emitting ENTITY_MOUNT game event for entity SeatEntity['Seat'/982900, l='ServerLevel[world]', x=-780.50, y=73.00, z=-2624.50] as it would cause deadlock
[08Aug2026 01:07:26.769] [Server thread/WARN] [ModernFix/]: Skipped emitting ENTITY_MOUNT game event for entity SeatEntity['Seat'/982915, l='ServerLevel[world]', x=-782.50, y=73.00, z=-2624.50] as it would cause deadlock
[08Aug2026 01:07:26.769] [Server thread/WARN] [ModernFix/]: Skipped emitting ENTITY_MOUNT game event for entity SeatEntity['Seat'/982917, l='ServerLevel[world]', x=-780.50, y=73.00, z=-2624.50] as it would cause deadlock
[08Aug2026 01:07:28.134] [Server thread/WARN] [ModernFix/]: Skipped emitting ENTITY_MOUNT game event for entity SeatEntity['Seat'/982949, l='ServerLevel[world]', x=-782.50, y=73.00, z=-2624.50] as it would cause deadlock
[08Aug2026 01:07:28.135] [Server thread/WARN] [ModernFix/]: Skipped emitting ENTITY_MOUNT game event for entity SeatEntity['Seat'/982951, l='ServerLevel[world]', x=-780.50, y=73.00, z=-2624.50] as it would cause deadlock
[08Aug2026 01:07:28.332] [Server thread/WARN] [ModernFix/]: Skipped emitting ENTITY_MOUNT game event for entity SeatEntity['Seat'/982961, l='ServerLevel[world]', x=-782.50, y=73.00, z=-2624.50] as it would cause deadlock
[08Aug2026 01:07:28.333] [Server thread/WARN] [ModernFix/]: Skipped emitting ENTITY_MOUNT game event for entity SeatEntity['Seat'/982963, l='ServerLevel[world]', x=-780.50, y=73.00, z=-2624.50] as it would cause deadlock
[08Aug2026 01:07:29.771] [Server thread/WARN] [ModernFix/]: Skipped emitting ENTITY_MOUNT game event for entity SeatEntity['Seat'/982987, l='ServerLevel[world]', x=-782.50, y=73.00, z=-2624.50] as it would cause deadlock
[08Aug2026 01:07:29.772] [Server thread/WARN] [ModernFix/]: Skipped emitting ENTITY_MOUNT game event for entity SeatEntity['Seat'/982989, l='ServerLevel[world]', x=-780.50, y=73.00, z=-2624.50] as it would cause deadlock
[08Aug2026 01:07:44.173] [Server thread/WARN] [net.minecraft.server.MinecraftServer/]: Can't keep up! Is the server overloaded? Running 7857ms or 157 ticks behind
[08Aug2026 01:08:02.988] [Server thread/WARN] [net.minecraft.server.MinecraftServer/]: Can't keep up! Is the server overloaded? Running 3823ms or 76 ticks behind
[08Aug2026 01:08:21.149] [Server thread/WARN] [net.minecraft.server.MinecraftServer/]: Can't keep up! Is the server overloaded? Running 3183ms or 63 ticks behind
[08Aug2026 01:08:27.202] [Server thread/WARN] [ModernFix/]: Skipped emitting ENTITY_MOUNT game event for entity SeatEntity['Seat'/985752, l='ServerLevel[world]', x=-843.50, y=67.00, z=-2595.50] as it would cause deadlock
[08Aug2026 01:08:28.332] [Server thread/WARN] [ModernFix/]: Skipped emitting ENTITY_MOUNT game event for entity SeatEntity['Seat'/985856, l='ServerLevel[world]', x=-843.50, y=67.00, z=-2595.50] as it would cause deadlock
[08Aug2026 01:08:29.598] [Server thread/WARN] [ModernFix/]: Skipped emitting ENTITY_MOUNT game event for entity SeatEntity['Seat'/985931, l='ServerLevel[world]', x=-843.50, y=67.00, z=-2595.50] as it would cause deadlock
[08Aug2026 01:08:30.209] [Server thread/WARN] [ModernFix/]: Skipped emitting ENTITY_MOUNT game event for entity SeatEntity['Seat'/985972, l='ServerLevel[world]', x=-843.50, y=67.00, z=-2595.50] as it would cause deadlock
[08Aug2026 01:08:30.840] [Server thread/WARN] [ModernFix/]: Skipped emitting ENTITY_MOUNT game event for entity SeatEntity['Seat'/986023, l='ServerLevel[world]', x=-843.50, y=67.00, z=-2595.50] as it would cause deadlock
[08Aug2026 01:08:32.401] [Server thread/WARN] [ModernFix/]: Skipped emitting ENTITY_MOUNT game event for entity SeatEntity['Seat'/986137, l='ServerLevel[world]', x=-843.50, y=67.00, z=-2595.50] as it would cause deadlock
[08Aug2026 01:08:35.318] [Server thread/WARN] [ModernFix/]: Skipped emitting ENTITY_MOUNT game event for entity SeatEntity['Seat'/986324, l='ServerLevel[world]', x=-843.50, y=67.00, z=-2595.50] as it would cause deadlock
[08Aug2026 01:08:35.934] [Server thread/WARN] [ModernFix/]: Skipped emitting ENTITY_MOUNT game event for entity SeatEntity['Seat'/986366, l='ServerLevel[world]', x=-843.50, y=67.00, z=-2595.50] as it would cause deadlock
[08Aug2026 01:08:40.235] [Server thread/WARN] [ModernFix/]: Skipped emitting ENTITY_MOUNT game event for entity SeatEntity['Seat'/986675, l='ServerLevel[world]', x=-843.50, y=67.00, z=-2595.50] as it would cause deadlock
[08Aug2026 01:08:40.852] [Server thread/WARN] [net.minecraft.server.MinecraftServer/]: Can't keep up! Is the server overloaded? Running 4736ms or 94 ticks behind
[08Aug2026 01:08:42.715] [Server thread/WARN] [ModernFix/]: Skipped emitting ENTITY_MOUNT game event for entity SeatEntity['Seat'/986828, l='ServerLevel[world]', x=-843.50, y=67.00, z=-2595.50] as it would cause deadlock
[08Aug2026 01:08:46.061] [Server thread/WARN] [ModernFix/]: Skipped emitting ENTITY_MOUNT game event for entity SeatEntity['Seat'/987038, l='ServerLevel[world]', x=-843.50, y=67.00, z=-2595.50] as it would cause deadlock
[08Aug2026 01:08:46.424] [Server thread/WARN] [ModernFix/]: Skipped emitting ENTITY_MOUNT game event for entity SeatEntity['Seat'/987045, l='ServerLevel[world]', x=-843.50, y=67.00, z=-2595.50] as it would cause deadlock
[08Aug2026 01:08:46.959] [Server thread/WARN] [ModernFix/]: Skipped emitting ENTITY_MOUNT game event for entity SeatEntity['Seat'/987087, l='ServerLevel[world]', x=-843.50, y=67.00, z=-2595.50] as it would cause deadlock
[08Aug2026 01:08:47.992] [Server thread/WARN] [ModernFix/]: Skipped emitting ENTITY_MOUNT game event for entity SeatEntity['Seat'/987137, l='ServerLevel[world]', x=-843.50, y=67.00, z=-2595.50] as it would cause deadlock
[08Aug2026 01:08:50.370] [Server thread/WARN] [ModernFix/]: Skipped emitting ENTITY_MOUNT game event for entity SeatEntity['Seat'/987337, l='ServerLevel[world]', x=-843.50, y=67.00, z=-2595.50] as it would cause deadlock
[08Aug2026 01:08:52.503] [Server thread/WARN] [ModernFix/]: Skipped emitting ENTITY_MOUNT game event for entity SeatEntity['Seat'/987480, l='ServerLevel[world]', x=-843.50, y=67.00, z=-2595.50] as it would cause deadlock
[08Aug2026 01:08:54.293] [Server thread/WARN] [ModernFix/]: Skipped emitting ENTITY_MOUNT game event for entity SeatEntity['Seat'/987634, l='ServerLevel[world]', x=-843.50, y=67.00, z=-2595.50] as it would cause deadlock
[08Aug2026 01:08:55.068] [Server thread/WARN] [ModernFix/]: Skipped emitting ENTITY_MOUNT game event for entity SeatEntity['Seat'/987708, l='ServerLevel[world]', x=-843.50, y=67.00, z=-2595.50] as it would cause deadlock
[08Aug2026 01:09:00.675] [Server thread/WARN] [net.minecraft.server.MinecraftServer/]: Can't keep up! Is the server overloaded? Running 4859ms or 97 ticks behind
[08Aug2026 01:09:00.979] [Server thread/WARN] [ModernFix/]: Skipped emitting ENTITY_MOUNT game event for entity SeatEntity['Seat'/988138, l='ServerLevel[world]', x=-843.50, y=67.00, z=-2595.50] as it would cause deadlock
[08Aug2026 01:09:01.965] [Server thread/WARN] [ModernFix/]: Skipped emitting ENTITY_MOUNT game event for entity SeatEntity['Seat'/988200, l='ServerLevel[world]', x=-843.50, y=67.00, z=-2595.50] as it would cause deadlock
[08Aug2026 01:09:02.627] [Server thread/WARN] [ModernFix/]: Skipped emitting ENTITY_MOUNT game event for entity SeatEntity['Seat'/988245, l='ServerLevel[world]', x=-843.50, y=67.00, z=-2595.50] as it would cause deadlock
[08Aug2026 01:09:03.003] [Server thread/WARN] [ModernFix/]: Skipped emitting ENTITY_MOUNT game event for entity SeatEntity['Seat'/988277, l='ServerLevel[world]', x=-843.50, y=67.00, z=-2595.50] as it would cause deadlock
[08Aug2026 01:09:06.117] [Server thread/WARN] [ModernFix/]: Skipped emitting ENTITY_MOUNT game event for entity SeatEntity['Seat'/988486, l='ServerLevel[world]', x=-843.50, y=67.00, z=-2595.50] as it would cause deadlock
[08Aug2026 01:09:06.595] [Server thread/WARN] [ModernFix/]: Skipped emitting ENTITY_MOUNT game event for entity SeatEntity['Seat'/988527, l='ServerLevel[world]', x=-843.50, y=67.00, z=-2595.50] as it would cause deadlock
[08Aug2026 01:09:07.698] [Server thread/WARN] [ModernFix/]: Skipped emitting ENTITY_MOUNT game event for entity SeatEntity['Seat'/988615, l='ServerLevel[world]', x=-843.50, y=67.00, z=-2595.50] as it would cause deadlock
[08Aug2026 01:09:07.915] [Server thread/WARN] [ModernFix/]: Skipped emitting ENTITY_MOUNT game event for entity SeatEntity['Seat'/988619, l='ServerLevel[world]', x=-843.50, y=67.00, z=-2595.50] as it would cause deadlock
[08Aug2026 01:09:08.282] [Server thread/WARN] [ModernFix/]: Skipped emitting ENTITY_MOUNT game event for entity SeatEntity['Seat'/988660, l='ServerLevel[world]', x=-843.50, y=67.00, z=-2595.50] as it would cause deadlock
[08Aug2026 01:09:09.063] [Server thread/WARN] [ModernFix/]: Skipped emitting ENTITY_MOUNT game event for entity SeatEntity['Seat'/988741, l='ServerLevel[world]', x=-843.50, y=67.00, z=-2595.50] as it would cause deadlock
[08Aug2026 01:09:09.502] [Server thread/WARN] [ModernFix/]: Skipped emitting ENTITY_MOUNT game event for entity SeatEntity['Seat'/988770, l='ServerLevel[world]', x=-843.50, y=67.00, z=-2595.50] as it would cause deadlock
[08Aug2026 01:09:09.939] [Server thread/WARN] [ModernFix/]: Skipped emitting ENTITY_MOUNT game event for entity SeatEntity['Seat'/988806, l='ServerLevel[world]', x=-843.50, y=67.00, z=-2595.50] as it would cause deadlock
[08Aug2026 01:09:10.565] [Server thread/WARN] [ModernFix/]: Skipped emitting ENTITY_MOUNT game event for entity SeatEntity['Seat'/988879, l='ServerLevel[world]', x=-843.50, y=67.00, z=-2595.50] as it would cause deadlock
[08Aug2026 01:09:10.738] [Server thread/WARN] [ModernFix/]: Skipped emitting ENTITY_MOUNT game event for entity SeatEntity['Seat'/988886, l='ServerLevel[world]', x=-843.50, y=67.00, z=-2595.50] as it would cause deadlock
[08Aug2026 01:09:12.388] [Server thread/WARN] [ModernFix/]: Skipped emitting ENTITY_MOUNT game event for entity SeatEntity['Seat'/989041, l='ServerLevel[world]', x=-843.50, y=67.00, z=-2595.50] as it would cause deadlock
[08Aug2026 01:09:13.492] [Server thread/WARN] [ModernFix/]: Skipped emitting ENTITY_MOUNT game event for entity SeatEntity['Seat'/989126, l='ServerLevel[world]', x=-843.50, y=67.00, z=-2595.50] as it would cause deadlock
[08Aug2026 01:09:15.075] [Server thread/WARN] [ModernFix/]: Skipped emitting ENTITY_MOUNT game event for entity SeatEntity['Seat'/989271, l='ServerLevel[world]', x=-843.50, y=67.00, z=-2595.50] as it would cause deadlock
[08Aug2026 01:09:17.632] [Server thread/WARN] [ModernFix/]: Skipped emitting ENTITY_MOUNT game event for entity SeatEntity['Seat'/989525, l='ServerLevel[world]', x=-843.50, y=67.00, z=-2595.50] as it would cause deadlock
[08Aug2026 01:09:19.045] [Server thread/WARN] [ModernFix/]: Skipped emitting ENTITY_MOUNT game event for entity SeatEntity['Seat'/989664, l='ServerLevel[world]', x=-843.50, y=67.00, z=-2595.50] as it would cause deadlock
[08Aug2026 01:09:19.426] [Server thread/WARN] [ModernFix/]: Skipped emitting ENTITY_MOUNT game event for entity SeatEntity['Seat'/989695, l='ServerLevel[world]', x=-843.50, y=67.00, z=-2595.50] as it would cause deadlock
[08Aug2026 01:09:19.694] [Server thread/WARN] [ModernFix/]: Skipped emitting ENTITY_MOUNT game event for entity SeatEntity['Seat'/989729, l='ServerLevel[world]', x=-843.50, y=67.00, z=-2595.50] as it would cause deadlock
[08Aug2026 01:09:20.559] [Server thread/WARN] [ModernFix/]: Skipped emitting ENTITY_MOUNT game event for entity SeatEntity['Seat'/989773, l='ServerLevel[world]', x=-843.50, y=67.00, z=-2595.50] as it would cause deadlock
[08Aug2026 01:09:20.809] [Server thread/WARN] [ModernFix/]: Skipped emitting ENTITY_MOUNT game event for entity SeatEntity['Seat'/989795, l='ServerLevel[world]', x=-843.50, y=67.00, z=-2595.50] as it would cause deadlock
[08Aug2026 01:09:21.218] [Server thread/WARN] [ModernFix/]: Skipped emitting ENTITY_MOUNT game event for entity SeatEntity['Seat'/989841, l='ServerLevel[world]', x=-843.50, y=67.00, z=-2595.50] as it would cause deadlock
[08Aug2026 01:09:23.740] [Server thread/WARN] [ModernFix/]: Skipped emitting ENTITY_MOUNT game event for entity SeatEntity['Seat'/990029, l='ServerLevel[world]', x=-843.50, y=67.00, z=-2595.50] as it would cause deadlock
[08Aug2026 01:09:24.679] [Server thread/WARN] [ModernFix/]: Skipped emitting ENTITY_MOUNT game event for entity SeatEntity['Seat'/990093, l='ServerLevel[world]', x=-843.50, y=67.00, z=-2595.50] as it would cause deadlock
[08Aug2026 01:09:27.365] [Server thread/WARN] [ModernFix/]: Skipped emitting ENTITY_MOUNT game event for entity SeatEntity['Seat'/990272, l='ServerLevel[world]', x=-843.50, y=67.00, z=-2595.50] as it would cause deadlock
[08Aug2026 01:09:28.100] [Server thread/WARN] [ModernFix/]: Skipped emitting ENTITY_MOUNT game event for entity SeatEntity['Seat'/990347, l='ServerLevel[world]', x=-843.50, y=67.00, z=-2595.50] as it would cause deadlock
[08Aug2026 01:09:28.311] [Server thread/WARN] [ModernFix/]: Skipped emitting ENTITY_MOUNT game event for entity SeatEntity['Seat'/990378, l='ServerLevel[world]', x=-843.50, y=67.00, z=-2595.50] as it would cause deadlock
[08Aug2026 01:09:28.419] [Server thread/WARN] [net.minecraft.server.MinecraftServer/]: Can't keep up! Is the server overloaded? Running 2003ms or 40 ticks behind
[08Aug2026 01:09:29.207] [Server thread/WARN] [ModernFix/]: Skipped emitting ENTITY_MOUNT game event for entity SeatEntity['Seat'/990418, l='ServerLevel[world]', x=-843.50, y=67.00, z=-2595.50] as it would cause deadlock
[08Aug2026 01:09:29.858] [Server thread/WARN] [ModernFix/]: Skipped emitting ENTITY_MOUNT game event for entity SeatEntity['Seat'/990519, l='ServerLevel[world]', x=-843.50, y=67.00, z=-2595.50] as it would cause deadlock
[08Aug2026 01:09:30.760] [Server thread/WARN] [ModernFix/]: Skipped emitting ENTITY_MOUNT game event for entity SeatEntity['Seat'/990599, l='ServerLevel[world]', x=-843.50, y=67.00, z=-2595.50] as it would cause deadlock
[08Aug2026 01:09:31.093] [Server thread/WARN] [ModernFix/]: Skipped emitting ENTITY_MOUNT game event for entity SeatEntity['Seat'/990630, l='ServerLevel[world]', x=-843.50, y=67.00, z=-2595.50] as it would cause deadlock
[08Aug2026 01:09:31.430] [Server thread/WARN] [ModernFix/]: Skipped emitting ENTITY_MOUNT game event for entity SeatEntity['Seat'/990670, l='ServerLevel[world]', x=-843.50, y=67.00, z=-2595.50] as it would cause deadlock
[08Aug2026 01:09:32.379] [Server thread/WARN] [ModernFix/]: Skipped emitting ENTITY_MOUNT game event for entity SeatEntity['Seat'/990736, l='ServerLevel[world]', x=-843.50, y=67.00, z=-2595.50] as it would cause deadlock
[08Aug2026 01:09:35.212] [Server thread/WARN] [ModernFix/]: Skipped emitting ENTITY_MOUNT game event for entity SeatEntity['Seat'/990985, l='ServerLevel[world]', x=-843.50, y=67.00, z=-2595.50] as it would cause deadlock
[08Aug2026 01:09:35.893] [Server thread/WARN] [ModernFix/]: Skipped emitting ENTITY_MOUNT game event for entity SeatEntity['Seat'/991016, l='ServerLevel[world]', x=-843.50, y=67.00, z=-2595.50] as it would cause deadlock
[08Aug2026 01:09:36.808] [Server thread/WARN] [ModernFix/]: Skipped emitting ENTITY_MOUNT game event for entity SeatEntity['Seat'/991152, l='ServerLevel[world]', x=-843.50, y=67.00, z=-2595.50] as it would cause deadlock
[08Aug2026 01:09:37.763] [Server thread/WARN] [ModernFix/]: Skipped emitting ENTITY_MOUNT game event for entity SeatEntity['Seat'/991303, l='ServerLevel[world]', x=-843.50, y=67.00, z=-2595.50] as it would cause deadlock
[08Aug2026 01:09:39.564] [Server thread/WARN] [ModernFix/]: Skipped emitting ENTITY_MOUNT game event for entity SeatEntity['Seat'/991456, l='ServerLevel[world]', x=-843.50, y=67.00, z=-2595.50] as it would cause deadlock
[08Aug2026 01:09:39.960] [Server thread/WARN] [ModernFix/]: Skipped emitting ENTITY_MOUNT game event for entity SeatEntity['Seat'/991503, l='ServerLevel[world]', x=-843.50, y=67.00, z=-2595.50] as it would cause deadlock
[08Aug2026 01:09:41.472] [Server thread/WARN] [ModernFix/]: Skipped emitting ENTITY_MOUNT game event for entity SeatEntity['Seat'/991651, l='ServerLevel[world]', x=-843.50, y=67.00, z=-2595.50] as it would cause deadlock
[08Aug2026 01:09:42.462] [Server thread/WARN] [ModernFix/]: Skipped emitting ENTITY_MOUNT game event for entity SeatEntity['Seat'/991791, l='ServerLevel[world]', x=-843.50, y=67.00, z=-2595.50] as it would cause deadlock
[08Aug2026 01:09:42.998] [Server thread/WARN] [ModernFix/]: Skipped emitting ENTITY_MOUNT game event for entity SeatEntity['Seat'/991840, l='ServerLevel[world]', x=-843.50, y=67.00, z=-2595.50] as it would cause deadlock
[08Aug2026 01:09:43.195] [Server thread/WARN] [ModernFix/]: Skipped emitting ENTITY_MOUNT game event for entity SeatEntity['Seat'/991847, l='ServerLevel[world]', x=-843.50, y=67.00, z=-2595.50] as it would cause deadlock
[08Aug2026 01:09:43.622] [Server thread/WARN] [ModernFix/]: Skipped emitting ENTITY_MOUNT game event for entity SeatEntity['Seat'/991900, l='ServerLevel[world]', x=-843.50, y=67.00, z=-2595.50] as it would cause deadlock
[08Aug2026 01:09:44.511] [Server thread/WARN] [ModernFix/]: Skipped emitting ENTITY_MOUNT game event for entity SeatEntity['Seat'/991966, l='ServerLevel[world]', x=-843.50, y=67.00, z=-2595.50] as it would cause deadlock
[08Aug2026 01:09:44.702] [Server thread/WARN] [ModernFix/]: Skipped emitting ENTITY_MOUNT game event for entity SeatEntity['Seat'/991970, l='ServerLevel[world]', x=-843.50, y=67.00, z=-2595.50] as it would cause deadlock
[08Aug2026 01:09:45.600] [Server thread/WARN] [ModernFix/]: Skipped emitting ENTITY_MOUNT game event for entity SeatEntity['Seat'/992050, l='ServerLevel[world]', x=-843.50, y=67.00, z=-2595.50] as it would cause deadlock
[08Aug2026 01:09:45.802] [Server thread/WARN] [ModernFix/]: Skipped emitting ENTITY_MOUNT game event for entity SeatEntity['Seat'/992080, l='ServerLevel[world]', x=-843.50, y=67.00, z=-2595.50] as it would cause deadlock
[08Aug2026 01:09:46.034] [Server thread/WARN] [ModernFix/]: Skipped emitting ENTITY_MOUNT game event for entity SeatEntity['Seat'/992094, l='ServerLevel[world]', x=-843.50, y=67.00, z=-2595.50] as it would cause deadlock
[08Aug2026 01:09:46.464] [Server thread/WARN] [ModernFix/]: Skipped emitting ENTITY_MOUNT game event for entity SeatEntity['Seat'/992154, l='ServerLevel[world]', x=-843.50, y=67.00, z=-2595.50] as it would cause deadlock
[08Aug2026 01:09:46.659] [Server thread/WARN] [ModernFix/]: Skipped emitting ENTITY_MOUNT game event for entity SeatEntity['Seat'/992160, l='ServerLevel[world]', x=-843.50, y=67.00, z=-2595.50] as it would cause deadlock
[08Aug2026 01:09:47.138] [Server thread/WARN] [ModernFix/]: Skipped emitting ENTITY_MOUNT game event for entity SeatEntity['Seat'/992211, l='ServerLevel[world]', x=-843.50, y=67.00, z=-2595.50] as it would cause deadlock
[08Aug2026 01:09:47.971] [Server thread/WARN] [ModernFix/]: Skipped emitting ENTITY_MOUNT game event for entity SeatEntity['Seat'/992310, l='ServerLevel[world]', x=-843.50, y=67.00, z=-2595.50] as it would cause deadlock
[08Aug2026 01:09:50.471] [Server thread/WARN] [ModernFix/]: Skipped emitting ENTITY_MOUNT game event for entity SeatEntity['Seat'/992493, l='ServerLevel[world]', x=-843.50, y=67.00, z=-2595.50] as it would cause deadlock
[08Aug2026 01:09:51.254] [Server thread/WARN] [ModernFix/]: Skipped emitting ENTITY_MOUNT game event for entity SeatEntity['Seat'/992560, l='ServerLevel[world]', x=-843.50, y=67.00, z=-2595.50] as it would cause deadlock
[08Aug2026 01:09:51.501] [Server thread/WARN] [ModernFix/]: Skipped emitting ENTITY_MOUNT game event for entity SeatEntity['Seat'/992563, l='ServerLevel[world]', x=-843.50, y=67.00, z=-2595.50] as it would cause deadlock
[08Aug2026 01:09:51.726] [Server thread/WARN] [ModernFix/]: Skipped emitting ENTITY_MOUNT game event for entity SeatEntity['Seat'/992592, l='ServerLevel[world]', x=-843.50, y=67.00, z=-2595.50] as it would cause deadlock
[08Aug2026 01:09:52.576] [Server thread/WARN] [ModernFix/]: Skipped emitting ENTITY_MOUNT game event for entity SeatEntity['Seat'/992675, l='ServerLevel[world]', x=-843.50, y=67.00, z=-2595.50] as it would cause deadlock
[08Aug2026 01:09:53.040] [Server thread/WARN] [ModernFix/]: Skipped emitting ENTITY_MOUNT game event for entity SeatEntity['Seat'/992723, l='ServerLevel[world]', x=-843.50, y=67.00, z=-2595.50] as it would cause deadlock
[08Aug2026 01:09:53.663] [Server thread/WARN] [ModernFix/]: Skipped emitting ENTITY_MOUNT game event for entity SeatEntity['Seat'/992764, l='ServerLevel[world]', x=-843.50, y=67.00, z=-2595.50] as it would cause deadlock
[08Aug2026 01:09:53.859] [Server thread/WARN] [ModernFix/]: Skipped emitting ENTITY_MOUNT game event for entity SeatEntity['Seat'/992800, l='ServerLevel[world]', x=-843.50, y=67.00, z=-2595.50] as it would cause deadlock
[08Aug2026 01:09:55.773] [Server thread/WARN] [ModernFix/]: Skipped emitting ENTITY_MOUNT game event for entity SeatEntity['Seat'/992958, l='ServerLevel[world]', x=-843.50, y=67.00, z=-2595.50] as it would cause deadlock
[08Aug2026 01:09:56.359] [Server thread/WARN] [ModernFix/]: Skipped emitting ENTITY_MOUNT game event for entity SeatEntity['Seat'/993073, l='ServerLevel[world]', x=-843.50, y=67.00, z=-2595.50] as it would cause deadlock
[08Aug2026 01:09:56.555] [Server thread/WARN] [ModernFix/]: Skipped emitting ENTITY_MOUNT game event for entity SeatEntity['Seat'/993078, l='ServerLevel[world]', x=-843.50, y=67.00, z=-2595.50] as it would cause deadlock
[08Aug2026 01:09:56.757] [Server thread/WARN] [ModernFix/]: Skipped emitting ENTITY_MOUNT game event for entity SeatEntity['Seat'/993081, l='ServerLevel[world]', x=-843.50, y=67.00, z=-2595.50] as it would cause deadlock
[08Aug2026 01:09:57.382] [Server thread/WARN] [ModernFix/]: Skipped emitting ENTITY_MOUNT game event for entity SeatEntity['Seat'/993148, l='ServerLevel[world]', x=-843.50, y=67.00, z=-2595.50] as it would cause deadlock
[08Aug2026 01:09:57.605] [Server thread/WARN] [ModernFix/]: Skipped emitting ENTITY_MOUNT game event for entity SeatEntity['Seat'/993154, l='ServerLevel[world]', x=-843.50, y=67.00, z=-2595.50] as it would cause deadlock
[08Aug2026 01:09:58.606] [Server thread/WARN] [ModernFix/]: Skipped emitting ENTITY_MOUNT game event for entity SeatEntity['Seat'/993269, l='ServerLevel[world]', x=-843.50, y=67.00, z=-2595.50] as it would cause deadlock
[08Aug2026 01:09:58.812] [Server thread/WARN] [ModernFix/]: Skipped emitting ENTITY_MOUNT game event for entity SeatEntity['Seat'/993299, l='ServerLevel[world]', x=-843.50, y=67.00, z=-2595.50] as it would cause deadlock
[08Aug2026 01:09:59.420] [Server thread/WARN] [ModernFix/]: Skipped emitting ENTITY_MOUNT game event for entity SeatEntity['Seat'/993363, l='ServerLevel[world]', x=-843.50, y=67.00, z=-2595.50] as it would cause deadlock
[08Aug2026 01:10:01.316] [Server thread/WARN] [ModernFix/]: Skipped emitting ENTITY_MOUNT game event for entity SeatEntity['Seat'/993492, l='ServerLevel[world]', x=-843.50, y=67.00, z=-2595.50] as it would cause deadlock
[08Aug2026 01:10:02.081] [Server thread/WARN] [ModernFix/]: Skipped emitting ENTITY_MOUNT game event for entity SeatEntity['Seat'/993553, l='ServerLevel[world]', x=-843.50, y=67.00, z=-2595.50] as it would cause deadlock
[08Aug2026 01:10:02.334] [Server thread/WARN] [ModernFix/]: Skipped emitting ENTITY_MOUNT game event for entity SeatEntity['Seat'/993558, l='ServerLevel[world]', x=-843.50, y=67.00, z=-2595.50] as it would cause deadlock
[08Aug2026 01:10:04.063] [Server thread/WARN] [ModernFix/]: Skipped emitting ENTITY_MOUNT game event for entity SeatEntity['Seat'/993737, l='ServerLevel[world]', x=-843.50, y=67.00, z=-2595.50] as it would cause deadlock
[08Aug2026 01:10:04.797] [Server thread/WARN] [ModernFix/]: Skipped emitting ENTITY_MOUNT game event for entity SeatEntity['Seat'/993812, l='ServerLevel[world]', x=-843.50, y=67.00, z=-2595.50] as it would cause deadlock
[08Aug2026 01:10:07.160] [Server thread/WARN] [ModernFix/]: Skipped emitting ENTITY_MOUNT game event for entity SeatEntity['Seat'/993977, l='ServerLevel[world]', x=-843.50, y=67.00, z=-2595.50] as it would cause deadlock
[08Aug2026 01:10:08.550] [Server thread/WARN] [ModernFix/]: Skipped emitting ENTITY_MOUNT game event for entity SeatEntity['Seat'/994082, l='ServerLevel[world]', x=-843.50, y=67.00, z=-2595.50] as it would cause deadlock
[08Aug2026 01:10:08.791] [Server thread/WARN] [ModernFix/]: Skipped emitting ENTITY_MOUNT game event for entity SeatEntity['Seat'/994127, l='ServerLevel[world]', x=-843.50, y=67.00, z=-2595.50] as it would cause deadlock
[08Aug2026 01:10:09.264] [Server thread/WARN] [ModernFix/]: Skipped emitting ENTITY_MOUNT game event for entity SeatEntity['Seat'/994145, l='ServerLevel[world]', x=-843.50, y=67.00, z=-2595.50] as it would cause deadlock
[08Aug2026 01:10:10.425] [Server thread/WARN] [ModernFix/]: Skipped emitting ENTITY_MOUNT game event for entity SeatEntity['Seat'/994254, l='ServerLevel[world]', x=-843.50, y=67.00, z=-2595.50] as it would cause deadlock
[08Aug2026 01:10:11.912] [Server thread/WARN] [ModernFix/]: Skipped emitting ENTITY_MOUNT game event for entity SeatEntity['Seat'/994354, l='ServerLevel[world]', x=-843.50, y=67.00, z=-2595.50] as it would cause deadlock
[08Aug2026 01:10:12.510] [Server thread/WARN] [ModernFix/]: Skipped emitting ENTITY_MOUNT game event for entity SeatEntity['Seat'/994415, l='ServerLevel[world]', x=-843.50, y=67.00, z=-2595.50] as it would cause deadlock
[08Aug2026 01:10:12.945] [Server thread/WARN] [ModernFix/]: Skipped emitting ENTITY_MOUNT game event for entity SeatEntity['Seat'/994449, l='ServerLevel[world]', x=-843.50, y=67.00, z=-2595.50] as it would cause deadlock
[08Aug2026 01:10:13.302] [Server thread/WARN] [ModernFix/]: Skipped emitting ENTITY_MOUNT game event for entity SeatEntity['Seat'/994468, l='ServerLevel[world]', x=-843.50, y=67.00, z=-2595.50] as it would cause deadlock
[08Aug2026 01:10:13.598] [Server thread/WARN] [ModernFix/]: Skipped emitting ENTITY_MOUNT game event for entity SeatEntity['Seat'/994501, l='ServerLevel[world]', x=-843.50, y=67.00, z=-2595.50] as it would cause deadlock
[08Aug2026 01:10:14.039] [Server thread/WARN] [ModernFix/]: Skipped emitting ENTITY_MOUNT game event for entity SeatEntity['Seat'/994511, l='ServerLevel[world]', x=-843.50, y=67.00, z=-2595.50] as it would cause deadlock
[08Aug2026 01:10:14.041] [Server thread/WARN] [net.minecraft.server.MinecraftServer/]: Can't keep up! Is the server overloaded? Running 2025ms or 40 ticks behind
[08Aug2026 01:10:14.484] [Server thread/WARN] [ModernFix/]: Skipped emitting ENTITY_MOUNT game event for entity SeatEntity['Seat'/994557, l='ServerLevel[world]', x=-843.50, y=67.00, z=-2595.50] as it would cause deadlock
[08Aug2026 01:10:15.008] [Server thread/WARN] [ModernFix/]: Skipped emitting ENTITY_MOUNT game event for entity SeatEntity['Seat'/994613, l='ServerLevel[world]', x=-843.50, y=67.00, z=-2595.50] as it would cause deadlock
[08Aug2026 01:10:15.422] [Server thread/WARN] [ModernFix/]: Skipped emitting ENTITY_MOUNT game event for entity SeatEntity['Seat'/994621, l='ServerLevel[world]', x=-843.50, y=67.00, z=-2595.50] as it would cause deadlock
[08Aug2026 01:10:16.141] [Server thread/WARN] [ModernFix/]: Skipped emitting ENTITY_MOUNT game event for entity SeatEntity['Seat'/994686, l='ServerLevel[world]', x=-843.50, y=67.00, z=-2595.50] as it would cause deadlock
[08Aug2026 01:10:17.512] [Server thread/WARN] [ModernFix/]: Skipped emitting ENTITY_MOUNT game event for entity SeatEntity['Seat'/994836, l='ServerLevel[world]', x=-843.50, y=67.00, z=-2595.50] as it would cause deadlock
[08Aug2026 01:10:18.026] [Server thread/WARN] [ModernFix/]: Skipped emitting ENTITY_MOUNT game event for entity SeatEntity['Seat'/994884, l='ServerLevel[world]', x=-843.50, y=67.00, z=-2595.50] as it would cause deadlock
[08Aug2026 01:10:19.127] [Server thread/WARN] [ModernFix/]: Skipped emitting ENTITY_MOUNT game event for entity SeatEntity['Seat'/994941, l='ServerLevel[world]', x=-843.50, y=67.00, z=-2595.50] as it would cause deadlock
[08Aug2026 01:10:19.876] [Server thread/WARN] [ModernFix/]: Skipped emitting ENTITY_MOUNT game event for entity SeatEntity['Seat'/994983, l='ServerLevel[world]', x=-843.50, y=67.00, z=-2595.50] as it would cause deadlock
[08Aug2026 01:10:20.723] [Server thread/WARN] [ModernFix/]: Skipped emitting ENTITY_MOUNT game event for entity SeatEntity['Seat'/995055, l='ServerLevel[world]', x=-843.50, y=67.00, z=-2595.50] as it would cause deadlock
[08Aug2026 01:10:21.157] [Server thread/WARN] [ModernFix/]: Skipped emitting ENTITY_MOUNT game event for entity SeatEntity['Seat'/995059, l='ServerLevel[world]', x=-843.50, y=67.00, z=-2595.50] as it would cause deadlock
[08Aug2026 01:10:21.925] [Server thread/WARN] [ModernFix/]: Skipped emitting ENTITY_MOUNT game event for entity SeatEntity['Seat'/995110, l='ServerLevel[world]', x=-843.50, y=67.00, z=-2595.50] as it would cause deadlock
[08Aug2026 01:10:22.847] [Server thread/WARN] [ModernFix/]: Skipped emitting ENTITY_MOUNT game event for entity SeatEntity['Seat'/995158, l='ServerLevel[world]', x=-843.50, y=67.00, z=-2595.50] as it would cause deadlock
[08Aug2026 01:10:23.114] [Server thread/WARN] [ModernFix/]: Skipped emitting ENTITY_MOUNT game event for entity SeatEntity['Seat'/995163, l='ServerLevel[world]', x=-843.50, y=67.00, z=-2595.50] as it would cause deadlock
[08Aug2026 01:10:23.532] [Server thread/WARN] [ModernFix/]: Skipped emitting ENTITY_MOUNT game event for entity SeatEntity['Seat'/995193, l='ServerLevel[world]', x=-843.50, y=67.00, z=-2595.50] as it would cause deadlock
[08Aug2026 01:10:26.395] [Server thread/WARN] [ModernFix/]: Skipped emitting ENTITY_MOUNT game event for entity SeatEntity['Seat'/995328, l='ServerLevel[world]', x=-843.50, y=67.00, z=-2595.50] as it would cause deadlock
[08Aug2026 01:10:27.679] [Server thread/WARN] [ModernFix/]: Skipped emitting ENTITY_MOUNT game event for entity SeatEntity['Seat'/995437, l='ServerLevel[world]', x=-843.50, y=67.00, z=-2595.50] as it would cause deadlock
[08Aug2026 01:10:31.829] [Server thread/WARN] [ModernFix/]: Skipped emitting ENTITY_MOUNT game event for entity SeatEntity['Seat'/995720, l='ServerLevel[world]', x=-843.50, y=67.00, z=-2595.50] as it would cause deadlock
[08Aug2026 01:10:33.036] [Server thread/WARN] [net.minecraft.server.MinecraftServer/]: Can't keep up! Is the server overloaded? Running 4020ms or 80 ticks behind
[08Aug2026 01:10:33.250] [Server thread/WARN] [ModernFix/]: Skipped emitting ENTITY_MOUNT game event for entity SeatEntity['Seat'/995780, l='ServerLevel[world]', x=-843.50, y=67.00, z=-2595.50] as it would cause deadlock
[08Aug2026 01:10:36.991] [Server thread/WARN] [ModernFix/]: Skipped emitting ENTITY_MOUNT game event for entity SeatEntity['Seat'/996120, l='ServerLevel[world]', x=-843.50, y=67.00, z=-2595.50] as it would cause deadlock
[08Aug2026 01:10:38.487] [Server thread/WARN] [ModernFix/]: Skipped emitting ENTITY_MOUNT game event for entity SeatEntity['Seat'/996279, l='ServerLevel[world]', x=-843.50, y=67.00, z=-2595.50] as it would cause deadlock
[08Aug2026 01:10:39.350] [Server thread/WARN] [ModernFix/]: Skipped emitting ENTITY_MOUNT game event for entity SeatEntity['Seat'/996314, l='ServerLevel[world]', x=-843.50, y=67.00, z=-2595.50] as it would cause deadlock
[08Aug2026 01:10:39.960] [Server thread/INFO] [net.minecraft.server.MinecraftServer/]: xClas06 has made the advancement [Tavern Village]
[08Aug2026 01:10:40.393] [Server thread/WARN] [ModernFix/]: Skipped emitting ENTITY_MOUNT game event for entity SeatEntity['Seat'/996402, l='ServerLevel[world]', x=-843.50, y=67.00, z=-2595.50] as it would cause deadlock
[08Aug2026 01:10:40.942] [Server thread/WARN] [ModernFix/]: Skipped emitting ENTITY_MOUNT game event for entity SeatEntity['Seat'/996479, l='ServerLevel[world]', x=-843.50, y=67.00, z=-2595.50] as it would cause deadlock
[08Aug2026 01:10:42.253] [Server thread/WARN] [ModernFix/]: Skipped emitting ENTITY_MOUNT game event for entity SeatEntity['Seat'/996552, l='ServerLevel[world]', x=-843.50, y=67.00, z=-2595.50] as it would cause deadlock
[08Aug2026 01:10:42.635] [Server thread/WARN] [ModernFix/]: Skipped emitting ENTITY_MOUNT game event for entity SeatEntity['Seat'/996562, l='ServerLevel[world]', x=-843.50, y=67.00, z=-2595.50] as it would cause deadlock
[08Aug2026 01:10:45.704] [Server thread/WARN] [ModernFix/]: Skipped emitting ENTITY_MOUNT game event for entity SeatEntity['Seat'/996852, l='ServerLevel[world]', x=-843.50, y=67.00, z=-2595.50] as it would cause deadlock
[08Aug2026 01:10:47.821] [Server thread/WARN] [ModernFix/]: Skipped emitting ENTITY_MOUNT game event for entity SeatEntity['Seat'/996984, l='ServerLevel[world]', x=-843.50, y=67.00, z=-2595.50] as it would cause deadlock
[08Aug2026 01:10:49.599] [Server thread/WARN] [ModernFix/]: Skipped emitting ENTITY_MOUNT game event for entity SeatEntity['Seat'/997135, l='ServerLevel[world]', x=-843.50, y=67.00, z=-2595.50] as it would cause deadlock
[08Aug2026 01:10:50.711] [Server thread/WARN] [ModernFix/]: Skipped emitting ENTITY_MOUNT game event for entity SeatEntity['Seat'/997198, l='ServerLevel[world]', x=-843.50, y=67.00, z=-2595.50] as it would cause deadlock
[08Aug2026 01:10:52.150] [Server thread/WARN] [ModernFix/]: Skipped emitting ENTITY_MOUNT game event for entity SeatEntity['Seat'/997307, l='ServerLevel[world]', x=-843.50, y=67.00, z=-2595.50] as it would cause deadlock
[08Aug2026 01:10:52.217] [Server thread/WARN] [net.minecraft.server.MinecraftServer/]: Can't keep up! Is the server overloaded? Running 4201ms or 84 ticks behind
[08Aug2026 01:10:52.904] [Server thread/WARN] [ModernFix/]: Skipped emitting ENTITY_MOUNT game event for entity SeatEntity['Seat'/997370, l='ServerLevel[world]', x=-843.50, y=67.00, z=-2595.50] as it would cause deadlock
[08Aug2026 01:10:54.513] [Server thread/WARN] [ModernFix/]: Skipped emitting ENTITY_MOUNT game event for entity SeatEntity['Seat'/997479, l='ServerLevel[world]', x=-843.50, y=67.00, z=-2595.50] as it would cause deadlock
[08Aug2026 01:10:55.110] [Server thread/WARN] [ModernFix/]: Skipped emitting ENTITY_MOUNT game event for entity SeatEntity['Seat'/997505, l='ServerLevel[world]', x=-843.50, y=67.00, z=-2595.50] as it would cause deadlock
[08Aug2026 01:10:55.407] [Server thread/WARN] [ModernFix/]: Skipped emitting ENTITY_MOUNT game event for entity SeatEntity['Seat'/997514, l='ServerLevel[world]', x=-843.50, y=67.00, z=-2595.50] as it would cause deadlock
[08Aug2026 01:10:55.978] [Server thread/WARN] [ModernFix/]: Skipped emitting ENTITY_MOUNT game event for entity SeatEntity['Seat'/997571, l='ServerLevel[world]', x=-843.50, y=67.00, z=-2595.50] as it would cause deadlock
[08Aug2026 01:10:57.329] [Server thread/WARN] [ModernFix/]: Skipped emitting ENTITY_MOUNT game event for entity SeatEntity['Seat'/997658, l='ServerLevel[world]', x=-843.50, y=67.00, z=-2595.50] as it would cause deadlock
[08Aug2026 01:10:58.977] [Server thread/WARN] [ModernFix/]: Skipped emitting ENTITY_MOUNT game event for entity SeatEntity['Seat'/997808, l='ServerLevel[world]', x=-843.50, y=67.00, z=-2595.50] as it would cause deadlock
[08Aug2026 01:11:01.899] [Server thread/WARN] [ModernFix/]: Skipped emitting ENTITY_MOUNT game event for entity SeatEntity['Seat'/998001, l='ServerLevel[world]', x=-843.50, y=67.00, z=-2595.50] as it would cause deadlock
[08Aug2026 01:11:03.421] [Server thread/WARN] [ModernFix/]: Skipped emitting ENTITY_MOUNT game event for entity SeatEntity['Seat'/998089, l='ServerLevel[world]', x=-843.50, y=67.00, z=-2595.50] as it would cause deadlock
[08Aug2026 01:11:06.027] [Server thread/WARN] [ModernFix/]: Skipped emitting ENTITY_MOUNT game event for entity SeatEntity['Seat'/998263, l='ServerLevel[world]', x=-843.50, y=67.00, z=-2595.50] as it would cause deadlock
[08Aug2026 01:11:07.101] [Server thread/WARN] [ModernFix/]: Skipped emitting ENTITY_MOUNT game event for entity SeatEntity['Seat'/998323, l='ServerLevel[world]', x=-843.50, y=67.00, z=-2595.50] as it would cause deadlock
[08Aug2026 01:11:08.241] [Server thread/WARN] [ModernFix/]: Skipped emitting ENTITY_MOUNT game event for entity SeatEntity['Seat'/998408, l='ServerLevel[world]', x=-843.50, y=67.00, z=-2595.50] as it would cause deadlock
[08Aug2026 01:11:08.677] [Server thread/WARN] [ModernFix/]: Skipped emitting ENTITY_MOUNT game event for entity SeatEntity['Seat'/998440, l='ServerLevel[world]', x=-843.50, y=67.00, z=-2595.50] as it would cause deadlock
[08Aug2026 01:11:11.544] [Server thread/WARN] [net.minecraft.server.MinecraftServer/]: Can't keep up! Is the server overloaded? Running 4329ms or 86 ticks behind
[08Aug2026 01:11:31.780] [Server thread/WARN] [net.minecraft.server.MinecraftServer/]: Can't keep up! Is the server overloaded? Running 5264ms or 105 ticks behind
[08Aug2026 01:11:51.347] [Server thread/WARN] [net.minecraft.server.MinecraftServer/]: Can't keep up! Is the server overloaded? Running 4582ms or 91 ticks behind
[08Aug2026 01:12:06.995] [Server thread/WARN] [net.minecraft.world.level.entity.PersistentEntitySectionManager/]: UUID of added entity already exists: Zombie['Zombie'/1000607, l='ServerLevel[world]', x=-825.50, y=64.00, z=-2335.50]
[08Aug2026 01:12:09.756] [Server thread/WARN] [net.minecraft.server.MinecraftServer/]: Can't keep up! Is the server overloaded? Running 3441ms or 68 ticks behind
[08Aug2026 01:12:28.981] [Server thread/WARN] [net.minecraft.server.MinecraftServer/]: Can't keep up! Is the server overloaded? Running 4265ms or 85 ticks behind
[08Aug2026 01:12:46.293] [Server thread/WARN] [net.minecraft.server.MinecraftServer/]: Can't keep up! Is the server overloaded? Running 2328ms or 46 ticks behind
[08Aug2026 01:13:04.372] [Server thread/WARN] [net.minecraft.server.MinecraftServer/]: Can't keep up! Is the server overloaded? Running 3106ms or 62 ticks behind
[08Aug2026 01:13:18.541] [Server thread/INFO] [AllTheLeaks/]: Listing events...
[08Aug2026 01:13:18.542] [Server thread/INFO] [AllTheLeaks/]: Server Player Clone: 15
[08Aug2026 01:13:18.542] [Server thread/INFO] [AllTheLeaks/]:   Invalid Cloned Players: 15
[08Aug2026 01:13:18.542] [Server thread/INFO] [AllTheLeaks/]: Server Player Logout: 10
[08Aug2026 01:13:18.542] [Server thread/INFO] [AllTheLeaks/]: Listing memory leaks so far...
[08Aug2026 01:13:18.542] [Server thread/INFO] [AllTheLeaks/]: B: 1815MB / C: 2717MB / Diff: +902MB
[08Aug2026 01:13:18.542] [Server thread/INFO] [AllTheLeaks/]: Memory Leaks detected: (/atl force_refresh to update)
[08Aug2026 01:13:18.542] [Server thread/INFO] [AllTheLeaks/]: | Player:
[08Aug2026 01:13:18.542] [Server thread/INFO] [AllTheLeaks/]: |- ServerPlayer (minecraft): 22
[08Aug2026 01:13:18.542] [Server thread/INFO] [AllTheLeaks/]: | ChunkAccess:
[08Aug2026 01:13:18.542] [Server thread/INFO] [AllTheLeaks/]: |- LevelChunk (minecraft): 136
[08Aug2026 01:13:23.306] [Server thread/WARN] [net.minecraft.server.MinecraftServer/]: Can't keep up! Is the server overloaded? Running 3941ms or 78 ticks behind
[08Aug2026 01:13:43.389] [Server thread/WARN] [net.minecraft.server.MinecraftServer/]: Can't keep up! Is the server overloaded? Running 5124ms or 102 ticks behind
[08Aug2026 01:14:02.600] [Server thread/WARN] [net.minecraft.server.MinecraftServer/]: Can't keep up! Is the server overloaded? Running 4235ms or 84 ticks behind
[08Aug2026 01:14:22.138] [Server thread/WARN] [net.minecraft.server.MinecraftServer/]: Can't keep up! Is the server overloaded? Running 4572ms or 91 ticks behind
[08Aug2026 01:14:43.287] [Server thread/WARN] [net.minecraft.server.MinecraftServer/]: Can't keep up! Is the server overloaded? Running 6172ms or 123 ticks behind
[08Aug2026 01:15:04.662] [Server thread/WARN] [net.minecraft.server.MinecraftServer/]: Can't keep up! Is the server overloaded? Running 6396ms or 127 ticks behind
[08Aug2026 01:15:25.209] [Server thread/WARN] [net.minecraft.server.MinecraftServer/]: Can't keep up! Is the server overloaded? Running 5594ms or 111 ticks behind
[08Aug2026 01:15:33.458] [Server thread/INFO] [net.minecraft.world.entity.npc.Villager/]: Villager Villager['Edythe'/1007364, l='ServerLevel[world]', x=-807.75, y=70.00, z=-2627.50] died, message: 'Edythe was annihilated by Pillager'
[08Aug2026 01:15:33.458] [Server thread/INFO] [net.minecraft.world.entity.LivingEntity/]: Named entity Villager['Edythe'/1007364, l='ServerLevel[world]', x=-807.75, y=70.00, z=-2627.50] died: Edythe was executed by Pillager
[08Aug2026 01:15:46.149] [Server thread/WARN] [net.minecraft.server.MinecraftServer/]: Can't keep up! Is the server overloaded? Running 5984ms or 119 ticks behind
[08Aug2026 01:16:06.555] [Server thread/WARN] [net.minecraft.server.MinecraftServer/]: Can't keep up! Is the server overloaded? Running 5440ms or 108 ticks behind
[08Aug2026 01:16:26.986] [Server thread/WARN] [net.minecraft.server.MinecraftServer/]: Can't keep up! Is the server overloaded? Running 5471ms or 109 ticks behind
[08Aug2026 01:16:48.055] [Server thread/WARN] [net.minecraft.server.MinecraftServer/]: Can't keep up! Is the server overloaded? Running 6090ms or 121 ticks behind
[08Aug2026 01:17:09.174] [Server thread/WARN] [net.minecraft.server.MinecraftServer/]: Can't keep up! Is the server overloaded? Running 6159ms or 123 ticks behind
[08Aug2026 01:17:29.572] [Server thread/WARN] [net.minecraft.server.MinecraftServer/]: Can't keep up! Is the server overloaded? Running 5407ms or 108 ticks behind
[08Aug2026 01:17:49.298] [Server thread/WARN] [net.minecraft.server.MinecraftServer/]: Can't keep up! Is the server overloaded? Running 4732ms or 94 ticks behind
